185259483,796,99,6,6,29,22,19,17
307990280,316,100,3,6,21,25,24,21
387178621,118,5,0,1,1,2,1,0
300560295,356,0,0,0,0,0,0,0
318185328,837,88,9,9,19,21,11,19
363326796,159,2,0,0,0,0,1,1
73764693,651,0,0,0,0,0,0,0
31273263,328,2,0,0,1,1,0,0
279955276,326,30,5,1,1,6,5,12
144167463,778,191,9,14,39,43,37,49
364325969,380,50,2,4,8,11,13,12
302038263,285,23,4,3,6,3,4,3
176983267,362,90,4,6,24,22,13,21
308751185,377,77,1,6,18,22,18,12
341550561,118,41,0,4,9,12,11,5
140757590,268,17,1,0,2,4,6,4
140084919,174,39,2,1,6,12,9,9
177118376,342,73,6,9,10,18,17,13
388179896,251,21,1,1,4,5,2,8
177308817,225,0,0,0,0,0,0,0
142013583,258,41,3,2,6,13,8,9
31415131,283,19,1,3,5,6,2,2
146530594,618,5,0,0,0,2,1,2
167719897,326,63,5,6,18,13,11,10
391906858,834,250,11,19,51,65,52,52
349911034,318,0,0,0,0,0,0,0
349642881,463,33,1,1,10,11,7,3
150101472,393,27,1,1,3,9,8,5
22221233,813,97,8,7,20,24,27,11
93997745,176,49,4,5,14,12,7,7
177258700,244,26,0,1,6,4,7,8
189639080,747,4,0,1,0,1,1,1
382069441,427,37,1,4,9,10,7,6
349518145,442,8,0,0,2,1,1,4
289801742,816,91,2,8,16,23,25,17
106309554,645,101,9,14,25,18,15,20
468997317,327,20,0,3,6,7,3,1
167005326,280,0,0,0,0,0,0,0
321312438,422,41,1,3,10,6,8,13
450276745,469,43,2,4,11,14,5,7
135244338,649,177,6,22,43,43,32,31
181226974,644,39,1,2,7,10,11,8
5981829,779,89,2,7,22,25,21,12
293081694,714,28,4,1,5,4,8,6
457427613,427,0,0,0,0,0,0,0
167722431,411,75,3,3,15,18,19,17
167692491,353,111,8,4,17,31,25,26
294206967,462,32,1,2,2,7,10,10
228760807,713,82,8,10,18,14,19,13
295885511,85,5,1,0,1,1,1,1
38586438,365,22,3,1,6,5,3,4
398850090,91,1,0,0,0,1,0,0
73177813,646,38,0,2,8,8,11,9
30313682,294,21,1,1,4,5,3,7
308085294,314,0,0,0,0,0,0,0
300293197,330,0,0,0,0,0,0,0
364302118,403,23,3,1,3,2,7,7
272357134,48,0,0,0,0,0,0,0
318986273,412,42,1,7,13,12,8,1
261677352,139,33,0,3,6,11,5,8
355151781,385,98,5,9,19,26,20,19
276935987,307,53,1,4,14,15,10,9
349480507,359,15,0,0,1,2,4,8
72121778,597,20,0,3,3,5,4,5
390549095,415,65,2,6,20,19,12,6
300443831,276,41,6,4,8,10,6,7
167338355,271,40,1,4,11,9,8,7
294784522,272,50,1,4,11,17,7,10
347752831,830,0,0,0,0,0,0,0
149473467,428,46,5,4,14,8,6,9
278822321,469,88,5,7,17,21,23,15
421191260,735,0,0,0,0,0,0,0
229889119,798,82,4,6,19,22,12,19
434515577,798,159,6,20,40,34,34,25
149976187,358,41,1,5,9,12,7,7
33715938,192,0,0,0,0,0,0,0
294092960,478,23,0,4,3,5,7,4
149629043,349,19,1,3,6,4,3,2
93000166,544,31,3,3,5,8,7,5
167891342,417,39,3,2,5,7,10,12
451960523,435,29,1,2,10,10,5,1
107012110,630,0,0,0,0,0,0,0
135050395,672,10,0,2,1,0,4,3
167123437,351,22,3,1,3,5,4,6
23555025,723,0,0,0,0,0,0,0
320228013,395,0,0,0,0,0,0,0
458859193,413,55,4,7,16,13,6,9
391643922,423,5,0,0,1,1,1,2
151826930,655,29,0,1,7,5,4,12
141606986,256,15,1,1,3,6,3,1
260161144,454,20,0,2,3,6,3,6
355152640,358,5,0,0,1,1,0,3
22390773,592,6,0,1,3,1,1,0
279569718,442,18,1,1,1,5,5,5
454013359,683,18,3,2,3,2,3,5
176937887,853,64,1,3,11,15,19,15
349832824,329,30,4,5,8,4,4,5
294261093,302,31,0,1,10,11,4,5
391927558,69,10,0,2,2,2,2,2
350518984,499,5,0,0,4,1,0,0
293109489,774,99,4,8,16,21,23,27
350478924,450,48,5,1,13,14,8,7
423530755,798,19,0,5,7,4,1,2
294273900,433,50,4,2,9,11,11,13
309659126,409,52,3,1,15,12,9,12
157175641,710,89,10,5,23,25,17,9
302043038,190,4,0,0,2,2,0,0
320855910,348,19,0,5,6,3,3,2
405387285,151,0,0,0,0,0,0,0
278988794,450,16,2,2,2,3,2,5
378885645,353,40,3,3,6,7,12,9
103777040,720,161,7,14,34,31,35,40
150361911,345,24,2,3,7,4,2,6
280738935,482,77,4,7,20,23,11,12
294092966,474,16,1,2,3,3,4,3
466323338,404,2,0,0,0,0,0,2
372909935,361,11,0,1,1,3,4,2
382266319,431,45,1,4,6,12,3,19
38462522,334,0,0,0,0,0,0,0
408512382,766,33,0,2,3,10,10,8
231093356,272,16,1,1,1,2,7,4
132298139,531,0,0,0,0,0,0,0
380127556,195,33,1,4,7,7,7,7
32000625,263,25,2,4,3,2,5,9
162305237,639,185,11,16,42,46,35,35
345899523,763,96,3,4,15,23,20,31
165456443,645,28,1,2,8,5,6,6
278861826,485,32,2,3,8,3,6,10
229811538,798,0,0,0,0,0,0,0
458808688,499,0,0,0,0,0,0,0
392113518,247,13,1,0,4,5,1,2
467062613,471,30,1,3,6,7,9,4
321947833,413,10,1,0,3,1,2,3
294191640,619,37,2,2,12,7,7,7
350030939,369,23,1,2,3,6,6,5
181150051,638,54,4,4,11,12,12,11
415783540,811,0,0,0,0,0,0,0
167304040,327,13,0,3,3,1,2,4
137136194,588,19,0,2,6,5,4,2
141975903,204,18,0,1,3,9,4,1
124205037,719,56,2,6,17,14,9,8
307488184,317,4,0,0,1,1,0,2
82580956,182,4,0,0,1,2,0,1
271701447,139,4,0,0,2,2,0,0
141622065,240,12,1,1,4,2,3,1
398763011,249,20,3,1,5,2,5,4
308851582,392,13,0,0,0,3,6,4
260162199,450,49,7,7,11,11,7,6
25078924,341,28,3,5,7,4,1,8
124604724,729,94,12,7,28,18,14,15
381948745,467,57,4,6,15,11,9,12
181159386,654,38,3,4,9,11,8,3
306130391,361,18,3,1,6,3,3,2
220474209,426,29,1,4,9,8,4,3
141766191,251,67,2,4,12,12,18,19
279615979,465,113,8,6,25,32,28,14
176910080,830,67,7,3,16,18,15,8
102764828,595,0,0,0,0,0,0,0
468162834,363,0,0,0,0,0,0,0
142105466,304,56,6,5,9,10,10,16
141127435,257,47,2,7,10,10,7,11
57652994,697,55,4,4,15,15,11,6
266845051,434,111,3,8,22,34,30,14
462267926,498,37,2,3,12,12,4,4
55524055,391,7,0,0,2,1,3,1
307433122,172,0,0,0,0,0,0,0
452500843,37,1,0,0,1,0,0,0
349790953,395,37,7,3,10,6,4,7
150442264,399,29,0,2,8,7,6,6
32449963,782,18,2,2,9,3,2,0
92902951,245,31,0,3,3,5,7,13
467167691,314,92,5,8,26,31,13,9
415873588,777,42,4,4,14,11,8,1
288027491,38,2,0,0,0,0,0,2
141685465,231,5,0,0,0,1,2,2
178859380,639,70,5,4,14,15,15,17
29777922,307,55,1,2,14,15,12,11
55404385,345,22,2,2,8,4,4,2
124282575,695,38,1,1,15,11,7,3
303441920,269,74,3,10,29,17,8,7
163648025,583,75,6,6,21,19,12,11
355152971,353,27,3,3,7,5,5,4
271596290,62,0,0,0,0,0,0,0
459809633,474,46,2,1,11,15,7,10
308184924,271,7,0,0,1,2,3,1
167654878,381,80,9,7,18,14,16,16
1630690,758,200,5,17,48,54,41,35
437322147,804,5,0,1,2,0,1,1
124095230,697,0,0,0,0,0,0,0
452631268,35,0,0,0,0,0,0,0
370101325,266,56,6,5,12,13,11,9
350480660,479,22,2,3,8,6,1,2
300871545,205,9,2,0,2,4,1,0
219699532,780,84,6,5,17,12,19,25
309658221,420,9,1,1,1,3,1,2
167692429,357,10,1,0,2,2,3,2
459293335,436,0,0,0,0,0,0,0
458859364,413,57,2,2,16,17,10,10
462785373,445,0,0,0,0,0,0,0
446832107,525,18,0,2,4,7,3,2
433277449,126,0,0,0,0,0,0,0
298700310,176,27,1,1,6,8,7,4
279089927,438,82,5,7,16,17,17,20
382517745,360,1,0,0,0,0,1,0
453097744,88,7,1,0,1,0,1,4
402447670,82,30,0,3,7,9,5,6
458474559,491,33,0,1,6,10,11,5
348897766,373,38,1,3,4,9,4,17
140659980,235,2,0,0,0,2,0,0
23328912,654,20,0,1,5,6,4,4
165458777,652,95,5,11,28,17,13,21
29778064,319,42,3,5,8,13,7,6
410654298,329,4,0,0,1,1,1,1
349308842,409,31,1,2,2,7,8,11
303811839,517,3,0,1,1,0,1,0
219912046,498,44,3,5,16,9,2,9
302995864,296,36,3,3,5,7,8,10
5868998,760,34,0,2,10,7,9,6
370101492,248,31,3,6,11,3,2,6
422327572,789,167,6,12,34,41,43,31
97908039,754,171,14,15,40,43,33,26
341193555,369,6,0,2,1,1,0,2
260536927,393,0,0,0,0,0,0,0
317642317,337,48,1,5,14,14,10,4
278956474,483,16,0,1,1,6,7,1
260132330,459,4,0,0,1,1,1,1
55497281,397,7,0,1,0,2,2,2
401227592,544,132,8,11,32,32,21,28
386166904,143,0,0,0,0,0,0,0
425064757,335,22,1,2,5,8,1,5
177077475,268,1,0,0,1,0,0,0
238196979,247,4,0,0,1,1,1,1
287328866,426,11,3,1,2,1,2,2
149573659,419,12,2,1,2,0,2,5
399144800,102,0,0,0,0,0,0,0
162585265,529,59,2,10,16,12,10,9
22457438,786,72,6,7,15,13,20,11
98628827,793,0,0,0,0,0,0,0
158713903,665,46,3,6,9,7,10,11
321455348,387,27,1,1,8,11,2,4
450637853,197,38,2,2,9,7,10,8
142109430,102,7,1,0,2,2,1,1
231075361,328,75,3,6,19,19,15,13
280667311,303,80,4,7,23,20,10,16
167890109,401,57,3,8,16,10,6,14
319936228,392,17,0,0,2,6,5,4
30034081,261,0,0,0,0,0,0,0
309257814,382,0,0,0,0,0,0,0
308457026,397,112,8,9,27,24,22,22
399423563,89,21,1,2,5,5,4,4
147026702,611,86,2,2,12,19,21,30
158673914,662,69,3,4,13,21,12,16
318825030,436,11,0,1,4,4,2,0
347809861,766,115,10,14,28,35,17,11
296449358,189,59,4,3,14,17,13,8
349154435,396,10,0,1,2,2,3,2
260128333,418,4,1,0,1,1,1,0
282051803,41,0,0,0,0,0,0,0
363149298,411,45,2,2,12,12,5,12
382067804,499,12,1,0,4,4,1,2
399253092,87,0,0,0,0,0,0,0
15445546,513,55,4,6,9,12,10,14
452734608,817,0,0,0,0,0,0,0
298079609,337,99,2,9,23,32,23,10
382028425,476,21,2,2,6,4,4,3
279569707,442,22,2,2,4,3,6,5
308451526,414,11,2,2,0,3,2,2
231810776,518,28,3,3,5,7,6,4
147214032,614,35,5,1,12,5,3,9
443494454,534,26,0,3,5,6,7,5
350622185,451,50,2,1,11,15,11,10
408552008,807,44,1,6,11,9,10,7
437297176,728,34,0,2,10,8,8,6
21827849,665,40,2,2,7,11,7,11
382512330,482,62,3,11,22,12,9,5
141333573,38,0,0,0,0,0,0,0
131625230,533,0,0,0,0,0,0,0
220359766,508,0,0,0,0,0,0,0
260131665,470,67,5,4,16,18,12,12
278683641,410,26,1,0,6,10,4,5
309146836,407,6,0,1,1,2,1,1
439519959,380,47,5,5,12,14,6,5
83135408,801,68,3,4,16,19,18,8
260502102,390,3,0,0,0,0,2,1
318512022,361,0,0,0,0,0,0,0
299702740,186,9,1,0,3,3,0,2
390554357,744,83,6,8,19,13,14,23
118313102,143,6,0,0,1,2,2,1
248111238,551,31,0,3,6,7,6,9
142262969,662,6,0,1,2,1,1,1
388129029,322,37,4,2,7,8,8,8
141914317,266,24,1,2,8,6,4,3
94637805,544,134,6,9,24,39,28,28
167526485,428,24,1,2,5,6,4,6
141809359,236,2,0,0,1,0,1,0
258314976,595,35,4,3,10,7,3,8
324675819,423,30,1,3,11,8,4,3
350479101,437,9,1,0,2,2,1,3
141268467,124,8,0,1,2,2,1,2
382188882,496,6,0,1,3,0,1,1
89787778,140,14,0,3,3,1,2,5
358111274,199,0,0,0,0,0,0,0
248074315,625,21,1,6,6,2,3,3
178889597,652,63,5,4,17,15,14,8
162585282,532,76,6,5,20,19,15,11
438942374,262,11,0,1,4,2,1,3
467238286,431,54,1,7,9,15,15,7
333127661,513,25,2,0,8,9,5,1
281924357,30,0,0,0,0,0,0,0
142148228,201,10,0,0,2,3,2,3
356524567,372,44,2,2,9,6,7,18
405177882,574,16,1,1,5,2,3,4
364392434,383,57,3,7,16,12,6,13
286191384,720,29,3,3,6,6,6,5
350443417,459,40,2,2,11,12,5,8
458199516,513,0,0,0,0,0,0,0
178723395,590,30,1,4,8,6,4,7
77557473,756,62,3,8,15,16,10,10
322078735,417,38,1,4,12,8,7,6
349156098,357,40,1,3,11,10,8,7
22481474,751,48,5,3,10,10,9,11
403757320,544,27,1,7,6,4,2,7
364395234,372,23,1,3,8,2,1,8
99028324,731,4,0,0,0,0,1,3
1630438,839,171,17,16,35,36,34,33
58466459,740,19,1,2,4,4,4,4
167694820,320,31,3,2,8,9,6,3
391550834,179,0,0,0,0,0,0,0
397361078,600,127,8,11,29,25,26,28
219373406,494,71,3,4,12,13,19,20
23559851,698,107,6,9,22,22,22,26
271999940,26,5,0,0,0,1,3,1
279323859,435,51,2,4,11,8,9,17
38423705,345,65,1,4,13,12,12,23
158450472,642,23,0,4,6,4,4,5
443494351,531,38,1,6,16,9,4,2
384031569,148,2,0,0,2,0,0,0
376915487,360,44,4,5,12,11,7,5
269347089,452,43,0,5,12,11,9,6
102169275,636,6,1,0,3,2,0,0
374859582,439,38,3,3,11,7,8,6
152147549,643,86,9,9,21,21,10,16
167554898,386,18,3,0,5,4,5,1
349480752,367,6,1,1,2,0,1,1
349762699,336,2,0,0,0,1,1,0
32150630,267,12,1,1,3,4,3,0
99028319,733,10,1,2,4,2,0,1
181862539,843,74,4,7,12,14,17,20
452575636,29,2,1,1,0,0,0,0
402107145,722,116,5,7,19,32,34,19
303427297,492,7,0,1,1,3,2,0
131239334,708,119,5,12,24,26,24,28
81702112,584,41,2,1,6,13,8,11
309402205,318,36,2,1,8,10,5,10
452172479,274,34,2,2,8,9,4,9
452406965,31,4,1,1,0,1,0,1
142105299,290,6,1,1,2,0,0,2
399421408,85,9,0,1,2,3,1,2
41170667,316,64,3,6,9,11,17,18
272058503,344,23,1,3,4,4,7,4
380117288,317,31,2,4,10,8,3,4
307216760,285,83,9,8,20,17,15,14
308991822,352,4,0,1,1,0,1,1
349484636,450,31,1,4,8,6,4,8
167795859,428,6,0,0,1,3,2,0
32050581,313,6,0,1,3,2,0,0
55652785,396,29,0,1,6,5,10,7
306580215,332,9,1,2,4,2,0,0
237915523,390,50,3,9,4,9,12,13
323292655,10,3,0,1,1,0,0,1
394657952,53,8,0,0,0,2,2,4
358022169,63,0,0,0,0,0,0,0
150101799,366,11,1,0,1,2,4,3
149160359,321,40,4,4,10,8,9,5
425594181,762,7,0,0,1,2,2,2
453095485,303,21,0,2,4,10,2,3
312907176,253,0,0,0,0,0,0,0
360205899,157,0,0,0,0,0,0,0
148158540,676,66,6,6,14,17,14,9
405533713,720,67,4,4,15,16,18,10
308828048,217,54,2,7,10,17,6,12
438682877,614,196,10,12,54,48,38,34
159864583,631,36,2,2,12,11,5,4
460820330,730,17,0,2,4,4,4,3
309528896,408,13,1,0,3,5,4,0
159493588,708,97,4,7,16,18,27,25
243475355,636,76,4,8,10,15,18,21
323727556,31,4,0,0,1,2,1,0
179410793,614,16,0,0,5,7,4,0
361388647,69,12,0,1,1,0,1,9
453784977,611,119,6,15,27,27,25,19
383858742,604,166,9,15,37,30,40,35
373844472,273,5,0,0,1,2,2,0
150101476,393,23,1,2,4,4,5,7
260192157,466,17,1,2,3,6,3,2
434664688,350,8,0,2,1,1,4,0
461271719,668,235,15,18,57,48,49,48
141978095,140,0,0,0,0,0,0,0
166319733,682,102,9,8,21,24,15,25
338465029,231,37,0,4,11,10,6,6
365717153,687,11,3,2,2,3,1,0
242323067,606,40,0,4,10,11,9,6
141943694,172,4,1,0,1,0,1,1
38707340,441,70,7,6,12,16,12,17
243643549,602,63,5,6,18,13,9,12
177118177,351,0,0,0,0,0,0,0
242149417,648,166,4,21,44,34,27,36
319936861,394,60,5,7,21,13,7,7
160159932,646,110,4,7,20,24,26,29
75490265,716,9,3,0,0,2,2,2
307085577,304,0,0,0,0,0,0,0
243391171,594,41,0,3,9,9,7,13
243662768,616,37,3,1,10,9,6,8
278895603,526,85,4,11,19,20,13,18
270507305,26,0,0,0,0,0,0,0
291651765,359,45,0,4,8,15,10,8
306410072,421,53,1,4,18,17,11,2
176871438,195,10,0,0,0,3,5,2
394452884,29,4,0,1,0,3,0,0
407661994,273,0,0,0,0,0,0,0
219201178,502,24,4,1,6,7,3,3
451112995,425,16,2,1,5,3,1,4
418295363,42,0,0,0,0,0,0,0
307783750,94,25,2,1,4,6,8,4
280909668,19,0,0,0,0,0,0,0
323255579,424,64,3,6,17,18,10,10
120016,770,117,9,13,26,25,20,24
404927661,325,2,0,1,1,0,0,0
393491149,429,48,4,6,10,6,8,14
370085638,182,1,0,0,0,0,1,0
48227278,712,35,0,2,7,15,7,4
332607409,374,1,0,0,1,0,0,0
369506001,411,20,0,2,2,5,5,6
404804908,250,4,0,0,0,1,1,2
60735803,707,8,0,2,3,3,0,0
418532689,21,0,0,0,0,0,0,0
363847487,615,21,2,2,8,5,1,3
394099697,63,10,0,1,4,2,2,1
83391903,744,36,1,5,14,5,4,7
350298314,434,2,0,0,0,0,0,2
394728064,53,0,0,0,0,0,0,0
438790187,599,0,0,0,0,0,0,0
337370789,296,0,0,0,0,0,0,0
306635088,299,6,0,0,2,1,2,1
83833793,743,81,6,11,16,17,15,16
210636260,207,57,3,6,17,16,9,6
31511621,317,0,0,0,0,0,0,0
260659986,409,24,2,0,3,6,8,5
61120063,746,122,8,9,24,29,23,29
278289141,15,0,0,0,0,0,0,0
332600127,385,39,2,6,7,7,9,8
420581415,195,12,0,1,1,2,4,4
167722708,401,0,0,0,0,0,0,0
412942849,160,0,0,0,0,0,0,0
140760434,143,0,0,0,0,0,0,0
128886984,587,160,8,12,38,41,28,33
107548305,755,177,8,13,44,37,36,39
323968843,20,2,0,0,0,0,0,2
370678161,356,13,0,1,2,6,4,0
453785266,614,28,2,5,9,4,3,5
47831368,656,93,6,6,22,21,20,18
220029715,778,19,1,2,4,4,5,3
401626459,421,24,1,1,7,6,3,6
454855280,68,0,0,0,0,0,0,0
448852739,262,24,3,2,6,5,5,3
112099606,757,11,1,3,3,2,1,1
379783522,336,20,0,2,3,5,4,6
357911163,47,0,0,0,0,0,0,0
272467271,38,3,1,0,1,0,1,0
129116176,571,40,2,5,8,13,7,5
83939434,771,211,9,14,45,48,43,52
73455146,586,68,8,6,20,12,11,11
83449549,780,66,2,5,13,22,13,11
287669537,594,74,4,4,14,23,15,14
160150808,624,119,9,8,31,28,24,19
159864610,624,27,3,2,7,6,3,6
166624433,614,34,1,1,9,14,6,3
260504147,474,9,0,0,3,1,0,5
55383975,339,0,0,0,0,0,0,0
451282261,435,132,5,18,42,32,20,15
112098034,727,54,5,4,17,12,6,10
141124793,227,7,0,0,1,4,2,0
127955334,610,30,1,0,3,8,8,10
48227288,712,40,1,5,13,11,4,6
394272819,69,16,2,1,3,3,6,1
179637488,314,0,0,0,0,0,0,0
394508465,87,9,0,0,0,2,4,3
166660531,624,64,3,9,11,13,14,14
411712609,522,127,8,9,33,34,22,21
309434176,29,0,0,0,0,0,0,0
160484494,628,29,2,0,3,2,8,14
310556491,387,24,3,3,8,6,2,2
203387944,774,43,2,3,7,9,9,13
261089147,26,6,1,2,1,0,0,2
260541250,453,56,3,7,14,12,14,6
350743714,452,7,0,0,1,3,2,1
451211626,716,16,1,0,1,4,6,4
359308549,165,0,0,0,0,0,0,0
311925584,342,2,0,0,0,1,0,1
258519658,605,252,14,28,57,53,42,58
91961,760,8,0,0,2,2,4,0
55659311,375,1,0,0,0,0,1,0
158979332,649,106,4,6,30,26,22,18
396004353,75,6,0,0,2,2,1,1
30540538,667,58,3,7,13,10,9,16
30382918,604,49,2,1,12,16,7,11
271225404,732,26,4,3,3,6,6,4
278296621,15,2,0,0,0,0,0,2
31134762,737,14,0,1,3,7,3,0
185466937,764,147,9,11,36,40,23,28
75969405,684,24,1,2,6,7,6,2
76658755,734,25,0,2,3,7,7,6
261335113,25,2,0,0,0,0,0,2
261105201,14,5,1,0,2,0,1,1
359618989,252,24,0,1,2,8,8,5
300161053,177,0,0,0,0,0,0,0
404144841,595,60,5,3,17,10,11,14
30287190,752,42,2,3,10,13,7,7
278413303,15,9,1,0,2,0,1,5
30993392,642,22,1,3,7,4,4,3
450798369,378,0,0,0,0,0,0,0
76698707,753,85,6,8,16,25,14,16
350445771,477,0,0,0,0,0,0,0
122285268,670,72,4,4,19,20,14,11
357713892,55,2,0,1,1,0,0,0
270348090,713,21,2,3,5,5,4,2
359767082,85,9,1,0,2,2,1,3
35349987,493,0,0,0,0,0,0,0
179966966,633,67,5,2,14,18,14,14
55602946,385,13,0,1,3,3,2,4
363885457,593,130,7,16,28,30,27,22
150187916,408,104,7,11,22,22,22,20
309598681,772,55,3,2,19,11,7,13
410578942,102,7,0,0,2,3,1,1
258837989,541,68,5,6,13,14,13,17
331183881,362,18,1,2,5,1,3,6
307927495,352,1,0,0,0,1,0,0
243642384,602,88,4,9,19,21,17,18
449650980,343,54,3,2,9,16,11,13
160697480,618,16,0,2,1,3,4,6
83914837,784,82,4,9,18,20,15,16
312102715,306,83,2,9,29,23,13,7
48318875,714,90,6,5,17,13,22,27
260708271,417,99,6,8,21,17,19,28
243192504,537,38,2,2,12,7,7,8
398363472,101,2,0,0,0,1,1,0
307610438,683,0,0,0,0,0,0,0
300104749,407,2,0,0,0,0,1,1
150300654,436,12,0,1,4,1,1,5
304458680,387,111,6,15,32,24,19,15
357512000,54,12,0,0,0,5,4,3
270288280,723,209,6,21,40,54,48,40
179368346,638,44,2,8,12,11,5,6
309350921,6,0,0,0,0,0,0,0
306576384,326,17,0,0,3,4,4,6
241532550,342,17,3,0,7,5,2,0
150357064,356,20,0,1,3,8,4,4
47309500,451,40,1,3,9,11,10,6
323020176,216,14,0,0,6,3,3,2
255350388,182,0,0,0,0,0,0,0
338104678,573,87,1,5,21,24,16,20
294200378,332,27,1,1,1,8,9,7
16288184,756,0,0,0,0,0,0,0
323442776,10,0,0,0,0,0,0,0
384534266,12,4,0,1,2,1,0,0
279087522,487,19,0,2,4,6,3,4
341258182,602,36,1,4,12,7,6,6
263035184,616,46,4,5,11,11,9,6
291320884,483,49,2,6,7,14,8,12
279217728,449,27,0,2,8,6,3,8
167201539,300,3,0,1,1,0,0,1
41561453,555,79,2,3,23,20,13,18
177631209,203,24,1,1,5,5,7,5
271893367,29,0,0,0,0,0,0,0
374447935,215,20,1,0,2,5,2,10
384742846,12,0,0,0,0,0,0,0
298372701,170,2,0,0,0,2,0,0
430263572,504,53,0,5,15,17,9,7
151300352,745,152,6,17,40,44,28,17
301160638,298,29,0,5,7,5,4,8
30450412,542,0,0,0,0,0,0,0
284783117,394,20,1,2,9,5,0,3
348555861,180,0,0,0,0,0,0,0
407147727,22,1,0,0,0,1,0,0
279692257,208,13,1,1,3,4,2,2
349059354,351,39,5,2,8,8,8,8
198076334,409,39,2,2,9,11,7,8
357040925,58,8,0,2,4,1,1,0
402918060,42,4,0,1,2,1,0,0
305674644,381,106,9,8,31,19,16,23
306987941,365,59,2,5,11,14,15,12
381979901,455,23,4,3,6,6,2,2
255319384,194,0,0,0,0,0,0,0
206912019,479,50,2,4,13,12,9,10
423987361,308,2,0,0,1,1,0,0
454058066,354,32,5,2,8,5,7,5
389070884,690,195,4,18,51,48,34,40
343757299,39,1,0,0,0,0,0,1
342782002,387,0,0,0,0,0,0,0
418720347,18,0,0,0,0,0,0,0
202445608,689,90,5,7,30,21,10,17
357662316,48,0,0,0,0,0,0,0
125115082,604,97,5,11,26,24,22,9
262614966,391,95,6,8,20,24,19,18
280055342,216,27,2,4,10,7,3,1
341029467,458,0,0,0,0,0,0,0
125857387,596,114,10,13,31,25,14,21
38494096,687,78,3,8,22,25,13,7
301247295,291,0,0,0,0,0,0,0
257737073,6,0,0,0,0,0,0,0
220402294,455,88,7,3,18,19,24,17
300324638,357,27,1,3,4,4,5,10
442829369,227,8,0,1,3,3,1,0
309619055,374,2,0,0,1,1,0,0
25078120,304,69,3,6,13,18,13,16
167656297,425,17,0,2,3,4,4,4
220397947,457,18,2,1,2,3,5,5
342694097,708,76,2,7,23,15,15,14
124350360,295,2,0,0,0,0,1,1
306272819,443,22,1,2,8,6,4,1
370676773,381,106,3,5,19,32,32,15
447493530,381,42,5,1,8,10,12,6
379865347,666,80,2,7,24,18,17,12
279323519,389,15,1,2,3,5,4,0
24133365,228,14,1,3,1,3,0,6
293151358,309,27,2,1,9,7,2,6
379806358,151,25,1,3,5,3,4,9
67267845,255,28,2,0,5,5,5,11
238229705,142,0,0,0,0,0,0,0
272086869,31,0,0,0,0,0,0,0
388128308,314,19,1,2,3,3,5,5
190863171,738,133,3,15,40,35,19,21
207511576,477,120,6,7,41,34,18,14
214716930,205,8,0,0,0,1,2,5
261138857,33,2,0,0,0,1,1,0
102643159,705,231,15,18,63,60,37,38
396655059,35,0,0,0,0,0,0,0
388244501,7,4,1,0,1,1,0,1
336931938,366,51,2,3,14,8,11,13
24194061,240,17,0,4,5,2,5,1
465088681,678,45,4,5,13,10,7,6
426541180,50,3,0,0,0,1,1,1
90836525,457,118,4,6,29,40,23,16
125958765,602,142,6,13,32,46,28,17
305675525,396,103,2,6,28,23,23,21
207693951,457,27,1,4,8,7,3,4
349763482,343,5,1,0,1,1,1,1
255513991,179,70,4,5,16,16,15,14
159803421,686,33,1,5,9,4,8,6
255567460,508,4,0,1,1,1,1,0
394699148,6,0,0,0,0,0,0,0
388203226,24,1,1,0,0,0,0,0
455463415,409,16,2,1,9,3,0,1
350025490,379,33,3,5,5,7,6,7
304071827,357,11,1,0,2,3,1,4
360571125,511,23,0,2,6,7,6,2
426422372,27,1,0,0,1,0,0,0
149030418,205,15,0,0,6,5,3,1
349521875,379,2,0,0,0,0,1,1
297701617,379,0,0,0,0,0,0,0
316207527,172,9,1,1,2,2,3,0
216728030,162,15,0,1,7,4,1,2
121455954,609,73,1,3,23,24,13,9
407824089,20,0,0,0,0,0,0,0
410418820,12,0,0,0,0,0,0,0
217059369,637,28,0,6,7,5,6,4
446872386,338,11,0,1,4,2,0,4
261136311,22,2,0,0,0,0,0,2
278826516,508,4,1,1,0,1,1,0
32959497,753,8,3,1,3,0,0,1
306107122,391,11,0,2,6,3,0,0
269852699,24,2,1,1,0,0,0,0
348717439,20,0,0,0,0,0,0,0
359987981,37,13,1,1,2,6,3,0
213514265,247,0,0,0,0,0,0,0
363933313,161,3,0,0,0,0,2,1
395429348,404,31,0,3,3,9,10,6
290410988,8,0,0,0,0,0,0,0
216995338,588,9,0,0,1,2,5,1
189084771,178,0,0,0,0,0,0,0
133701671,152,2,0,0,0,0,1,1
222945452,185,28,2,2,4,8,6,6
293480903,20,0,0,0,0,0,0,0
279156705,426,82,2,5,18,20,14,23
407823917,24,0,0,0,0,0,0,0
448727889,137,0,0,0,0,0,0,0
222173967,346,14,2,0,6,2,2,2
294197236,308,19,3,1,4,4,1,6
141708335,122,9,0,0,1,2,2,4
294059372,111,6,0,0,2,1,2,1
303264387,423,47,7,3,12,13,6,6
276836579,14,2,0,0,0,0,0,2
418527327,23,8,1,1,1,2,1,2
339566276,640,99,4,9,27,24,21,14
421285598,536,31,1,4,10,4,3,9
402918064,40,0,0,0,0,0,0,0
349643889,454,16,2,2,3,2,1,6
343285974,694,0,0,0,0,0,0,0
167812449,427,10,1,0,0,3,3,3
325564366,14,2,0,0,0,0,0,2
306981513,369,26,1,2,8,9,1,5
267239205,201,26,3,3,5,7,5,3
245527958,628,180,9,15,50,44,33,29
216190934,147,8,0,1,2,3,1,1
247145147,557,2,0,0,0,0,0,2
152377056,191,27,3,1,4,10,5,4
94257578,256,23,0,4,6,6,5,2
218821972,567,0,0,0,0,0,0,0
455509774,407,50,3,1,15,16,7,8
161988269,749,88,4,6,26,26,17,9
442567883,248,19,2,1,2,5,5,4
301956407,294,14,0,0,6,4,2,2
340100436,311,13,1,0,2,2,1,7
448913059,359,71,3,5,18,22,13,10
122645363,632,46,0,6,12,11,7,10
311103813,49,9,3,2,3,1,0,0
50380257,231,14,1,2,3,1,3,4
456609929,454,16,0,0,3,3,3,7
464422047,358,24,2,3,9,4,2,4
254003502,643,87,4,7,18,14,19,25
238197709,247,0,0,0,0,0,0,0
112401201,761,88,5,10,19,16,22,16
265435357,32,17,1,2,2,3,3,6
396170777,117,7,0,1,2,2,0,2
303909865,149,6,0,1,2,1,1,1
344031627,446,41,2,2,14,12,8,3
360824561,419,19,3,0,5,6,3,2
339666028,327,102,5,8,20,28,20,21
422038373,429,3,0,0,1,1,1,0
380645083,673,22,2,1,9,5,2,3
279322914,420,0,0,0,0,0,0,0
6667908,499,11,0,0,3,5,2,1
201747686,458,20,1,0,3,6,6,4
167792080,403,0,0,0,0,0,0,0
280052690,60,0,0,0,0,0,0,0
31690845,723,0,0,0,0,0,0,0
278866211,509,15,2,1,7,3,0,2
196954401,687,75,6,10,23,15,12,9
407584737,14,0,0,0,0,0,0,0
382308684,324,10,0,3,4,1,0,2
306723230,361,36,0,2,8,11,9,6
424796997,533,0,0,0,0,0,0,0
280095254,233,0,0,0,0,0,0,0
380659334,357,50,4,1,10,10,15,10
113567527,689,40,1,0,6,10,8,15
91246422,654,101,3,8,28,25,18,19
254045302,625,25,2,1,7,4,4,7
219967673,490,27,2,2,6,5,4,8
254258206,706,77,6,4,14,16,20,17
113061684,672,184,8,17,44,42,35,38
181341926,623,104,6,9,24,23,17,25
253715855,662,38,6,4,10,9,5,4
263925187,703,36,1,2,10,10,7,6
383427491,15,0,0,0,0,0,0,0
396903513,534,48,2,1,9,13,11,12
341309569,389,10,0,0,1,3,5,1
270341486,10,0,0,0,0,0,0,0
25858367,734,70,3,7,19,15,9,17
61724376,579,34,2,6,6,13,4,3
101233501,530,29,0,2,6,8,8,5
394230860,203,2,0,0,1,1,0,0
211116547,700,49,2,2,12,16,11,6
98064760,628,12,0,1,3,1,5,2
87260967,556,48,2,5,10,11,13,7
292474331,100,22,2,1,4,10,4,1
61898904,610,21,1,1,4,4,4,7
55652896,388,4,0,0,0,1,1,2
167697604,417,3,0,0,2,0,1,0
270204401,64,1,1,0,0,0,0,0
365366508,329,55,3,1,12,17,13,9
219927211,578,30,2,3,6,6,6,7
253826623,640,16,0,0,4,5,5,2
182894226,608,90,5,7,17,17,16,28
371839073,130,2,1,1,0,0,0,0
253749178,644,53,4,7,12,12,10,8
327785134,30,2,0,1,1,0,0,0
30816076,688,19,0,1,6,6,2,4
120393264,478,77,8,6,22,13,18,10
404156386,509,31,3,2,7,9,6,4
425675208,569,24,1,3,6,5,5,4
390996644,738,47,1,5,13,11,10,7
319606464,489,17,2,0,3,5,4,3
419744996,230,12,1,2,3,1,2,3
358108063,76,1,0,0,0,0,1,0
407165509,16,4,0,1,0,1,1,1
113565705,680,235,17,15,46,48,50,59
280685089,20,0,0,0,0,0,0,0
292013448,591,24,0,2,4,5,4,9
231081369,325,0,0,0,0,0,0,0
118271404,494,74,4,7,22,17,9,15
339752629,575,106,7,7,18,27,24,23
382312052,336,24,1,0,6,8,5,4
90911675,636,33,1,4,5,6,11,6
49534600,497,10,1,2,2,0,0,5
181233908,217,25,1,3,8,5,4,4
380783252,443,0,0,0,0,0,0,0
318649597,4,0,0,0,0,0,0,0
253844234,631,36,3,1,5,10,10,7
2372579,686,6,0,0,1,2,2,1
380822025,719,13,1,1,4,5,1,1
61381436,559,23,3,1,6,5,4,4
351336681,413,11,1,0,3,3,3,1
6400274,566,28,0,3,9,9,3,4
238892775,264,71,3,4,16,20,17,11
349797905,567,40,4,3,11,8,8,6
246745789,601,148,13,10,36,34,29,26
409934687,69,1,0,0,0,1,0,0
193831684,701,45,1,3,12,10,10,9
259901124,261,43,2,1,9,13,7,11
253657883,608,44,4,5,10,8,10,7
169316288,721,0,0,0,0,0,0,0
261746657,22,2,0,0,0,1,1,0
229810745,262,36,5,2,5,9,11,4
120341889,475,70,2,10,22,14,10,12
401606923,26,0,0,0,0,0,0,0
396215041,32,0,0,0,0,0,0,0
200135791,486,13,0,2,4,4,2,1
97833468,621,155,12,12,39,26,28,38
211215485,692,67,5,5,16,17,14,10
316582319,638,108,5,11,26,24,18,24
118200081,503,49,1,3,14,13,10,8
56777828,599,136,7,9,25,33,30,32
118271395,492,80,2,6,17,16,22,17
300446210,353,0,0,0,0,0,0,0
61135882,577,13,1,3,3,2,1,3
320264006,467,14,0,0,3,3,3,5
345170707,32,0,0,0,0,0,0,0
80059889,614,39,3,2,9,12,10,3
253781040,649,167,12,17,35,32,30,41
276315375,681,47,2,3,13,10,10,9
320054835,474,14,0,0,4,5,4,1
76758733,485,47,3,3,11,10,12,8
304101379,211,56,2,3,12,12,9,18
180416826,108,3,0,0,1,2,0,0
370134610,443,10,1,2,2,2,2,1
365956683,373,50,4,3,9,13,13,8
128790976,597,10,1,1,4,1,2,1
404123632,539,25,1,0,6,6,5,7
211170874,723,31,4,3,7,7,3,7
387107961,400,28,3,3,6,7,3,6
425549135,692,36,1,3,6,7,10,9
101845679,530,27,1,2,6,6,4,8
273697554,18,2,1,1,0,0,0,0
161083755,565,84,3,4,18,19,19,21
169573910,723,104,3,9,22,24,26,20
469441650,674,92,5,5,25,23,19,15
61730680,602,85,3,6,25,21,17,13
101654574,585,7,1,1,1,1,2,1
394657039,19,0,0,0,0,0,0,0
263074592,13,0,0,0,0,0,0,0
80252615,576,32,3,4,9,7,6,3
340110295,575,153,12,12,35,34,30,30
50273697,195,53,7,6,10,9,10,11
303843296,356,98,6,10,22,21,18,21
30914235,688,40,1,2,12,12,8,5
320173862,441,47,6,3,9,11,7,11
277373390,709,79,4,5,14,17,16,23
180412528,42,3,0,0,1,1,1,0
60433558,739,50,2,7,14,10,8,9
90716944,624,6,0,0,1,2,2,1
158301961,515,25,0,1,2,9,9,4
93316328,145,21,4,0,3,3,4,7
342025025,30,6,0,0,1,2,2,1
339185356,128,3,0,0,1,0,0,2
277473207,172,10,0,1,1,2,2,4
73884611,95,16,2,2,4,4,2,2
336778418,207,34,0,4,11,11,8,0
60987622,218,40,0,11,12,10,7,0
456905229,188,14,0,2,7,2,3,0
414807623,220,7,0,1,1,3,2,0
336767770,170,10,0,1,2,2,5,0
101302325,57,2,0,1,0,0,1,0
436869712,111,0,0,0,0,0,0,0
29053989,172,7,0,0,2,3,2,0
22843856,120,6,0,1,1,2,2,0
346541355,150,8,0,2,3,3,0,0
349294422,101,37,0,8,12,11,6,0
26432264,15,8,0,1,1,3,3,0
436863045,41,0,0,0,0,0,0,0
436873913,182,7,0,2,4,1,0,0
26533207,6,2,0,0,0,1,1,0
306263608,178,0,0,0,0,0,0,0
367448265,10,1,0,0,1,0,0,0
268221892,152,48,0,11,12,15,10,0
171084337,162,7,0,2,3,0,2,0
58108085,177,21,0,2,6,8,5,0
367106469,5,0,0,0,0,0,0,0
116853937,130,10,0,2,4,2,2,0
722865779,165,0,0,0,0,0,0,0
59739922,172,17,0,8,5,1,3,0
3311888,17,2,0,0,1,1,0,0
115980439,155,0,0,0,0,0,0,0
2595273,114,17,0,3,4,6,4,0
59834339,177,1,0,0,0,1,0,0
467722869,8,0,0,0,0,0,0,0
58540876,166,44,0,8,11,14,11,0
62257830,175,23,0,6,7,6,4,0
3034524,138,13,0,2,6,5,0,0
2236015,105,9,0,0,6,3,0,0
117101700,138,5,0,0,1,2,2,0
408651394,166,5,0,1,3,0,1,0
661540044,161,41,0,9,11,13,8,0
408651399,164,6,0,0,0,5,1,0
85785338,118,0,0,0,0,0,0,0
312353805,163,7,0,3,0,2,2,0
117099990,163,5,0,2,1,0,2,0
62702862,167,40,0,6,15,14,5,0
4164713,30,7,0,1,2,3,1,0
400621146,169,21,0,3,6,8,4,0
86396382,169,30,0,7,11,8,4,0
130158363,196,8,0,2,2,2,2,0
239187696,138,10,0,1,6,2,1,0
126232983,172,1,0,0,1,0,0,0
172421004,161,26,0,5,11,9,1,0
130158361,196,3,0,0,1,0,2,0
4299830,172,0,0,0,0,0,0,0
138333980,76,0,0,0,0,0,0,0
165797593,38,1,0,0,1,0,0,0
90935391,168,2,0,0,1,1,0,0
172171873,159,11,0,4,4,2,1,0
240154683,53,4,0,1,1,1,1,0
172036040,166,13,0,2,6,3,2,0
172224309,33,6,0,1,1,2,2,0
240122720,112,14,0,4,4,4,2,0
257241363,169,0,0,0,0,0,0,0
371165722,164,6,0,0,0,3,3,0
240155327,25,0,0,0,0,0,0,0
101547609,6,0,0,0,0,0,0,0
149438705,54,0,0,0,0,0,0,0
172933154,80,0,0,0,0,0,0,0
172517058,157,2,0,0,0,1,1,0
117378874,26,3,0,1,0,1,1,0
172529744,4,0,0,0,0,0,0,0
332064670,115,0,0,0,0,0,0,0
233635280,49,2,0,0,0,1,1,0
126325291,154,18,0,3,6,6,3,0
101546875,12,0,0,0,0,0,0,0
260124760,214,27,1,4,9,4,2,7
315120782,779,45,0,2,11,13,4,15
308307606,371,0,0,0,0,0,0,0
400525177,167,21,2,3,7,6,3,0
106055469,629,0,0,0,0,0,0,0
101497151,744,48,3,4,9,8,11,13
437241830,786,121,8,10,26,25,16,36
157754133,793,34,1,1,4,10,13,5
179238861,768,116,3,14,30,30,26,13
344175457,529,0,0,0,0,0,0,0
140132301,200,53,4,3,9,13,13,11
55222620,840,25,2,1,4,5,6,7
89787749,140,0,0,0,0,0,0,0
72605231,615,0,0,0,0,0,0,0
167983141,781,10,0,1,2,2,1,4
55222619,841,14,3,1,2,3,4,1
286310830,835,24,3,3,3,4,7,4
334886280,791,6,1,0,2,2,1,0
192990023,742,117,15,18,25,23,21,15
122330743,123,8,0,1,4,1,0,2
35655828,192,9,1,2,2,1,2,1
36077464,190,58,4,10,10,15,11,8
22146154,800,27,0,5,8,9,3,2
269342892,138,23,5,4,5,4,0,5
148612685,818,43,2,4,12,5,4,16
71298511,732,85,7,6,18,22,18,14
374366829,843,6,0,0,0,1,2,3
40534599,811,88,3,3,13,27,19,23
192087959,198,16,0,1,6,4,2,3
29914747,686,87,6,13,20,14,19,15
148544875,852,16,2,0,3,2,6,3
281494100,478,24,1,2,1,6,7,7
157774304,810,10,0,0,3,4,3,0
145116411,187,0,0,0,0,0,0,0
30828562,215,5,0,0,2,2,1,0
5092088,550,19,1,1,5,5,4,3
73201833,652,93,5,10,22,25,11,20
193271278,733,36,1,2,12,13,3,5
73386477,669,72,4,11,24,14,7,12
350141132,380,9,1,1,4,2,0,1
275083922,522,0,0,0,0,0,0,0
294327312,450,53,3,8,11,14,10,7
48063034,693,0,0,0,0,0,0,0
30122338,189,13,1,0,1,4,4,3
49003142,700,0,0,0,0,0,0,0
45599777,674,11,0,2,5,3,1,0
269562415,144,22,1,1,5,5,4,6
48063032,689,0,0,0,0,0,0,0
437248515,800,15,0,0,1,5,6,3
11561667,726,0,0,0,0,0,0,0
49418981,818,65,5,2,18,15,14,11
437230910,786,57,4,1,14,9,9,20
53997651,728,17,1,1,3,5,5,2
31810287,190,2,0,0,2,0,0,0
168384614,712,78,7,3,11,19,19,19
423524230,790,34,2,1,7,8,8,8
53189332,856,0,0,0,0,0,0,0
307488085,332,98,8,11,20,20,18,21
74528318,201,7,0,1,3,2,1,0
385231167,778,49,2,2,8,10,10,17
36734222,891,0,0,0,0,0,0,0
140064648,161,55,3,6,17,14,7,8
410392940,814,178,7,23,36,42,33,37
48335665,692,28,5,4,7,4,5,3
193136669,761,147,10,12,45,35,24,21
35009375,810,127,11,12,28,26,20,30
106403786,623,26,1,2,5,7,3,8
140691463,24,0,0,0,0,0,0,0
219310882,787,65,4,4,20,16,12,9
308076113,867,92,6,5,22,20,21,18
393837491,814,4,0,2,1,0,1,0
335499997,814,0,0,0,0,0,0,0
410299018,786,191,15,16,50,41,35,34
157788279,833,176,14,16,28,48,41,29
70717462,678,0,0,0,0,0,0,0
49175300,719,181,9,19,43,49,29,32
260609205,467,32,3,1,10,9,3,6
286396160,855,0,0,0,0,0,0,0
340135575,415,109,8,12,28,27,18,16
158150633,643,18,0,0,5,7,4,2
44988465,696,0,0,0,0,0,0,0
47380518,821,89,9,7,24,18,14,17
22120766,802,75,2,7,12,14,14,26
270742379,190,38,3,7,8,7,5,8
158329676,643,36,2,3,8,6,9,8
219187649,828,0,0,0,0,0,0,0
315002523,746,0,0,0,0,0,0,0
75818403,196,29,2,2,9,7,6,3
177175199,218,15,2,0,5,5,1,2
19271382,401,20,2,2,4,2,0,10
193092806,748,50,4,4,7,9,12,14
5703872,317,8,0,1,2,1,0,4
73723286,664,0,0,0,0,0,0,0
23324827,712,21,0,3,5,3,5,5
71546916,681,5,0,0,1,1,2,1
102691227,635,18,0,1,5,6,4,2
375477302,231,21,3,3,7,5,3,0
410359089,781,180,11,14,46,43,34,32
149990841,350,12,1,2,4,2,1,2
291466214,535,14,1,1,2,4,1,5
48476907,716,12,1,1,2,4,3,1
168312820,739,4,1,0,2,0,0,1
286310836,835,42,5,7,13,4,4,9
308404140,314,62,7,8,15,8,12,12
187930369,767,26,1,5,6,7,5,2
148611095,846,10,0,0,2,2,1,5
48372732,700,83,4,2,19,19,18,21
24972851,686,37,3,4,11,7,4,8
106470229,623,16,1,1,4,2,2,6
102978235,643,34,0,2,6,3,8,15
74627376,208,26,1,2,6,8,5,4
53178352,838,103,4,9,28,28,15,19
102195674,589,13,0,0,3,2,2,6
189349514,735,0,0,0,0,0,0,0
400445441,154,51,5,6,12,8,9,11
349970685,377,36,5,1,11,9,3,7
47352608,839,133,5,14,29,34,24,27
322732889,843,246,13,19,44,70,50,50
434479378,807,179,8,14,38,42,35,42
140066660,152,37,3,4,9,8,6,7
105992935,647,0,0,0,0,0,0,0
179295564,800,17,1,1,4,6,3,2
436802660,140,37,0,3,9,9,6,10
92743594,148,14,1,1,2,5,2,3
22079739,740,58,2,5,15,16,9,11
281731203,852,0,0,0,0,0,0,0
30562668,192,10,2,2,3,1,0,2
380618882,799,30,2,3,6,6,7,6
67474119,708,88,4,11,26,26,13,8
86182628,800,0,0,0,0,0,0,0
77139245,791,67,5,6,13,17,15,11
14826027,831,0,0,0,0,0,0,0
61285257,613,69,5,8,9,19,13,15
63309085,194,43,0,8,13,10,8,4
380618779,845,26,0,3,7,4,7,5
388843945,812,32,1,3,4,9,10,5
149470723,564,27,0,2,3,7,10,5
135085261,774,43,2,4,9,8,12,8
157018051,343,2,0,0,1,1,0,0
347329162,10,0,0,0,0,0,0,0
367683204,23,1,0,0,0,1,0,0
392963260,798,3,1,0,1,0,1,0
175402069,826,60,2,3,13,15,14,13
390651552,817,0,0,0,0,0,0,0
339540793,801,35,1,0,3,4,13,14
409343223,354,12,0,2,5,3,1,1
388940613,835,232,10,17,50,51,49,55
292115251,858,41,2,1,14,14,3,7
376923942,859,8,0,2,2,1,0,3
422251657,836,17,2,2,3,0,2,8
365089053,826,188,14,17,40,35,37,45
393639812,825,72,1,4,13,13,19,22
92132777,780,9,1,1,1,2,2,2
366786599,820,188,15,13,42,42,42,34
95525589,779,55,3,7,11,16,9,9
95525590,781,54,0,5,14,14,5,16
92132775,780,7,0,1,2,2,2,0
390632932,821,208,12,14,41,39,50,52
389510663,775,35,1,3,6,11,9,5
27112021,2,0,0,0,0,0,0,0
365198355,828,106,7,6,15,23,22,33
365070861,835,202,20,19,35,41,47,40
422332463,794,195,7,8,31,55,43,51
422246362,758,52,1,8,13,8,7,15
365069916,850,46,2,5,5,17,13,4
399181042,805,173,14,21,43,38,34,23
286036831,865,258,10,26,65,60,53,44
72534221,756,19,0,1,2,2,7,7
88118399,831,178,9,15,33,46,40,35
365203184,802,32,4,4,9,5,5,5
66715008,846,123,10,10,28,20,26,29
393672471,794,0,0,0,0,0,0,0
365070128,813,3,1,0,1,0,0,1
365059891,824,12,0,0,2,3,2,5
392909786,816,113,10,11,30,23,20,19
422252417,800,91,2,6,20,18,24,21
51288359,156,25,1,2,14,5,2,1
296672022,416,22,2,2,8,3,3,4
339568213,627,65,4,11,14,17,10,9
67982365,232,17,1,0,5,5,3,3
314527844,193,20,2,3,3,4,5,3
279319810,465,17,1,3,5,5,3,0
177283727,248,4,1,0,2,1,0,0
364200513,221,14,0,2,4,3,2,3
150031040,371,0,0,0,0,0,0,0
233558430,610,9,1,0,2,1,1,4
220569051,445,23,1,4,6,7,5,0
231275247,520,8,0,0,2,2,2,2
270622440,608,29,2,1,2,6,10,8
441464221,788,22,2,1,7,5,3,4
355601117,432,24,2,5,7,5,4,1
270411008,695,2,0,0,0,1,1,0
231010756,427,16,2,2,3,0,3,6
67559369,712,1,0,0,1,0,0,0
97467902,744,64,6,9,11,13,9,16
29847695,811,19,1,3,5,3,3,4
322493523,724,55,2,3,12,9,13,16
219222201,11055,803,32,79,170,168,166,188
115693377,647,6,1,0,0,1,2,2
63785934,715,78,5,3,16,17,15,22
55369219,382,19,2,0,6,5,2,4
52079677,310,9,0,0,3,2,2,2
54018297,832,94,2,8,24,21,20,19
98658304,793,0,0,0,0,0,0,0
306773020,323,33,2,2,9,11,2,7
198011271,476,44,4,3,8,11,11,7
279949020,443,4,1,0,1,0,1,1
114471605,798,11,0,0,2,3,5,1
31850842,297,18,0,2,4,3,4,5
300972613,554,38,3,4,6,9,8,8
9054370,832,33,2,2,10,9,4,6
316769815,717,61,4,5,12,15,16,9
69888530,778,34,7,2,10,6,2,7
220523550,362,5,0,1,1,1,1,1
219238496,8461,213,11,23,48,53,32,46
396721448,488,0,0,0,0,0,0,0
3816260,840,5,0,0,1,3,1,0
308225941,652,45,2,3,10,14,6,10
231061733,455,100,7,8,22,24,22,17
231840927,293,8,1,1,2,1,1,2
382069435,426,0,0,0,0,0,0,0
234518605,391,13,0,1,2,5,3,2
215336287,690,72,3,5,14,19,13,18
259543079,502,0,0,0,0,0,0,0
3921749,787,7,0,0,1,1,2,3
234347951,281,1,0,0,0,0,1,0
279741942,430,9,0,1,2,1,3,2
251858265,698,56,3,6,12,10,15,10
219998089,523,15,1,0,3,2,3,6
142177867,565,31,2,2,8,8,8,3
63941711,775,65,4,8,14,14,9,16
299135660,813,22,1,3,7,7,4,0
38937499,308,5,1,0,2,1,1,0
219984354,465,53,6,3,13,12,9,10
197908268,444,29,2,1,5,13,7,1
123405765,680,41,4,5,10,8,6,8
164681172,755,26,3,2,5,6,2,8
231833061,292,0,0,0,0,0,0,0
28051929,754,6,0,0,2,1,0,3
268529943,798,0,0,0,0,0,0,0
10756751,805,111,7,10,27,24,21,22
9209932,770,0,0,0,0,0,0,0
382323697,807,0,0,0,0,0,0,0
220015845,510,3,1,0,0,0,2,0
115275539,663,0,0,0,0,0,0,0
120566395,606,0,0,0,0,0,0,0
350954272,489,69,3,6,17,19,10,14
231851620,364,18,2,3,4,2,5,2
389754103,637,32,2,3,8,4,2,13
197931263,492,49,5,3,9,12,8,12
39018208,333,8,0,1,1,4,2,0
237342298,543,27,3,4,5,4,4,7
49677785,798,0,0,0,0,0,0,0
220567625,340,14,0,1,4,5,3,1
164752991,783,0,0,0,0,0,0,0
389669796,246,3,0,0,0,2,1,0
33912852,748,43,4,3,9,8,8,11
389754101,626,52,6,6,10,9,13,8
197886566,428,32,1,2,6,7,11,5
231279823,473,0,0,0,0,0,0,0
146761368,578,43,1,1,9,9,9,14
178171080,734,27,3,3,8,4,5,4
77030554,705,29,4,4,11,5,4,1
100918213,656,67,7,5,13,17,10,15
111267340,580,55,8,5,13,13,11,5
220430912,439,61,6,2,9,14,11,19
234494090,378,9,0,0,4,1,2,2
41865879,617,59,5,5,15,14,11,9
91638523,603,39,4,3,13,10,7,2
327996089,714,37,4,2,10,10,7,4
13092260,744,18,2,2,5,3,4,2
402112785,677,232,9,21,63,62,42,35
259675295,523,49,6,2,12,10,10,9
332488398,720,35,2,3,7,10,7,6
33665328,717,42,4,2,13,10,7,6
3815360,798,0,0,0,0,0,0,0
38699825,448,39,1,6,13,7,4,8
244163413,843,56,3,3,11,19,10,10
266735682,779,89,4,3,21,23,22,16
401889117,608,8,0,0,1,3,3,1
159897979,672,14,1,0,4,3,4,2
349835367,378,37,2,4,6,8,9,8
220521199,335,53,6,4,12,14,7,10
197887879,430,0,0,0,0,0,0,0
215403644,605,96,4,11,25,23,17,16
116417661,677,36,2,3,8,8,6,9
10838695,786,75,4,6,16,11,15,23
391902612,21,0,0,0,0,0,0,0
401869914,566,69,3,2,17,23,11,13
100029948,585,27,1,0,6,8,8,4
129764561,639,56,5,5,17,15,7,7
79548760,581,9,0,0,1,3,4,1
207200487,477,52,5,8,19,7,6,7
183596242,642,44,4,3,5,5,8,19
206468815,455,7,0,0,3,2,0,2
259589049,500,16,1,0,4,4,3,4
198037741,481,87,5,6,18,17,17,24
287351976,23,2,0,0,0,0,0,2
301022235,562,91,3,8,22,15,17,26
91542943,670,25,1,4,4,5,4,7
266770712,767,109,11,7,17,30,25,19
259373684,515,3,0,0,0,1,1,1
281498280,447,23,1,0,4,5,7,6
117549840,491,28,2,3,2,7,8,6
358232450,436,74,3,7,14,20,11,19
270622446,618,63,2,4,10,12,17,18
24704862,332,18,0,1,3,4,5,5
349907707,371,36,1,0,8,13,6,8
31653503,303,19,0,1,3,6,7,2
300654002,282,32,2,4,6,5,6,9
273792220,351,10,0,2,4,2,2,0
339607421,521,16,3,0,3,3,4,3
114819301,827,13,2,3,1,1,2,4
69949079,787,88,7,8,28,23,10,12
31796120,263,12,1,2,2,4,3,0
4629065,818,27,1,3,8,4,5,6
200440270,624,59,4,4,17,7,10,17
121078334,748,72,1,6,22,13,11,19
301407485,821,95,8,6,15,25,27,14
200363295,555,39,1,6,6,5,7,14
77158150,666,37,3,5,10,7,7,5
381167995,862,159,12,15,36,38,31,27
144598282,24355,2427,108,271,538,548,397,565
231809798,540,25,1,4,6,6,4,4
453828066,782,23,0,2,4,3,7,7
461713146,828,102,3,9,23,30,17,20
404477044,792,39,2,3,9,10,7,8
35743561,815,112,8,10,23,29,20,22
318887874,891,110,7,8,30,26,16,23
261332760,30,0,0,0,0,0,0,0
77209028,612,35,2,3,7,5,8,10
301405723,833,96,7,9,27,22,16,15
65448527,726,94,7,10,30,19,10,18
259701720,528,62,9,1,15,12,11,14
347545091,606,53,2,3,15,15,9,9
144539611,724,13,1,0,3,1,4,4
323295967,588,0,0,0,0,0,0,0
121156576,773,29,0,0,6,7,6,10
12631605,811,0,0,0,0,0,0,0
425077106,756,73,5,8,24,13,9,14
146688260,570,64,4,5,17,14,8,16
387544749,203,27,0,7,10,6,4,0
200297691,553,54,3,3,8,12,15,13
170635351,675,40,1,2,8,6,6,17
347545020,555,30,2,3,6,5,7,7
302457456,782,97,7,7,30,25,14,14
166874908,688,65,2,6,13,11,13,20
35101462,819,25,2,2,6,8,4,3
318868368,869,0,0,0,0,0,0,0
7695666,600,0,0,0,0,0,0,0
274039311,764,0,0,0,0,0,0,0
161638713,562,45,5,2,13,10,6,9
98853987,810,91,6,11,28,18,10,18
250387838,782,16,1,2,7,2,1,3
143022688,2184,73,2,12,16,24,10,9
219362976,522,12,0,1,4,3,2,2
66572840,815,16,2,1,5,4,2,2
142929481,654,43,3,1,10,9,10,10
88479623,747,47,0,2,11,14,15,5
369370898,591,35,3,7,4,8,10,3
219421171,539,17,0,0,3,5,4,5
98853990,805,54,2,5,11,12,15,9
279097963,805,21,2,3,6,2,2,6
33834253,255,37,4,1,8,5,10,9
38588414,809,35,2,2,8,7,10,6
178352046,741,0,0,0,0,0,0,0
12529950,801,13,1,1,3,2,1,5
4723156,776,4,0,0,1,2,1,0
259470701,557,33,4,5,7,3,2,12
88571421,719,30,3,2,10,7,3,5
88380001,776,15,1,0,5,3,2,4
121048789,751,46,1,6,11,8,9,11
251087387,834,51,9,3,9,9,9,12
178242590,827,65,8,3,16,13,13,12
422844353,180,2,0,0,0,1,1,0
178284729,741,11,0,2,4,1,2,2
4742129,799,29,3,1,7,9,6,3
142852841,728,18,0,2,4,4,6,2
153742549,579,10,2,0,2,1,2,3
361993750,332,5,1,1,1,1,1,0
44890224,756,0,0,0,0,0,0,0
453828065,787,0,0,0,0,0,0,0
161577376,552,19,1,1,5,3,2,7
358335586,463,63,6,4,12,16,14,11
89045042,726,19,1,4,5,5,3,1
231293332,523,18,0,6,5,1,1,5
257691369,463,2,0,0,0,0,0,2
153709888,609,28,4,1,8,7,3,5
279454212,804,4,1,1,1,1,0,0
153741139,583,18,3,2,3,4,2,4
170749770,680,37,1,3,11,8,8,6
302384263,801,22,0,7,4,3,6,2
159984211,656,0,0,0,0,0,0,0
35744583,825,0,0,0,0,0,0,0
64108432,750,29,2,2,5,5,7,8
237944385,611,8,0,0,2,4,2,0
317411334,599,18,1,1,6,5,2,3
201497357,699,52,5,4,7,16,13,7
291385340,190,4,0,0,0,2,2,0
124033255,801,0,0,0,0,0,0,0
11286209,565,79,3,7,18,23,18,10
238162238,551,26,2,1,5,4,4,10
264594193,905,70,5,6,18,14,6,21
142677613,269,8,0,1,2,3,1,1
301485937,418,15,0,0,1,2,4,8
124199788,273,7,1,0,2,0,1,3
96799506,674,21,1,1,5,5,4,5
264537668,238,0,0,0,0,0,0,0
156577475,219,0,0,0,0,0,0,0
142409400,254,17,1,1,3,8,1,3
255587619,498,0,0,0,0,0,0,0
238896431,570,16,0,0,3,5,3,5
167671107,624,22,1,0,4,6,6,5
60479151,762,64,6,8,16,14,11,9
53059882,693,26,0,2,2,5,7,10
207004093,512,0,0,0,0,0,0,0
12158853,248,8,0,0,0,3,2,3
50528312,864,32,1,1,5,7,10,8
264592553,466,10,1,1,4,2,2,0
365694569,206,6,0,3,3,0,0,0
39818458,235,5,0,0,1,1,1,2
35481236,278,27,0,2,6,11,5,3
37248140,253,0,0,0,0,0,0,0
172361463,768,16,1,0,4,1,3,7
299906906,721,20,3,1,7,5,2,2
52641430,761,15,1,1,4,5,1,3
255744818,535,0,0,0,0,0,0,0
220315592,882,52,0,4,16,17,9,6
427398881,560,22,4,4,2,3,5,4
464838153,365,25,3,3,4,5,5,5
42991745,263,18,0,2,6,5,2,3
157751050,556,28,1,3,8,6,5,5
143117999,282,0,0,0,0,0,0,0
443174527,266,0,0,0,0,0,0,0
32759110,769,10,0,1,1,0,1,7
172462064,738,4,1,1,2,0,0,0
435936714,216,0,0,0,0,0,0,0
427394772,857,56,3,9,15,10,9,10
25188036,261,12,1,1,4,1,3,2
231972938,627,28,1,1,3,6,7,10
140212820,694,53,4,3,14,14,7,11
143171265,687,23,2,2,5,5,4,5
33742428,734,60,3,6,11,15,13,12
14081980,607,28,1,5,9,4,3,6
52276229,709,19,2,2,0,3,4,8
156241056,191,14,0,3,4,6,1,0
117739806,700,18,1,1,5,4,4,3
317191077,789,46,5,5,12,9,6,9
267195931,632,35,4,1,10,7,6,7
322650462,747,56,4,6,8,13,17,8
443117794,273,2,0,0,0,1,1,0
168191566,259,28,1,1,3,7,9,7
436158814,210,2,0,1,1,0,0,0
11756637,247,0,0,0,0,0,0,0
156758188,685,79,2,8,12,20,21,16
176406202,369,56,2,8,22,10,7,7
220318793,816,22,0,1,4,10,5,2
282270717,234,34,1,3,6,12,8,4
53122807,714,0,0,0,0,0,0,0
38678931,395,3,0,0,0,2,1,0
72782654,224,9,2,1,5,1,0,0
42828781,261,13,0,2,2,5,2,2
167747439,630,26,0,1,4,4,9,8
123902605,776,31,4,3,11,5,3,5
231822771,586,35,6,3,9,4,5,8
232030067,645,24,2,3,3,8,7,1
160328766,715,17,0,2,3,2,3,7
49701947,769,18,1,3,6,3,1,4
255700967,522,16,0,0,4,5,3,4
279640088,869,34,2,1,9,12,5,5
24397947,717,0,0,0,0,0,0,0
290044434,784,0,0,0,0,0,0,0
52641431,761,26,3,2,5,8,8,0
33864821,262,21,4,1,5,5,6,0
220082557,830,74,2,4,18,17,16,17
287841093,827,8,1,1,2,2,1,1
176591772,752,13,0,0,2,5,5,1
31303242,750,43,3,6,12,9,5,8
180943676,566,5,0,1,2,2,0,0
231205049,787,0,0,0,0,0,0,0
443055162,261,1,1,0,0,0,0,0
33419790,789,64,3,6,21,21,8,5
172742334,776,17,0,3,5,3,1,5
78568736,341,10,0,1,0,3,3,3
38023570,758,32,2,4,7,9,5,5
37606218,748,21,0,0,2,7,5,7
234211934,269,12,0,3,2,2,4,1
355357949,555,37,3,4,8,7,10,5
31054255,790,25,2,4,5,4,4,6
322900369,252,0,0,0,0,0,0,0
52924466,752,1,0,0,0,0,0,1
232185093,208,3,0,1,1,1,0,0
123573766,842,12,1,1,3,2,4,1
365570620,212,0,0,0,0,0,0,0
124106762,266,1,0,0,1,0,0,0
146879345,260,14,2,2,6,0,1,3
100917608,643,40,1,2,5,14,9,9
255565860,529,30,2,5,9,5,2,7
436243444,234,15,0,0,4,8,3,0
438071843,221,1,0,0,0,1,0,0
119461266,259,7,1,0,1,2,1,2
147185619,255,0,0,0,0,0,0,0
436103335,213,28,0,5,6,8,9,0
317330474,828,5,0,0,1,2,2,0
319467578,520,13,1,1,5,3,0,3
284909275,229,3,0,1,1,0,1,0
33689349,781,15,2,2,3,4,2,2
140659978,233,3,0,0,1,0,2,0
350297040,459,3,0,0,0,0,2,1
345835653,206,0,0,0,0,0,0,0
153166843,721,57,0,2,7,19,15,14
346429188,344,78,5,6,16,12,16,23
37601240,738,112,6,14,17,20,25,30
424992973,781,15,0,1,1,4,2,7
234933888,218,18,0,5,5,4,2,2
144695651,207,14,0,1,4,5,4,0
48658291,777,35,1,2,7,9,7,9
147975720,662,0,0,0,0,0,0,0
255548311,532,11,3,0,2,3,3,0
138857475,546,9,0,0,2,1,3,3
234874474,242,36,0,8,9,11,7,1
235073057,640,0,0,0,0,0,0,0
143234741,677,27,3,0,7,5,4,8
219403686,521,28,2,2,7,7,5,5
307016006,192,37,0,5,7,15,10,0
134283998,581,104,10,5,25,24,24,16
88916475,857,23,3,1,7,8,3,1
125497512,279,69,4,7,16,20,10,12
32932888,275,39,1,7,6,9,6,10
51155192,369,19,1,1,5,5,5,2
155813907,363,36,0,3,10,9,7,7
388086679,798,32,2,3,9,7,5,6
443969553,836,0,0,0,0,0,0,0
173432542,195,0,0,0,0,0,0,0
143318403,768,99,4,11,21,19,16,28
425223388,844,61,1,4,10,16,17,13
33194538,284,40,2,5,10,12,2,9
55489734,271,13,0,1,5,5,2,0
150282779,231,26,0,2,2,8,8,6
6518047,753,49,3,3,13,6,12,12
262696097,837,99,5,9,22,26,20,17
149319411,208,14,1,2,3,3,1,4
440796977,757,0,0,0,0,0,0,0
98478039,658,0,0,0,0,0,0,0
80659292,174,0,0,0,0,0,0,0
112236473,193,7,0,0,1,3,3,0
142080812,246,41,2,3,8,7,8,13
78450017,295,4,1,0,1,1,1,0
128902999,230,0,0,0,0,0,0,0
124651221,286,0,0,0,0,0,0,0
318573150,869,33,1,3,4,6,7,12
169770571,837,52,2,3,15,11,14,7
177723489,242,0,0,0,0,0,0,0
155884454,763,72,2,9,22,16,10,13
22766107,718,26,0,2,5,9,8,2
51104846,879,26,2,2,9,6,1,6
468958384,818,79,3,8,16,17,15,20
126446153,222,24,0,0,8,8,5,3
134522557,212,4,0,0,0,0,1,3
126586580,229,24,2,3,4,8,6,1
125501325,271,15,2,2,0,1,3,7
155884449,761,0,0,0,0,0,0,0
124712820,281,19,1,2,3,3,5,5
124712813,281,21,1,0,6,5,3,6
319558164,516,13,1,1,3,5,2,1
27654882,794,27,2,3,8,7,5,2
455178154,875,62,3,8,21,14,11,5
132448273,198,0,0,0,0,0,0,0
296184440,268,12,2,0,3,4,2,1
114547549,222,28,2,2,9,8,3,4
11070365,828,152,5,15,36,27,31,38
259070502,242,29,3,4,7,8,2,5
19193162,868,41,3,3,14,10,7,4
14709809,541,48,2,5,11,5,8,17
165148663,628,0,0,0,0,0,0,0
173756330,222,22,1,3,6,2,6,4
271013213,821,126,8,13,19,27,31,28
440788366,801,35,1,2,3,9,9,11
177960771,845,24,1,0,4,8,9,2
66102144,851,63,1,7,18,18,6,13
18915591,799,55,3,2,14,20,11,5
319011894,858,36,0,3,6,10,8,9
306651396,275,27,2,0,6,9,6,4
452895993,861,49,2,2,3,15,15,12
7211118,838,87,9,8,21,16,21,12
21184505,749,0,0,0,0,0,0,0
278826996,519,3,0,0,1,2,0,0
125175122,838,36,0,1,3,9,12,11
80556181,235,9,0,0,4,4,1,0
319863494,486,41,3,6,10,8,7,7
60284401,829,40,1,4,11,9,5,10
425166925,868,103,7,13,28,25,18,12
124950413,270,9,0,0,2,2,3,2
50758245,887,35,0,3,5,9,11,7
281341249,243,11,1,1,1,3,2,3
148920245,217,0,0,0,0,0,0,0
64608449,748,100,7,12,19,20,20,22
93681365,865,0,0,0,0,0,0,0
437212966,798,27,3,4,5,6,4,5
173077938,397,35,1,0,14,10,4,6
306763456,252,0,0,0,0,0,0,0
262758522,811,0,0,0,0,0,0,0
173038281,744,8,1,0,1,1,2,3
468948126,856,75,2,3,14,19,18,19
452845139,841,29,1,2,9,4,4,9
80650858,194,16,1,2,3,3,2,5
130876312,206,20,2,1,8,4,1,4
129268651,239,5,0,0,0,2,2,1
66509654,255,9,2,0,1,1,0,5
64783257,203,9,1,1,3,2,0,2
284613090,799,13,2,0,3,4,3,1
168426455,283,9,0,0,3,2,3,1
63579446,474,16,2,0,5,3,4,2
425172025,827,31,3,3,10,8,4,3
182469311,206,8,0,0,1,1,1,5
468958374,821,80,5,3,17,20,23,12
307304908,263,48,3,5,10,11,11,8
150284425,217,9,0,3,4,0,0,2
332079835,824,0,0,0,0,0,0,0
455153566,821,93,5,7,19,21,20,21
409319605,258,41,3,4,8,12,8,6
66602813,471,19,1,0,3,5,4,6
123153249,449,75,4,4,10,15,19,23
147102369,216,10,3,2,2,1,2,0
173756896,214,6,0,0,1,2,0,3
22937402,622,0,0,0,0,0,0,0
175969976,817,85,7,5,20,16,13,24
63192395,605,43,3,2,9,11,9,9
156325724,330,12,1,2,3,2,1,3
145762697,230,7,1,0,3,2,1,0
178051504,260,32,3,5,4,3,5,12
56023695,233,35,1,3,9,8,3,11
48880872,807,30,4,1,7,5,6,7
238896417,561,14,0,1,3,3,4,3
18914916,832,0,0,0,0,0,0,0
1190662,848,0,0,0,0,0,0,0
398221405,696,20,3,1,3,4,5,4
12012992,728,43,4,1,11,14,5,8
60655023,820,70,3,8,15,16,12,16
415345299,830,0,0,0,0,0,0,0
38125059,736,0,0,0,0,0,0,0
453059861,824,101,3,9,22,23,15,29
182776916,224,44,3,4,6,7,8,16
81609273,179,0,0,0,0,0,0,0
423363853,803,6,1,0,2,1,0,2
386431674,824,5,0,0,2,3,0,0
60979860,868,72,2,7,14,21,16,12
290476605,857,0,0,0,0,0,0,0
2020964,788,0,0,0,0,0,0,0
289670788,846,79,6,4,15,21,13,20
176774858,781,0,0,0,0,0,0,0
271864083,755,0,0,0,0,0,0,0
185805011,273,26,3,2,7,6,6,2
22538139,652,37,1,4,7,11,7,7
62761513,867,50,4,3,9,11,13,10
56332484,238,0,0,0,0,0,0,0
80025900,190,6,0,0,3,3,0,0
175182754,198,9,0,0,2,2,2,3
410245402,782,56,5,6,17,10,8,10
405391996,827,50,3,1,16,18,5,7
283698250,779,53,6,4,18,10,8,7
2353789,780,47,1,5,11,12,7,11
289596375,865,39,1,2,9,17,9,1
146601322,874,96,4,3,33,22,14,20
413024324,815,41,0,2,7,14,11,7
270648838,854,13,1,0,4,2,2,4
93911780,182,0,0,0,0,0,0,0
393344055,203,30,0,2,6,5,7,10
408351795,814,41,7,2,11,13,7,1
348759510,847,20,1,1,4,7,3,4
186544053,224,4,0,0,1,2,1,0
78151317,835,69,1,6,12,17,15,18
46908113,820,39,0,2,9,15,7,6
377060843,854,15,2,0,3,4,3,3
386437695,849,38,2,6,10,9,4,7
74528791,202,12,1,0,1,4,0,6
1202347,732,19,0,3,8,4,4,0
55252407,224,0,0,0,0,0,0,0
415434817,819,92,2,8,27,24,14,17
262605041,809,11,0,2,1,0,5,3
146039664,220,2,0,0,0,1,1,0
312111256,823,0,0,0,0,0,0,0
423279462,807,54,2,5,15,13,12,7
119058688,847,0,0,0,0,0,0,0
47175622,841,42,3,1,5,6,14,13
51947865,822,0,0,0,0,0,0,0
185980914,227,21,0,0,6,7,5,3
51325134,865,59,3,4,9,15,15,13
277712294,850,15,1,1,4,3,4,2
415528958,804,10,1,2,2,3,2,0
347506869,799,46,6,2,10,11,8,9
142742998,875,41,0,2,4,14,16,5
14307980,810,64,4,4,10,17,23,6
146601318,878,87,4,10,25,20,14,14
386262459,813,19,0,1,6,3,3,6
5364915,824,19,1,2,6,4,2,4
55408994,199,4,0,0,0,1,2,1
305536358,854,95,5,4,21,28,20,17
78234838,845,48,3,5,13,8,6,13
408351887,824,0,0,0,0,0,0,0
289597948,804,22,3,0,4,7,6,2
29697290,208,0,0,0,0,0,0,0
96106862,835,22,0,2,4,3,3,10
145586291,204,10,0,0,2,3,4,1
191926695,216,6,0,0,3,3,0,0
95867802,850,101,6,8,22,23,18,24
449351034,579,0,0,0,0,0,0,0
83113607,782,43,3,1,10,10,6,13
21639186,589,37,2,3,11,6,4,11
389667572,262,8,1,0,2,1,1,3
371108287,325,32,1,4,4,9,6,8
450918869,379,16,0,1,6,7,1,1
141663326,564,13,1,1,2,5,3,1
275697259,609,87,4,6,19,21,20,17
101462,750,12,3,3,3,1,0,2
258839862,588,37,1,2,8,7,3,16
438790188,601,0,0,0,0,0,0,0
276458481,660,0,0,0,0,0,0,0
243391162,593,23,0,2,6,3,5,7
412941718,158,19,1,1,5,5,3,4
423220124,404,28,2,3,10,5,4,4
47402214,355,0,0,0,0,0,0,0
349483495,423,16,3,0,3,5,2,3
407067592,19,2,1,1,0,0,0,0
327850372,663,0,0,0,0,0,0,0
254039358,659,28,0,4,10,5,4,5
410276444,485,0,0,0,0,0,0,0
406238813,489,2,0,0,0,0,0,2
113501026,710,0,0,0,0,0,0,0
58229181,181,0,0,0,0,0,0,0
25226885,840,75,5,3,20,19,14,14
229057817,710,95,8,11,17,19,17,23
126602778,566,104,11,13,19,22,19,20
143924219,553,23,0,2,10,7,1,3
279314488,630,43,3,2,7,11,6,14
403153647,448,15,1,0,2,4,1,7
139188326,594,69,6,2,16,13,15,17
441422220,676,30,2,1,4,8,8,7
139699256,547,40,1,3,11,13,5,7
33862174,22,0,0,0,0,0,0,0
214198381,651,68,4,8,13,19,14,10
394585218,313,16,2,0,5,6,1,2
265591866,395,48,1,5,14,13,6,9
265489698,403,45,5,1,10,9,7,13
277649549,370,9,0,0,0,2,2,5
262958558,27,0,0,0,0,0,0,0
389476160,602,49,2,2,8,11,13,13
253928535,699,23,1,1,7,7,5,2
265613590,494,20,2,1,5,5,4,3
389726435,574,87,4,8,25,20,12,18
139825840,532,42,4,7,12,6,7,6
201256771,421,29,2,1,4,9,5,8
234491752,389,59,1,9,15,10,10,14
79225651,494,20,1,2,3,5,3,6
278784173,642,14,0,1,4,2,3,4
219308281,506,59,6,3,13,11,10,16
144000467,476,9,1,1,2,3,1,1
139841210,555,41,1,5,10,8,7,10
394006752,460,72,5,7,17,12,14,17
126945917,601,98,5,8,26,29,17,13
139721086,524,1,0,0,0,0,1,0
441406061,728,75,3,5,18,19,13,17
152223725,676,70,5,2,12,17,18,16
89018905,567,29,2,4,6,5,7,5
70442570,682,19,0,1,5,5,5,3
92628706,671,4,0,1,2,1,0,0
269762258,12,0,0,0,0,0,0,0
201234926,261,0,0,0,0,0,0,0
115115136,594,31,6,1,10,5,2,7
181043970,258,30,1,2,5,6,4,12
92349924,702,12,0,2,2,3,4,1
144462697,589,74,4,4,19,24,12,11
63280198,708,254,13,23,57,56,51,54
253922296,712,31,2,1,9,8,5,6
269829384,763,0,0,0,0,0,0,0
220388567,433,12,1,1,4,3,1,2
206556127,811,41,1,5,10,12,8,5
266996791,482,54,1,6,12,15,10,10
326356701,775,108,5,8,28,22,20,25
201176965,468,43,2,5,12,8,7,9
231828370,342,0,0,0,0,0,0,0
237332597,407,23,3,3,6,4,5,2
160036449,640,60,3,5,17,14,11,10
126763885,529,9,0,0,2,3,3,1
278706358,636,13,1,4,3,2,2,1
126944775,603,44,2,3,13,17,6,3
139128537,573,39,1,6,12,8,6,6
261656371,19,0,0,0,0,0,0,0
406276109,360,3,0,0,0,1,1,1
214517366,638,136,7,10,27,32,32,28
197760286,733,0,0,0,0,0,0,0
219328784,517,180,16,19,41,39,31,34
204497617,691,34,2,4,9,3,5,11
201293780,441,38,1,4,9,5,8,11
206462116,781,54,0,4,10,16,17,7
358457398,27,3,1,0,0,1,1,0
270166263,745,5,2,0,2,1,0,0
214299966,640,26,2,3,7,4,6,4
121420805,543,73,2,2,17,19,19,14
197570458,663,1,0,0,1,0,0,0
147201138,637,66,5,5,15,14,13,14
301980639,734,12,1,2,4,3,0,2
44623916,644,74,5,6,18,15,15,15
62762261,693,9,1,0,4,3,1,0
219322317,424,5,0,0,2,3,0,0
381854774,451,18,0,3,4,4,5,2
300903537,679,21,0,0,4,6,7,4
117544915,623,74,4,10,21,13,13,13
197766143,419,44,5,3,10,10,9,7
54001270,691,80,3,6,16,24,16,15
29478974,794,3,1,1,0,1,0,0
231714759,415,18,0,1,4,4,4,5
229808144,262,7,0,0,2,4,1,0
97402522,699,34,1,8,10,5,5,5
92594505,682,2,0,0,1,1,0,0
325205605,230,22,3,3,6,3,4,3
207080350,605,5,0,0,1,2,1,1
350190639,402,10,0,2,1,1,2,4
231860752,359,13,0,0,5,3,3,2
219338651,409,61,5,6,18,7,8,17
401926767,860,15,1,1,3,4,2,4
279537689,785,0,0,0,0,0,0,0
56127811,814,36,2,2,5,6,10,11
445921773,203,25,0,5,11,5,4,0
231973885,593,61,1,7,8,14,13,18
231921891,557,33,1,2,10,12,5,3
31107108,318,36,2,1,4,5,7,17
244252435,816,12,0,0,7,2,2,1
9381557,805,44,3,1,5,10,15,10
310308203,348,34,1,1,7,11,11,3
117879940,825,45,2,7,8,6,9,13
117925262,771,80,3,6,17,23,16,15
220402290,462,62,5,8,14,10,7,18
213047427,821,15,0,0,4,4,6,1
333642126,813,14,3,1,2,2,4,2
146522930,791,48,3,7,14,10,8,6
245863693,197,13,0,1,4,6,2,0
117648603,773,87,7,8,14,24,19,15
250196734,846,5,0,3,0,1,1,0
167673218,649,34,1,4,5,9,9,6
146439804,776,211,16,21,67,45,31,31
139701741,776,82,11,8,18,13,13,19
426588729,198,10,0,0,5,4,1,0
219173590,557,53,1,6,13,12,9,12
13325340,740,97,10,5,16,23,23,20
464772659,190,0,0,0,0,0,0,0
121595243,792,63,11,6,16,11,9,10
248403190,812,69,3,11,22,10,12,11
32702481,745,25,3,3,6,7,5,1
9380768,810,51,3,7,11,10,9,11
20176492,661,80,3,5,21,24,13,14
178858648,707,34,1,2,7,8,6,10
37817410,844,90,8,6,23,23,13,17
146597035,776,20,2,3,3,6,3,3
1220444,675,9,0,1,4,3,1,0
362043085,212,2,0,1,1,0,0,0
146344020,753,26,1,3,2,6,5,9
299096773,817,56,1,3,13,13,11,15
283677584,207,23,0,4,12,3,4,0
442918617,861,75,2,2,24,25,10,12
393803650,785,103,6,10,26,23,15,23
167756615,652,11,1,1,4,2,0,3
67719432,811,73,6,9,25,14,9,10
24522770,816,39,0,9,8,4,8,10
399664959,216,11,0,5,5,1,0,0
179034615,699,0,0,0,0,0,0,0
471013547,216,0,0,0,0,0,0,0
178996712,737,24,0,2,5,5,4,8
468887783,197,3,0,1,0,1,1,0
167717848,624,63,5,7,15,11,9,16
55999432,814,0,0,0,0,0,0,0
149861542,728,59,4,3,8,12,18,14
43648757,842,17,1,2,3,1,3,7
20095466,663,74,3,5,13,16,24,13
38677487,826,28,1,2,6,3,6,10
316918055,824,45,7,4,7,12,9,6
77437462,669,0,0,0,0,0,0,0
399729481,202,0,0,0,0,0,0,0
146559015,763,0,0,0,0,0,0,0
432610098,195,9,0,2,2,2,3,0
24433067,733,58,1,3,13,15,15,11
311128363,190,18,0,1,1,9,7,0
373364179,214,6,0,4,2,0,0,0
9433212,804,15,1,1,2,4,5,2
56128191,813,6,0,2,1,1,1,1
13062697,720,0,0,0,0,0,0,0
178938417,728,0,0,0,0,0,0,0
67688552,782,50,1,7,14,11,7,10
200440175,595,53,5,2,6,11,10,19
146559012,762,13,1,0,4,3,1,4
13957444,680,20,1,2,7,3,2,5
239673325,2,0,0,0,0,0,0,0
408068720,855,81,8,3,16,18,17,19
198051336,404,53,3,10,9,11,8,12
79565128,527,46,2,2,7,14,11,10
70555928,675,82,7,15,24,15,8,13
63818344,760,81,5,6,19,21,16,14
287175225,818,140,13,9,29,27,29,33
219244444,1242,0,0,0,0,0,0,0
180724703,646,85,2,3,15,19,24,22
41896812,608,46,0,8,9,11,9,9
139256217,595,54,3,6,16,9,9,11
31655792,308,24,2,1,4,8,7,2
32200310,788,62,2,5,7,17,19,12
51912829,301,14,1,1,3,6,1,2
52368472,271,43,3,3,11,9,7,10
79403459,527,95,2,11,23,18,14,27
89428764,670,100,6,8,23,30,22,11
91369561,608,41,3,4,13,8,7,6
91448148,586,69,2,8,16,21,15,7
99465976,761,121,6,6,20,29,33,27
99646802,793,88,9,12,26,22,9,10
115105140,698,114,3,12,31,20,31,17
117515123,559,89,8,6,25,19,11,20
126637765,624,144,9,15,27,25,18,50
139148071,629,93,4,5,21,22,23,18
139207681,633,97,6,9,21,18,18,25
139700621,483,32,3,4,5,4,11,5
144194304,685,68,4,6,12,12,13,21
147083089,579,75,4,5,14,20,17,15
147131974,605,88,6,9,21,18,19,15
152825521,610,88,7,8,21,23,13,16
152926069,646,122,3,15,31,30,23,20
161262226,542,60,3,8,13,13,14,9
183979262,254,12,1,2,2,2,3,2
197735761,644,81,7,8,14,17,16,19
200645730,564,61,4,3,15,14,14,11
201291281,437,78,3,3,14,24,20,14
206508611,819,0,0,0,0,0,0,0
206544316,464,70,5,6,15,16,11,17
211412634,710,101,5,10,25,15,14,32
212344482,726,92,8,9,20,18,19,18
214299836,652,89,2,12,13,16,20,26
219328400,493,132,8,8,30,30,25,31
229804573,397,62,4,3,15,18,12,10
231629787,448,109,4,6,31,34,23,11
232063593,411,78,5,6,21,19,16,11
234284556,350,120,5,8,23,29,29,26
234523599,366,6,0,0,0,1,2,3
235000060,388,49,8,5,13,10,6,7
235000061,388,32,7,4,7,6,4,4
235009317,364,9,2,0,3,2,2,0
259864042,310,119,10,8,28,21,20,32
260756218,318,0,0,0,0,0,0,0
263078276,11,0,0,0,0,0,0,0
267043786,269,22,1,0,4,5,3,9
276935996,314,42,3,7,11,4,8,9
279254042,659,64,1,5,12,12,17,17
290547036,12,0,0,0,0,0,0,0
355544723,531,114,5,6,39,23,20,21
355601553,403,95,6,9,19,17,21,23
355635441,442,68,3,11,16,12,12,14
355651035,370,39,2,3,8,11,6,9
355703913,293,0,0,0,0,0,0,0
369218857,670,100,7,7,21,20,20,25
381857817,462,43,2,6,10,12,7,6
389658055,556,72,3,6,19,14,17,13
393978805,478,53,2,5,13,10,10,13
402065927,285,49,8,5,15,8,4,9
403136932,524,83,7,7,21,18,14,16
410187905,313,48,3,7,10,6,9,13
410354930,5,1,0,0,0,1,0,0
412063998,232,36,1,1,12,10,5,7
419635446,300,56,3,7,12,12,6,16
441105436,768,74,0,6,21,16,16,15
441183795,762,66,2,3,16,17,15,13
441422527,671,178,14,11,52,44,31,26
469970988,363,51,5,1,13,12,8,12
469979014,288,46,3,3,12,11,7,10
471013508,288,33,4,3,10,7,7,2
8989778,875,109,10,11,26,19,14,29
9033144,774,4,0,0,1,2,1,0
9727392,790,33,4,3,7,3,5,11
12723924,804,0,0,0,0,0,0,0
13068361,750,122,6,5,18,28,25,40
43398254,728,82,2,5,23,21,15,16
49735506,857,196,16,18,53,45,31,33
69838619,800,129,8,14,36,26,25,20
69889494,827,147,6,13,30,38,33,27
70761941,563,44,3,2,14,13,5,7
89543393,793,173,8,13,32,34,43,43
100100827,554,34,1,2,9,9,8,5
115443990,653,106,10,9,31,25,18,13
118826280,660,72,3,6,20,19,12,12
120414806,334,19,1,2,5,4,4,3
120607386,630,105,7,8,24,25,20,21
155540827,713,20,0,2,3,5,6,4
155989956,505,0,0,0,0,0,0,0
158536052,531,13,0,2,3,1,3,4
158582801,538,0,0,0,0,0,0,0
158582802,538,37,2,3,8,11,5,8
160065970,640,43,1,6,10,9,11,6
160081043,663,89,6,7,15,16,18,27
160085375,416,31,1,1,5,8,7,9
167086201,344,35,2,4,10,10,4,5
175405906,597,76,7,8,16,11,17,17
175458611,642,98,9,5,16,27,25,16
179985566,641,14,0,2,1,4,5,2
183537458,655,87,5,7,18,20,16,21
188594653,834,87,3,9,23,14,17,21
188630094,765,109,7,5,23,28,25,21
201776479,428,38,3,4,9,12,6,4
201924791,447,3,0,1,1,0,0,1
204325855,783,99,8,12,29,16,15,19
204327008,810,97,5,10,18,31,21,12
206539783,415,6,0,0,0,2,1,3
207085748,512,53,2,1,12,14,12,12
207091008,518,88,5,5,18,25,22,13
207174531,454,65,2,3,14,18,19,9
240764987,805,75,4,8,17,16,13,17
251829135,613,51,4,2,7,13,11,14
251857120,655,106,8,9,29,17,24,19
254298146,747,137,7,6,32,37,25,30
281728276,489,45,1,5,10,13,8,8
313934040,527,87,2,4,24,25,15,17
340704073,713,137,11,16,34,35,22,19
340782794,665,53,3,2,12,9,12,15
349519544,403,54,1,5,15,17,11,5
369586828,609,87,6,4,24,16,21,16
372816629,425,37,2,6,7,9,6,7
382425148,610,91,5,8,22,26,19,11
389728831,641,0,0,0,0,0,0,0
393943031,636,78,3,8,25,15,13,14
399577123,767,77,1,6,23,18,15,14
402130407,677,45,3,3,14,15,7,3
402319281,815,100,4,16,24,14,21,21
402324760,810,79,6,6,19,19,16,13
402339590,797,89,7,8,21,20,14,19
415969184,799,127,10,6,31,31,24,25
425864141,600,40,4,7,7,7,7,8
434097226,826,138,9,10,44,37,19,19
434106760,805,159,11,7,33,38,37,33
11487334,742,128,10,10,29,30,27,22
11546041,732,110,7,8,26,20,24,25
11598102,699,69,3,7,19,8,9,23
29848012,825,112,3,9,21,27,25,27
32268776,725,54,6,2,12,17,9,8
32284829,685,95,8,7,20,23,16,21
32551761,814,181,10,18,38,46,39,30
33576348,750,123,4,16,25,28,29,21
49558810,665,17,0,0,3,5,5,4
75352949,805,0,0,0,0,0,0,0
114500611,792,150,5,9,33,42,32,29
123337161,683,77,6,3,21,16,12,19
140493525,696,116,3,10,23,34,20,26
146637697,556,96,6,7,24,19,15,25
146712645,600,19,2,0,1,5,6,5
160196709,576,61,5,6,17,11,10,12
164720673,763,127,6,13,26,31,24,27
164775666,780,88,9,11,20,20,16,12
212377300,805,113,8,4,31,31,20,19
215258019,666,77,5,9,11,16,15,21
229143092,569,142,12,12,34,35,28,21
241393039,801,124,7,6,36,28,22,25
241578867,830,96,5,5,30,20,16,20
248348545,859,178,10,13,43,31,36,45
266769521,754,84,3,9,19,21,9,23
266769522,754,107,4,9,30,28,18,18
266816672,742,67,0,5,16,22,10,14
268652258,784,51,2,9,11,15,7,7
268686000,792,64,1,3,13,9,16,22
268686130,776,158,11,10,39,31,29,38
268766053,755,3,0,0,0,2,1,0
269505148,779,101,10,5,18,21,20,27
287174076,811,103,7,7,29,28,17,15
293619461,527,69,3,4,19,21,12,10
299199358,842,43,5,5,15,4,7,7
396720998,497,0,0,0,0,0,0,0
398673007,858,108,11,17,15,22,20,23
423358373,819,143,7,17,34,35,32,18
439458951,757,105,8,10,23,21,24,19
1045298,818,136,7,9,36,35,28,21
7724421,656,94,5,5,18,20,26,20
9845586,855,87,6,6,21,14,18,22
9945183,828,96,8,7,19,23,25,14
12632044,798,245,18,24,50,61,43,49
23139612,818,82,2,5,16,23,19,17
23221002,798,72,7,6,14,18,17,10
25195864,321,28,1,5,8,4,5,5
30028394,778,136,10,13,33,26,31,23
35744707,823,65,3,5,17,15,14,11
36729364,843,142,16,14,33,19,20,40
36883123,818,102,6,12,22,22,16,24
38399380,828,77,9,11,16,13,13,15
38541473,828,15,2,3,5,4,1,0
44737596,744,25,1,1,9,7,6,1
44790502,722,148,7,11,39,33,21,37
44797681,729,207,15,16,54,39,35,48
49799894,806,234,9,23,56,52,48,46
65348716,745,145,11,12,30,27,29,36
66573768,804,112,3,12,31,25,23,18
89239251,736,101,6,6,15,29,20,25
92234970,752,115,7,10,21,30,24,23
98828631,773,91,6,11,23,20,14,17
101070833,594,128,7,6,25,38,24,28
120956236,811,117,4,5,24,31,24,29
121009628,748,61,2,2,12,17,12,16
121092386,737,146,3,10,38,33,31,31
121134517,764,112,8,7,28,25,24,20
129810365,625,83,5,7,11,14,18,28
129888462,638,75,6,6,17,15,17,14
141126559,256,50,5,7,10,13,9,6
141332108,820,75,2,10,21,18,17,7
152507230,9432,1062,41,159,201,307,188,166
152592870,540,105,10,6,19,27,19,24
153834085,577,11,1,1,1,3,3,2
156215585,790,97,10,7,29,21,14,16
159950145,684,62,3,4,11,16,13,15
165184400,668,0,0,0,0,0,0,0
166833457,688,0,0,0,0,0,0,0
168674931,714,85,7,8,17,14,19,20
168675489,633,102,5,8,26,25,19,19
168697816,672,116,12,7,30,20,17,30
168851294,675,130,4,9,31,30,26,30
170637811,688,101,6,5,16,23,21,30
170676440,670,101,8,13,20,18,19,23
178284730,745,15,2,0,5,5,3,0
179244391,301,24,3,0,4,9,5,3
197933923,509,66,5,5,17,20,6,13
198008281,506,68,2,5,10,18,17,16
219145901,546,137,9,12,35,31,26,24
219176881,467,89,4,8,21,24,15,17
219346326,537,50,2,3,7,17,11,10
220042007,550,64,3,7,16,14,13,11
220420534,437,40,6,5,10,8,5,6
250386181,784,23,2,2,4,3,7,5
251078096,779,133,8,11,28,28,28,30
251094451,770,0,0,0,0,0,0,0
256775514,669,74,4,7,19,14,20,10
257525627,734,124,9,10,29,30,29,17
257567854,706,22,2,2,2,6,5,5
260370454,502,65,4,11,17,7,13,13
270371961,467,27,0,1,2,6,9,9
270380593,792,0,0,0,0,0,0,0
274039489,833,41,2,4,8,9,8,10
274088422,787,148,5,12,36,37,22,36
277104322,326,94,6,5,20,21,24,18
279181220,816,0,0,0,0,0,0,0
279224984,794,123,6,12,31,29,19,26
279401848,779,73,2,5,19,16,18,13
279484342,795,136,9,14,26,22,30,35
318868129,827,110,4,10,23,25,27,21
318966048,863,100,5,6,24,16,21,28
319291434,796,138,8,10,34,28,20,38
322512913,734,71,3,8,20,19,6,15
326242641,789,168,11,15,37,37,26,42
332910947,11849,1752,64,188,360,348,383,409
332910986,7329,737,53,94,161,163,130,136
347552724,801,116,5,12,25,24,21,29
365301387,201,38,0,3,11,14,10,0
369362290,597,63,9,4,13,18,8,11
387463207,205,28,0,7,8,10,3,0
387513120,202,20,0,3,6,6,5,0
387513384,206,25,0,4,6,9,6,0
387586260,201,20,0,5,6,5,4,0
419994778,789,75,5,4,18,18,17,13
422914426,626,98,10,14,25,21,13,15
423387084,801,137,12,7,38,29,25,26
423439467,767,95,6,13,12,16,20,28
423833748,611,104,4,6,21,30,25,18
441128066,781,69,8,7,21,11,12,10
445924091,207,24,0,6,6,6,6,0
627436,777,108,5,19,22,23,20,19
737546,750,78,4,8,20,20,18,8
1449640,666,34,4,2,10,10,4,4
1450518,695,107,10,6,24,25,26,16
9172417,842,63,5,4,14,9,12,19
11002748,847,140,9,13,41,25,20,32
13062255,736,78,4,7,13,14,21,19
13070701,740,177,10,13,40,43,36,35
13135572,740,73,5,5,13,16,17,17
13345143,735,103,7,9,30,25,15,17
14091704,628,52,1,3,13,13,11,11
21729403,604,104,4,9,18,24,28,21
24450633,717,0,0,0,0,0,0,0
24586751,689,129,9,11,27,23,31,28
24606516,835,126,9,11,32,31,20,23
31118189,744,88,5,3,17,23,22,18
32543789,708,146,8,13,33,30,29,33
34107676,809,120,5,7,33,29,24,22
34145330,844,129,11,10,28,26,24,30
38589392,778,71,12,8,14,11,14,12
38686737,820,0,0,0,0,0,0,0
38687360,829,129,3,10,32,37,27,20
43533897,836,110,2,14,19,29,26,20
43712632,848,136,10,9,30,34,24,29
43846099,816,90,2,10,28,24,17,9
43864479,814,151,11,23,25,29,28,35
55896456,788,86,7,5,22,20,20,12
56001210,818,149,10,19,30,34,25,31
59038877,205,21,0,5,7,5,4,0
59038880,205,14,0,2,3,6,3,0
59091000,206,5,0,0,2,3,0,0
67686223,835,125,7,18,18,29,24,29
67686556,828,72,5,7,16,17,14,13
67687692,815,112,1,7,28,26,22,28
67807856,772,67,3,4,15,13,14,18
67808952,834,110,4,5,27,29,25,20
71026173,828,112,5,10,23,24,24,26
71107089,795,86,7,12,22,21,16,8
77703308,665,64,4,5,13,12,13,17
77951245,709,0,0,0,0,0,0,0
78055054,710,12,1,1,6,3,1,0
92938279,799,109,9,6,26,20,24,24
92938280,801,74,4,8,13,14,10,25
93053299,778,118,6,7,30,24,23,28
115046240,779,107,2,11,33,23,21,17
117978580,803,81,4,14,14,7,20,22
121568625,805,14,1,0,1,4,5,3
139703005,743,69,3,4,18,19,10,15
139732428,741,30,2,2,6,9,7,4
140209204,672,62,2,6,14,14,8,18
143350469,806,81,5,3,16,25,18,14
146520491,784,117,5,8,25,28,24,27
146539195,756,0,0,0,0,0,0,0
146557531,767,105,7,10,28,20,18,22
150443185,400,38,2,3,8,10,8,7
151587650,647,189,11,16,40,52,45,25
152362660,741,118,7,16,30,28,22,15
161570793,627,50,4,2,14,11,8,11
165186801,594,81,3,10,19,14,16,19
167673754,663,113,5,5,29,29,25,20
169532369,823,24,3,5,4,1,3,8
169532543,804,127,7,12,21,23,25,39
178857934,745,98,6,8,20,25,23,16
178938437,741,64,4,6,18,17,8,11
188989177,796,48,8,7,10,7,9,7
213046690,798,83,3,11,22,21,17,9
213067604,787,110,4,11,27,22,18,28
219164808,556,33,4,2,9,9,5,4
219203188,579,99,8,8,25,25,20,13
229082842,835,109,6,10,28,25,13,27
231922417,588,74,10,7,13,11,16,17
231922739,604,58,4,6,14,14,13,7
238917338,577,55,4,1,12,15,12,11
242944454,202,21,0,1,6,6,8,0
242991317,204,0,0,0,0,0,0,0
244207973,827,98,6,5,18,24,16,29
244208023,836,120,7,10,27,26,23,27
244250449,866,89,2,11,22,18,19,17
248394273,838,190,16,9,45,40,34,46
248394276,838,0,0,0,0,0,0,0
248399337,812,168,10,12,36,40,39,31
248410138,795,151,5,12,34,33,28,39
250195155,828,31,2,4,8,8,5,4
262412046,833,77,6,4,22,18,17,10
262434790,440,73,4,6,17,16,16,14
262465161,865,145,7,8,34,32,27,37
269077015,698,75,3,5,18,15,14,20
269078565,825,72,3,4,17,17,14,17
294206429,431,0,0,0,0,0,0,0
303682287,203,41,0,8,12,14,7,0
311183180,185,0,0,0,0,0,0,0
316916655,811,0,0,0,0,0,0,0
345451479,205,13,0,1,3,6,3,0
373414766,217,29,0,8,10,7,4,0
374828411,603,111,10,10,28,26,17,20
396934949,336,0,0,0,0,0,0,0
396953669,353,42,2,5,8,11,12,4
396954096,707,183,8,7,44,47,36,41
397048159,199,19,0,4,3,7,5,0
399814051,212,32,0,6,11,12,3,0
401925979,817,132,14,12,37,21,20,28
401928563,815,136,10,14,34,27,23,28
404854539,276,36,2,5,8,8,5,8
408256672,757,68,7,6,16,10,15,14
420962954,749,170,6,15,41,40,33,35
436592342,215,6,0,0,2,2,2,0
436660156,213,26,0,3,12,6,5,0
445932196,201,24,0,8,6,6,4,0
450089997,199,19,0,3,5,7,4,0
450104319,222,21,0,7,7,2,5,0
450109281,194,15,0,3,3,5,4,0
452786194,843,57,6,7,8,11,16,9
453831755,187,35,0,7,8,12,8,0
454190342,874,76,1,6,16,14,21,18
454222105,823,97,3,13,24,16,22,19
455064763,729,132,5,8,25,30,32,32
457173024,635,89,3,9,21,21,10,25
464806209,176,16,0,4,6,3,3,0
4254645,823,0,0,0,0,0,0,0
7418947,561,85,5,6,18,23,19,14
33521996,812,30,3,4,9,3,6,5
34082428,832,54,3,6,16,13,7,9
36352297,260,5,1,0,0,3,1,0
46313508,842,88,7,7,18,17,16,23
47911178,796,28,0,4,8,5,8,3
49547177,731,117,8,7,31,30,20,21
49671442,763,0,0,0,0,0,0,0
50743469,463,53,3,1,10,13,11,15
50897998,417,67,2,5,16,18,15,11
52280468,699,28,2,2,6,7,5,6
53603189,792,135,11,10,29,31,27,27
53900480,502,0,0,0,0,0,0,0
61351519,257,43,0,9,9,13,7,5
66563761,378,35,2,2,8,6,4,13
78740218,337,0,0,0,0,0,0,0
78817217,251,13,2,1,2,1,3,4
144700903,200,4,0,2,2,0,0,0
147314529,252,25,3,2,7,7,4,2
148274098,668,53,7,7,14,11,8,6
149603524,341,9,0,1,3,1,2,2
170102285,696,0,0,0,0,0,0,0
172464366,758,28,1,2,8,8,8,1
234840976,225,6,0,0,0,3,3,0
235385233,868,114,4,4,37,33,17,19
264540478,517,0,0,0,0,0,0,0
265614546,218,1,0,1,0,0,0,0
299903137,788,9,0,1,1,0,3,4
306362738,774,3,0,0,2,1,0,0
309908721,207,17,0,4,4,6,3,0
333247721,256,11,0,0,1,3,5,2
350618622,448,3,0,1,2,0,0,0
393414358,620,14,0,0,0,6,7,1
427348923,362,21,0,1,6,6,5,3
438490744,155,5,0,3,1,1,0,0
32008233,875,120,11,16,19,30,22,22
54637745,845,0,0,0,0,0,0,0
88977253,863,29,4,3,2,4,11,5
125267683,282,35,3,3,7,7,4,11
140661916,238,21,2,1,4,3,4,7
143669444,189,49,2,4,9,8,10,16
151267228,209,0,0,0,0,0,0,0
169168102,838,49,2,2,9,14,12,10
172193428,774,0,0,0,0,0,0,0
176874060,223,6,0,0,1,0,3,2
178168644,267,0,0,0,0,0,0,0
218795833,816,0,0,0,0,0,0,0
255586667,497,50,1,5,9,9,11,15
265015162,852,168,21,8,38,37,32,32
265139391,841,83,3,5,22,18,14,21
268772301,253,36,2,5,6,12,5,6
271799672,29,16,3,5,2,2,2,2
279481568,492,77,5,4,15,20,14,19
294396726,479,72,2,6,11,14,18,21
318937509,871,29,2,2,14,5,2,4
320536498,850,162,9,14,37,47,25,30
332202405,819,46,3,5,12,7,10,9
348538431,842,0,0,0,0,0,0,0
366622912,807,0,0,0,0,0,0,0
405034090,236,63,6,8,13,14,12,10
425206121,834,35,4,6,7,6,7,5
440777904,821,26,0,3,4,5,5,9
452955107,858,73,5,5,17,18,14,14
455206965,860,108,3,13,24,29,20,19
1003831,854,0,0,0,0,0,0,0
1103432,850,34,0,4,8,7,6,9
1230647,821,23,2,4,4,6,4,3
11748495,226,0,0,0,0,0,0,0
13349647,838,42,0,5,12,13,4,8
24733359,697,142,5,14,39,29,35,20
25156751,731,88,1,11,22,15,11,28
26273760,837,21,3,4,2,3,4,5
37435039,739,53,3,3,16,15,12,4
53292822,225,27,1,2,4,8,7,5
54957535,839,103,3,8,19,19,20,34
55727842,209,40,2,3,5,11,11,8
60657338,849,220,8,16,49,41,41,65
60658382,865,27,2,0,5,9,7,4
62573638,833,27,2,1,2,9,10,3
77630842,843,54,1,1,12,17,15,8
82362447,192,7,0,3,1,0,1,2
123222370,841,8,0,1,1,1,1,4
133105082,191,39,0,0,8,13,10,8
144804862,225,36,5,0,12,11,5,3
180730928,216,31,3,2,4,7,6,9
183469904,195,23,2,3,6,5,5,2
184176428,207,24,2,2,4,7,3,6
255682622,561,110,3,4,23,27,27,26
265353588,886,117,6,6,23,29,30,23
271924412,577,32,1,3,4,9,8,7
283308831,744,23,0,1,3,7,8,4
293605127,873,126,9,6,19,38,32,22
296780789,834,0,0,0,0,0,0,0
305536347,834,0,0,0,0,0,0,0
347448707,802,151,9,19,31,30,28,34
348759511,847,31,2,1,5,8,11,4
401309413,169,0,0,0,0,0,0,0
408310006,773,19,1,0,4,7,4,3
409900613,868,17,0,1,5,3,6,2
413162396,850,34,3,4,6,8,6,7
413248763,792,0,0,0,0,0,0,0
423275733,758,26,0,0,3,8,6,9
5506314,813,226,14,15,51,53,53,40
29684896,190,22,2,2,5,3,4,6
35516889,204,16,3,2,7,1,2,1
55092869,810,40,2,3,9,13,10,3
81604794,183,0,0,0,0,0,0,0
105802318,649,158,12,15,42,37,25,27
190390679,214,27,1,3,6,9,7,1
190990336,198,9,0,0,1,0,2,6
308050066,850,10,2,0,4,2,2,0
382631664,432,37,6,3,8,5,8,7
396902326,810,0,0,0,0,0,0,0
432168104,769,0,0,0,0,0,0,0
437242640,743,11,0,0,2,3,4,2
5969274,795,86,2,10,22,17,17,18
14614418,752,63,6,4,14,11,14,14
14679411,760,23,2,1,2,6,5,7
15445551,513,45,0,5,8,12,14,6
92995573,538,6,0,2,3,0,1,0
103683084,743,33,0,0,9,6,9,9
229679814,727,0,0,0,0,0,0,0
280206394,194,1,0,0,1,0,0,0
306900161,328,3,1,1,1,0,0,0
370960295,315,67,4,6,14,17,12,14
376339249,439,0,0,0,0,0,0,0
391051349,398,57,3,3,15,18,10,8
413376180,746,55,3,5,9,7,10,21
48184317,705,65,5,4,16,9,15,16
165725822,684,0,0,0,0,0,0,0
406336313,157,0,0,0,0,0,0,0
36594985,401,33,2,5,13,9,2,2
77468221,227,0,0,0,0,0,0,0
124369049,623,50,0,5,9,12,10,14
167570131,395,63,1,7,15,17,8,15
364107753,76,0,0,0,0,0,0,0
119159743,430,82,8,8,23,22,11,10
269450900,663,27,2,1,6,10,7,1
291572619,682,0,0,0,0,0,0,0
348770361,22,0,0,0,0,0,0,0
456517808,554,106,8,14,30,17,17,20
101220458,7,0,0,0,0,0,0,0
2234723,134,0,0,0,0,0,0,0
4247738,179,10,0,1,2,3,4,0
100100829,555,7,0,0,3,2,0,2
72588909,739,206,11,13,44,50,46,42
231048083,469,103,11,14,28,15,14,21
350716073,460,74,4,7,18,13,11,21
53842685,758,131,8,14,35,30,20,24
306578324,359,84,4,7,22,23,14,14
201796819,433,84,7,10,16,19,16,16
224283342,660,76,6,1,10,21,22,16
4206238,862,17,0,1,4,4,5,3
181463644,216,51,2,3,12,14,7,13
29983149,311,0,0,0,0,0,0,0
231826813,394,0,0,0,0,0,0,0
149837469,760,112,6,6,22,39,24,15
332517282,732,0,0,0,0,0,0,0
369639876,512,36,0,5,14,5,5,7
129781743,632,31,0,2,9,7,10,3
164776925,792,99,5,9,19,18,20,28
1129452,827,222,18,17,58,46,40,43
120585579,657,21,2,2,7,4,3,3
170729895,682,192,15,19,37,46,46,29
200282468,526,120,8,13,26,36,22,15
219423316,526,120,6,12,19,28,32,23
65479458,748,206,12,19,39,46,47,43
66646031,755,219,7,12,44,53,53,50
66668289,768,0,0,0,0,0,0,0
77031414,684,41,0,4,8,11,11,7
77044471,692,0,0,0,0,0,0,0
89502706,813,211,13,19,51,45,42,41
98777963,769,99,8,9,19,18,18,27
121714982,808,219,16,15,49,51,40,48
139419658,809,159,11,20,40,31,29,28
140288359,705,188,12,21,42,38,41,34
151516273,628,167,12,19,34,44,23,35
20072363,702,193,11,22,43,43,29,45
21442712,679,135,8,8,29,33,20,37
220397127,470,0,0,0,0,0,0,0
24588623,693,0,0,0,0,0,0,0
245950209,221,67,0,13,30,18,6,0
284703623,207,28,0,6,7,9,6,0
284863911,227,36,0,11,10,11,4,0
34236395,803,59,7,5,8,13,12,14
345482340,217,37,0,8,9,12,8,0
345535359,208,35,0,8,11,12,4,0
38021254,829,203,14,18,34,50,41,46
401946845,782,137,6,9,32,35,25,30
457172621,257,39,0,4,9,11,11,4
459971813,334,55,3,6,10,13,14,9
123625970,786,198,8,14,47,47,42,40
260370473,507,0,0,0,0,0,0,0
264594607,905,121,7,7,25,36,24,22
271550131,585,0,0,0,0,0,0,0
280110726,259,0,0,0,0,0,0,0
307379977,383,0,0,0,0,0,0,0
333620087,249,31,0,4,6,6,4,11
42827646,259,76,3,5,15,20,17,16
434395855,193,0,0,0,0,0,0,0
443171652,255,2,0,0,1,1,0,0
79635841,252,46,5,6,15,9,4,7
165493409,619,0,0,0,0,0,0,0
280278364,324,0,0,0,0,0,0,0
307490686,198,34,2,2,8,9,6,7
413395842,774,222,12,22,62,45,45,36
72229825,576,0,0,0,0,0,0,0
92902907,247,42,6,2,10,6,9,9
201601338,400,0,0,0,0,0,0,0
135088521,57,0,0,0,0,0,0,0
156380098,580,130,14,13,29,32,24,18
25155310,311,21,1,3,5,6,4,2
25375553,764,25,1,1,5,12,3,3
92352621,685,7,0,0,4,2,1,0
206609630,436,0,0,0,0,0,0,0
211380233,733,0,0,0,0,0,0,0
309791156,420,0,0,0,0,0,0,0
439366537,788,0,0,0,0,0,0,0
38846515,384,10,0,1,1,4,2,2
120610833,654,0,0,0,0,0,0,0
76923707,739,17,3,2,2,2,6,2
76989773,708,12,0,2,2,2,2,4
77044472,695,0,0,0,0,0,0,0
144440290,475,0,0,0,0,0,0,0
149010208,675,34,3,4,8,10,4,5
160148385,435,7,1,0,2,2,2,0
382474101,505,20,1,0,8,7,2,2
120896927,708,0,0,0,0,0,0,0
12862119,849,13,2,3,5,1,2,0
1129033,768,52,3,4,19,13,5,8
170634116,683,36,2,3,10,10,6,5
328350926,837,34,0,0,5,14,8,7
35857242,795,64,6,8,19,8,5,18
382391899,768,20,1,1,5,3,7,3
117979897,794,44,2,3,10,12,8,9
13021029,726,27,0,1,3,5,11,7
139704026,726,0,0,0,0,0,0,0
192826603,660,0,0,0,0,0,0,0
24400247,699,0,0,0,0,0,0,0
43647325,832,6,0,1,1,1,1,2
94986319,799,0,0,0,0,0,0,0
140346195,216,0,0,0,0,0,0,0
206856569,485,0,0,0,0,0,0,0
264679887,695,0,0,0,0,0,0,0
293689266,643,0,0,0,0,0,0,0
293689267,643,0,0,0,0,0,0,0
300932479,252,0,0,0,0,0,0,0
33742828,770,0,0,0,0,0,0,0
309792357,377,0,0,0,0,0,0,0
354518617,584,0,0,0,0,0,0,0
438212183,217,0,0,0,0,0,0,0
46627823,833,19,0,0,4,4,4,7
52449797,702,0,0,0,0,0,0,0
11046410,853,100,11,8,19,26,21,15
927579,839,0,0,0,0,0,0,0
2758565,770,228,10,16,51,55,44,52
19570530,843,0,0,0,0,0,0,0
25354620,771,0,0,0,0,0,0,0
31743416,320,25,2,3,5,5,9,1
31779608,272,19,1,1,1,6,7,3
31961007,355,13,1,2,3,3,2,2
32830028,760,0,0,0,0,0,0,0
34142502,520,118,3,12,29,28,19,27
38936062,309,5,1,0,3,0,1,0
39046291,304,17,2,1,2,2,5,5
41591173,388,0,0,0,0,0,0,0
49899799,839,28,2,1,5,8,8,4
53896096,754,88,4,15,22,24,11,12
53993965,766,22,0,3,8,2,2,7
55746262,412,133,11,10,30,36,26,20
66356824,681,0,0,0,0,0,0,0
70914192,787,49,1,1,10,14,12,11
75377304,831,134,10,8,28,28,30,30
77031413,684,58,4,7,12,12,10,13
79328890,560,50,1,4,10,12,11,12
79492099,504,14,2,2,2,0,3,5
92320552,672,0,0,0,0,0,0,0
92350408,695,6,1,0,2,2,0,1
92359850,780,37,0,2,6,13,8,8
99086567,265,102,10,6,24,29,16,17
99931724,244,20,1,4,4,5,3,3
100099031,540,0,0,0,0,0,0,0
100508429,712,0,0,0,0,0,0,0
101395259,805,0,0,0,0,0,0,0
115244268,647,38,4,5,7,9,7,6
117516791,610,3,1,1,1,0,0,0
118586896,644,61,6,5,12,16,11,11
119327278,644,77,8,9,18,14,15,13
120490566,685,20,1,5,2,4,1,7
124642273,275,0,0,0,0,0,0,0
139349813,610,10,0,0,1,3,2,4
139468902,589,147,12,17,36,26,29,27
140830390,271,7,1,0,3,2,0,1
142875987,678,0,0,0,0,0,0,0
143100813,38,7,0,0,1,2,4,0
143350972,800,0,0,0,0,0,0,0
143848624,199,8,0,0,2,4,2,0
144149848,561,0,0,0,0,0,0,0
144336221,600,13,2,0,2,3,3,3
147406559,608,6,0,2,2,1,1,0
148081648,648,0,0,0,0,0,0,0
148081650,648,0,0,0,0,0,0,0
150390189,342,21,1,2,5,5,2,6
151681127,659,17,0,0,3,2,3,9
153077619,607,142,11,12,31,28,28,32
159638876,647,66,4,5,18,20,13,6
166421485,521,4,0,0,0,1,1,2
166606391,524,13,1,0,6,4,0,2
167208380,328,3,0,0,1,0,1,1
169443390,708,0,0,0,0,0,0,0
176797815,714,35,2,1,3,9,9,11
177350401,218,5,0,0,0,2,2,1
179308939,287,29,0,2,5,7,4,11
179440289,361,0,0,0,0,0,0,0
201233610,374,9,1,3,2,0,2,1
206439308,825,20,0,2,4,7,4,3
206537129,795,0,0,0,0,0,0,0
206537272,801,81,2,9,16,22,17,15
207081058,613,3,0,0,1,2,0,0
207528978,310,0,0,0,0,0,0,0
209313886,736,21,3,2,3,5,6,2
218878052,705,0,0,0,0,0,0,0
220435095,408,0,0,0,0,0,0,0
229115650,545,0,0,0,0,0,0,0
229864787,785,0,0,0,0,0,0,0
231833204,295,41,2,1,9,10,9,10
233964642,357,0,0,0,0,0,0,0
234290005,408,20,2,1,5,8,4,0
238872494,33,0,0,0,0,0,0,0
253929719,698,20,2,4,8,2,1,3
260003467,465,9,0,0,1,3,2,3
260269456,512,5,1,0,1,1,2,0
260353841,504,88,2,7,14,22,24,19
261261490,23,0,0,0,0,0,0,0
262020326,60,5,1,2,1,1,0,0
262530873,578,38,3,4,9,8,6,8
263078716,10,0,0,0,0,0,0,0
270219706,773,85,7,5,18,23,15,17
270421262,736,22,1,2,1,2,6,10
271058763,181,33,2,3,9,6,7,6
271799457,31,3,2,0,0,0,0,1
273571987,27,2,0,0,0,0,0,2
277069829,24,0,0,0,0,0,0,0
277683130,400,2,0,0,0,1,1,0
278829112,639,58,5,3,12,16,10,12
279855551,360,7,0,2,3,2,0,0
280794372,272,16,2,0,6,3,3,2
281666783,444,5,1,0,4,0,0,0
290170195,788,0,0,0,0,0,0,0
291116020,661,4,0,0,1,1,0,2
293844307,847,347,22,28,83,83,67,64
300141210,360,113,4,5,27,36,23,18
306828113,307,32,6,4,6,10,5,1
307084982,294,4,1,1,0,0,0,2
307435285,198,24,0,2,6,7,5,4
309627556,389,0,0,0,0,0,0,0
314826949,271,14,0,3,3,4,3,1
320913313,485,18,0,3,2,2,3,8
325412896,32,4,1,1,0,1,1,0
327668243,347,0,0,0,0,0,0,0
348762908,24,2,0,1,1,0,0,0
358049707,392,27,0,3,10,8,5,1
364398410,367,39,2,2,5,12,11,7
369988687,363,8,0,0,1,3,3,1
373915220,310,9,3,1,2,2,0,1
381856446,440,3,0,0,0,0,1,2
389525208,647,0,0,0,0,0,0,0
394340319,22,0,0,0,0,0,0,0
409469477,254,0,0,0,0,0,0,0
410154584,89,3,1,0,1,0,0,1
421361060,596,0,0,0,0,0,0,0
441026718,767,0,0,0,0,0,0,0
441387582,680,26,2,3,8,8,5,0
1992266045,775,22,0,3,6,4,6,3
394596952,393,107,4,6,31,23,19,24
9070070,823,125,10,9,29,26,31,20
404460906,801,181,9,12,47,57,37,19
409942986,854,203,16,19,42,51,40,35
308018120,842,158,9,15,35,44,25,30
458259927,434,59,2,3,14,23,9,8
154664604,281,38,1,3,9,6,12,7
165618747,884,118,8,11,26,23,21,29
5205367,645,49,2,2,10,14,10,11
