185259483,845,116,9,12,28,29,17,21
307990280,349,190,13,15,41,37,40,44
387178621,121,7,1,2,1,1,0,2
300560295,339,4,0,0,0,1,1,2
318185328,835,84,3,10,12,17,22,20
363326796,161,3,0,0,1,1,0,1
73764693,718,0,0,0,0,0,0,0
31273263,306,0,0,0,0,0,0,0
279955276,318,25,1,0,5,7,2,10
144167463,787,382,24,32,81,86,81,78
364325969,384,111,8,10,23,16,23,31
302038263,297,57,4,5,11,11,12,14
176983267,359,176,10,13,30,37,37,49
308751185,382,161,10,15,42,36,30,28
341550561,89,33,4,9,12,3,4,1
140757590,241,40,6,1,13,10,8,2
140084919,144,79,3,11,17,20,14,14
177118376,328,154,9,9,35,44,30,27
388179896,216,13,0,1,3,4,2,3
177308817,232,0,0,0,0,0,0,0
142013583,263,114,13,11,24,28,20,18
31415131,302,77,8,5,19,17,17,11
146530594,624,8,2,1,3,0,0,2
167719897,340,137,5,16,22,35,28,31
391906858,836,505,28,41,109,118,98,111
349911034,361,0,0,0,0,0,0,0
349642881,430,21,1,3,4,5,3,5
150101472,386,40,3,2,6,11,13,5
22221233,802,104,7,10,20,24,25,18
93997745,161,89,5,4,20,26,17,17
177258700,255,38,1,1,7,5,9,15
189639080,764,26,0,2,5,7,2,10
382069441,421,153,5,13,30,34,31,40
349518145,457,4,0,0,2,2,0,0
289801742,811,211,13,15,47,45,44,47
106309554,646,101,1,10,30,25,16,19
468997317,326,28,2,2,5,7,7,5
167005326,261,0,0,0,0,0,0,0
321312438,421,37,0,3,10,6,11,7
450276745,423,100,2,11,26,32,20,9
135244338,673,293,19,28,67,66,56,57
181226974,653,31,3,3,7,8,7,3
5981829,759,168,12,12,44,36,30,34
293081694,776,29,4,3,4,7,4,7
457427613,426,0,0,0,0,0,0,0
167722431,389,146,11,13,32,40,28,22
167692491,371,180,11,20,38,44,34,33
294206967,468,37,1,2,7,5,7,15
228760807,785,134,11,12,30,32,25,24
295885511,90,7,0,2,2,1,0,2
38586438,397,38,2,2,9,13,6,6
398850090,76,5,1,1,0,1,0,2
73177813,633,39,1,6,10,6,5,11
30313682,383,38,5,1,9,9,8,6
308085294,313,0,0,0,0,0,0,0
300293197,312,0,0,0,0,0,0,0
364302118,385,54,3,4,9,7,14,17
272357134,43,0,0,0,0,0,0,0
318986273,390,88,4,12,19,22,19,12
261677352,149,51,2,4,11,11,10,13
355151781,400,218,14,17,38,46,44,59
276935987,300,54,2,2,12,15,13,10
349480507,364,21,2,2,8,2,3,4
72121778,633,12,0,1,2,4,2,3
390549095,414,133,5,15,39,32,20,22
300443831,270,111,6,9,24,25,23,24
167338355,300,60,6,3,14,11,13,13
294784522,291,102,8,12,23,21,18,20
347752831,814,0,0,0,0,0,0,0
149473467,466,67,3,6,12,14,14,18
278822321,469,189,11,17,37,48,41,35
421191260,744,0,0,0,0,0,0,0
229889119,812,90,5,10,17,25,19,14
434515577,778,305,16,28,70,71,58,62
149976187,373,102,3,7,21,26,22,23
33715938,164,0,0,0,0,0,0,0
294092960,485,33,1,1,7,6,8,10
149629043,356,58,2,6,8,14,14,14
93000166,576,14,2,2,2,4,3,1
167891342,397,113,8,9,20,29,17,30
451960523,439,43,0,5,12,12,7,7
107012110,652,0,0,0,0,0,0,0
135050395,692,12,1,1,3,2,2,3
167123437,347,74,8,7,17,18,12,12
23555025,713,0,0,0,0,0,0,0
320228013,386,0,0,0,0,0,0,0
458859193,403,71,2,15,17,14,12,11
391643922,418,28,2,4,8,4,1,9
151826930,696,103,8,12,23,23,18,19
141606986,245,21,1,4,5,3,4,4
260161144,435,37,3,2,8,10,7,7
355152640,381,26,1,0,3,7,7,8
22390773,588,22,1,0,5,6,6,4
279569718,458,19,2,0,3,3,3,8
454013359,653,27,2,5,5,5,5,5
176937887,813,171,8,9,36,40,41,37
349832824,343,58,5,7,15,7,10,14
294261093,252,42,2,8,13,7,5,7
391927558,75,18,1,3,2,5,6,1
350518984,502,2,1,1,0,0,0,0
293109489,780,144,7,10,28,26,34,39
350478924,443,48,0,6,11,12,8,11
423530755,816,25,2,1,8,8,6,0
294273900,460,147,3,11,30,33,36,34
309659126,435,105,5,15,23,22,24,16
157175641,722,178,11,18,41,31,37,40
302043038,178,16,1,1,3,2,3,6
320855910,334,48,1,8,19,13,5,2
405387285,125,0,0,0,0,0,0,0
278988794,487,16,2,1,5,4,1,3
378885645,304,69,2,7,15,18,16,11
103777040,730,193,10,19,39,36,37,52
150361911,380,45,3,4,11,10,9,8
280738935,454,86,2,11,19,22,18,14
294092966,483,20,3,2,6,3,3,3
466323338,425,4,0,0,0,2,2,0
372909935,356,8,0,0,2,1,3,2
382266319,428,55,4,3,13,12,15,8
38462522,373,0,0,0,0,0,0,0
408512382,741,29,0,5,8,5,5,6
231093356,274,22,1,2,3,4,6,6
132298139,515,0,0,0,0,0,0,0
380127556,165,67,3,10,17,14,11,12
32000625,281,41,4,3,9,5,6,14
162305237,559,266,15,30,59,52,51,59
345899523,798,190,10,14,36,48,38,44
165456443,683,17,1,1,2,1,6,6
278861826,469,66,5,5,22,9,14,11
229811538,818,0,0,0,0,0,0,0
458808688,482,0,0,0,0,0,0,0
392113518,206,20,0,4,3,6,6,1
467062613,421,21,0,2,7,4,5,3
321947833,357,10,0,1,4,4,1,0
294191640,625,24,1,3,7,5,3,5
350030939,404,72,6,7,15,17,15,12
181150051,668,34,1,6,8,9,6,4
415783540,812,0,0,0,0,0,0,0
167304040,308,23,3,0,5,7,4,4
137136194,545,11,1,2,3,4,1,0
141975903,251,70,5,7,18,17,12,11
124205037,762,42,1,6,9,11,8,7
307488184,322,8,0,0,2,2,3,1
82580956,155,13,0,0,1,3,4,5
271701447,144,27,1,4,9,5,5,3
141622065,241,33,1,6,7,8,9,2
398763011,257,16,1,3,7,3,0,2
308851582,399,20,0,1,6,5,4,4
260162199,458,101,4,8,16,27,23,23
25078924,358,38,0,3,10,13,7,5
124604724,759,86,8,4,25,17,16,16
381948745,460,59,2,4,15,20,13,5
181159386,654,33,1,3,14,2,4,9
306130391,347,32,1,7,12,6,2,4
220474209,409,71,5,10,9,12,12,23
141766191,260,147,11,9,23,34,40,30
279615979,448,112,9,14,24,24,23,18
176910080,817,69,1,6,11,18,19,14
102764828,616,0,0,0,0,0,0,0
468162834,327,0,0,0,0,0,0,0
142105466,286,130,9,7,28,29,27,30
141127435,233,128,6,11,38,36,21,16
57652994,744,68,3,8,13,12,11,21
266845051,413,197,7,24,61,49,30,26
462267926,428,43,5,8,15,6,3,6
55524055,367,26,0,4,5,4,6,7
307433122,196,2,0,0,0,0,0,2
452500843,28,0,0,0,0,0,0,0
349790953,399,26,2,3,3,6,3,9
150442264,387,12,2,0,3,2,2,3
32449963,813,55,3,3,12,13,9,15
92902951,212,56,4,2,11,13,12,14
467167691,304,172,7,25,52,42,24,22
415873588,769,109,8,4,19,27,24,27
288027491,42,1,0,0,0,1,0,0
141685465,220,28,0,0,4,9,6,9
178859380,675,66,2,3,11,19,17,14
29777922,271,34,1,1,8,12,5,7
55404385,324,19,0,2,3,4,6,4
124282575,727,57,0,4,13,12,13,15
303441920,254,102,9,14,33,23,12,11
163648025,577,62,5,5,13,14,14,11
355152971,386,55,2,3,11,13,9,17
271596290,65,0,0,0,0,0,0,0
459809633,443,52,1,7,16,10,8,10
308184924,285,28,3,2,7,7,5,4
167654878,374,179,11,15,40,37,36,40
1630690,783,366,19,40,83,76,80,68
437322147,762,9,2,1,3,1,0,2
124095230,716,0,0,0,0,0,0,0
452631268,27,1,0,0,1,0,0,0
370101325,258,121,11,10,23,23,25,29
350480660,487,9,1,0,1,4,3,0
300871545,213,8,1,0,0,2,4,1
219699532,774,229,7,21,60,46,38,57
309658221,423,31,4,3,14,4,4,2
167692429,374,18,2,4,4,3,1,4
459293335,511,0,0,0,0,0,0,0
458859364,405,101,3,16,29,20,15,18
462785373,460,0,0,0,0,0,0,0
446832107,514,22,1,3,8,5,2,3
433277449,76,0,0,0,0,0,0,0
298700310,165,9,2,2,3,1,0,1
279089927,432,196,11,18,47,37,32,51
382517745,392,2,0,0,1,1,0,0
453097744,123,11,1,1,0,5,4,0
402447670,88,54,1,4,7,12,11,19
458474559,452,33,0,7,11,5,5,5
348897766,372,96,7,8,20,16,20,25
140659980,237,6,0,0,0,3,2,1
23328912,723,16,0,1,3,4,2,6
165458777,670,207,9,21,51,47,32,47
29778064,289,78,6,5,16,11,21,19
410654298,315,10,0,0,2,3,4,1
349308842,414,29,1,2,6,5,6,9
303811839,464,8,0,1,2,4,1,0
219912046,428,53,1,8,19,15,7,3
302995864,290,49,1,4,12,12,10,10
5868998,807,33,1,3,12,4,5,8
370101492,305,34,1,3,7,7,8,8
422327572,815,305,14,30,68,65,52,76
97908039,779,184,11,15,44,44,32,38
341193555,397,12,0,0,1,4,2,5
260536927,423,0,0,0,0,0,0,0
317642317,351,49,0,5,9,13,11,11
278956474,474,34,0,5,8,10,6,5
260132330,447,7,0,1,2,1,1,2
55497281,419,16,0,1,5,5,4,1
401227592,565,98,4,8,19,20,25,22
386166904,127,8,0,1,0,1,2,4
425064757,288,16,1,2,5,1,3,4
177077475,264,0,0,0,0,0,0,0
238196979,264,6,0,0,0,1,2,3
287328866,458,41,2,2,8,10,12,7
149573659,398,14,3,1,5,2,2,1
399144800,100,0,0,0,0,0,0,0
162585265,592,132,7,7,31,35,25,27
22457438,782,85,4,5,24,20,13,19
98628827,774,0,0,0,0,0,0,0
158713903,704,106,6,12,25,20,19,24
321455348,402,25,0,4,9,8,2,2
450637853,200,63,3,7,17,16,13,7
142109430,89,36,3,4,9,8,6,6
231075361,358,189,9,21,43,42,34,40
280667311,318,180,4,23,50,45,29,29
167890109,364,53,1,2,8,11,10,21
319936228,394,28,0,1,6,5,7,9
30034081,244,0,0,0,0,0,0,0
309257814,368,0,0,0,0,0,0,0
308457026,420,235,14,20,58,61,45,37
399423563,93,8,0,1,3,4,0,0
147026702,602,61,6,7,18,20,8,2
158673914,659,114,4,14,27,29,17,23
318825030,397,21,4,3,6,3,5,0
347809861,800,133,9,9,38,30,23,24
296449358,180,88,4,11,16,23,18,16
349154435,399,17,2,2,6,5,2,0
260128333,412,4,0,1,1,0,0,2
282051803,34,0,0,0,0,0,0,0
363149298,402,83,3,14,20,16,17,13
382067804,417,12,0,0,2,4,6,0
399253092,87,6,0,0,0,2,2,2
15445546,513,40,3,6,8,8,9,6
452734608,770,0,0,0,0,0,0,0
298079609,330,85,4,13,22,19,18,9
382028425,471,26,1,4,4,4,6,7
279569707,460,41,1,3,15,9,4,9
308451526,376,52,5,5,16,13,8,5
231810776,531,23,3,2,3,5,7,3
147214032,604,84,2,10,28,20,11,13
443494454,489,41,2,6,13,12,5,3
350622185,456,94,10,6,20,18,16,24
408552008,790,80,6,7,19,22,17,9
437297176,746,78,2,2,15,15,23,21
21827849,638,81,6,5,23,20,12,15
382512330,493,166,10,10,34,45,29,38
141333573,62,7,0,1,2,1,0,3
131625230,509,0,0,0,0,0,0,0
220359766,486,0,0,0,0,0,0,0
260131665,478,131,9,6,25,34,29,28
278683641,439,26,1,4,6,5,4,6
309146836,398,16,0,3,3,4,4,2
439519959,375,83,1,13,16,19,23,11
83135408,812,138,9,13,29,32,25,30
260502102,411,14,0,1,4,3,3,3
318512022,384,0,0,0,0,0,0,0
299702740,189,31,0,3,4,10,8,6
390554357,763,151,7,11,39,39,28,27
118313102,129,11,3,3,0,1,3,1
248111238,623,37,1,2,7,13,8,6
142262969,723,37,0,2,10,8,5,12
388129029,275,79,4,5,20,22,13,15
141914317,234,54,1,3,11,12,17,10
94637805,502,159,9,13,39,30,37,31
167526485,446,31,0,1,6,8,9,7
141809359,207,13,0,1,2,4,3,3
258314976,608,63,6,6,16,14,9,12
324675819,416,23,0,3,9,6,3,2
350479101,443,16,1,0,1,4,4,6
141268467,140,14,0,1,4,4,2,3
382188882,525,5,0,2,2,1,0,0
89787778,139,41,2,3,6,14,8,8
358111274,225,2,0,0,1,1,0,0
248074315,640,41,5,3,15,7,6,5
178889597,713,61,4,2,15,16,11,13
162585282,591,172,10,23,39,29,31,40
438942374,270,23,1,2,6,7,5,2
467238286,386,89,5,16,24,19,17,8
333127661,524,48,6,5,10,11,8,8
281924357,38,0,0,0,0,0,0,0
142148228,221,22,3,2,3,5,6,3
356524567,379,39,3,4,10,8,7,7
405177882,563,10,1,1,3,2,1,2
364392434,372,52,3,4,11,11,8,15
286191384,774,92,3,14,21,24,19,11
350443417,468,72,4,10,12,14,13,19
458199516,459,0,0,0,0,0,0,0
178723395,638,32,2,3,5,9,8,5
77557473,768,139,5,7,32,30,31,34
322078735,370,39,1,7,10,9,8,4
349156098,368,46,2,2,7,12,12,11
22481474,793,73,4,3,19,16,18,13
403757320,574,39,0,2,8,8,10,11
364395234,405,24,3,1,6,6,4,4
99028324,788,12,0,0,4,4,4,0
1630438,849,377,26,28,93,89,71,70
58466459,768,37,2,3,12,6,6,8
167694820,365,29,0,2,6,9,7,5
391550834,151,0,0,0,0,0,0,0
397361078,627,173,12,19,41,34,38,29
219373406,540,167,9,20,42,31,32,33
23559851,708,104,6,8,22,20,26,22
271999940,50,8,0,4,2,0,0,2
279323859,427,99,6,9,24,30,21,9
38423705,346,56,1,5,10,13,14,13
158450472,647,23,0,1,6,5,7,4
443494351,491,41,4,6,14,9,3,5
384031569,129,8,0,0,2,2,2,2
376915487,288,29,2,5,6,6,4,6
269347089,438,154,6,23,39,37,31,18
102169275,685,10,0,3,3,1,2,1
374859582,411,84,9,8,16,20,18,13
152147549,641,146,13,9,34,26,29,35
167554898,408,10,1,1,1,1,2,4
349480752,394,18,0,2,2,6,3,5
349762699,341,4,0,0,2,0,0,2
32150630,286,30,2,3,8,4,6,7
99028319,788,12,1,2,3,2,1,3
181862539,830,66,2,3,12,16,11,22
452575636,14,0,0,0,0,0,0,0
402107145,779,242,13,25,61,54,49,40
303427297,448,21,0,1,2,6,7,5
131239334,722,122,11,10,25,23,27,26
81702112,505,44,0,6,9,7,7,15
309402205,343,45,0,3,9,7,14,12
452172479,239,23,3,2,6,8,4,0
452406965,35,8,1,3,1,1,0,2
142105299,294,2,1,0,1,0,0,0
399421408,95,10,1,2,5,0,0,2
41170667,299,134,6,10,32,37,28,21
272058503,280,26,0,2,4,9,5,6
380117288,294,86,4,9,24,20,11,18
307216760,311,66,3,4,16,13,10,20
308991822,390,18,1,0,5,3,4,5
349484636,448,30,1,5,3,7,7,7
167795859,402,24,1,2,3,7,5,6
32050581,283,11,1,1,4,2,2,1
55652785,360,60,0,7,13,13,9,18
306580215,318,17,1,1,3,3,4,5
237915523,397,89,3,4,16,21,19,26
323292655,24,8,0,1,1,2,2,2
394657952,28,1,0,0,0,1,0,0
358022169,46,0,0,0,0,0,0,0
150101799,361,19,1,2,5,3,3,5
149160359,376,106,5,2,18,25,28,28
425594181,761,4,0,0,0,0,2,2
453095485,308,43,1,2,10,10,14,6
312907176,199,0,0,0,0,0,0,0
360205899,166,0,0,0,0,0,0,0
148158540,653,121,7,7,30,35,24,18
405533713,734,71,3,2,15,18,17,16
308828048,255,72,4,7,14,21,14,12
438682877,561,241,12,18,57,62,51,41
159864583,640,24,2,0,4,7,6,5
460820330,760,23,2,3,4,5,4,5
309528896,365,38,2,4,10,12,6,4
159493588,704,172,10,13,39,40,34,36
243475355,632,130,9,15,27,35,22,22
323727556,38,8,1,2,2,2,1,0
179410793,669,45,1,2,11,12,8,11
361388647,73,10,1,1,2,2,1,3
453784977,643,226,13,18,53,46,42,54
383858742,619,301,17,22,71,61,60,70
373844472,311,12,3,1,1,2,2,3
150101476,384,38,0,4,8,9,10,7
260192157,481,37,2,4,6,9,5,11
434664688,338,6,0,1,3,1,1,0
461271719,680,217,17,13,40,42,38,67
141978095,173,6,1,1,3,0,0,1
166319733,642,144,7,14,36,32,24,31
338465029,212,23,1,3,9,6,4,0
365717153,739,14,1,0,2,5,5,1
242323067,641,43,4,6,8,8,7,10
141943694,228,10,1,1,3,3,1,1
38707340,398,100,8,11,23,25,17,16
243643549,630,132,11,13,27,23,29,29
177118177,344,0,0,0,0,0,0,0
242149417,610,179,15,18,42,38,36,30
319936861,397,107,4,17,29,25,19,13
160159932,661,252,14,18,57,54,48,61
75490265,710,15,1,0,2,4,4,4
307085577,325,0,0,0,0,0,0,0
243391171,593,242,11,17,42,47,52,73
243662768,652,64,7,7,17,12,6,15
278895603,486,73,4,8,19,22,11,9
270507305,20,1,0,0,1,0,0,0
291651765,364,52,3,11,15,11,6,6
306410072,415,61,3,6,19,19,8,6
176871438,214,7,0,0,1,4,2,0
394452884,36,2,0,0,1,0,1,0
407661994,268,0,0,0,0,0,0,0
219201178,501,18,0,1,5,4,4,4
451112995,390,11,0,2,2,2,2,3
418295363,42,0,0,0,0,0,0,0
307783750,82,21,3,6,4,1,3,4
280909668,18,4,1,0,0,2,1,0
323255579,397,79,2,13,22,20,12,10
120016,826,285,14,19,52,65,70,65
404927661,354,16,1,1,5,4,1,4
393491149,413,90,4,6,18,23,17,22
370085638,186,4,0,0,3,1,0,0
48227278,760,39,2,3,11,9,8,6
332607409,375,13,0,2,3,5,2,1
369506001,349,18,2,3,7,2,3,1
404804908,274,7,1,0,1,0,2,3
60735803,756,15,1,2,5,3,0,4
418532689,16,3,0,0,0,1,2,0
363847487,636,41,6,1,12,5,5,12
394099697,52,21,0,0,1,5,5,10
83391903,791,26,2,2,7,7,6,2
350298314,399,3,0,0,1,1,1,0
394728064,50,4,1,1,0,0,0,2
438790187,626,0,0,0,0,0,0,0
337370789,290,0,0,0,0,0,0,0
306635088,271,8,0,1,3,2,0,2
83833793,767,151,8,14,38,38,28,25
210636260,183,79,2,8,20,18,20,11
31511621,315,0,0,0,0,0,0,0
260659986,391,28,2,1,6,4,6,9
61120063,806,454,27,38,104,106,95,84
278289141,20,0,0,0,0,0,0,0
332600127,362,49,3,3,13,12,11,7
420581415,199,7,0,0,3,1,2,1
167722708,399,1,0,0,1,0,0,0
412942849,119,0,0,0,0,0,0,0
140760434,144,0,0,0,0,0,0,0
128886984,621,172,8,13,39,41,33,38
107548305,753,357,20,31,78,72,76,80
323968843,17,4,0,0,0,1,1,2
370678161,385,23,0,2,3,3,6,9
453785266,600,42,4,6,11,7,8,6
47831368,665,215,10,20,43,46,39,57
220029715,767,26,3,2,3,8,7,3
401626459,408,38,2,8,13,8,5,2
454855280,53,0,0,0,0,0,0,0
448852739,220,28,2,2,6,7,5,6
112099606,763,52,4,6,10,10,6,16
379783522,347,47,0,7,16,11,8,5
357911163,49,0,0,0,0,0,0,0
272467271,47,9,2,2,0,1,1,3
129116176,528,85,3,6,21,25,19,11
83939434,733,205,14,14,44,40,46,47
73455146,578,142,8,13,33,28,21,39
83449549,833,61,3,4,15,14,15,10
287669537,599,134,9,10,24,35,27,29
160150808,669,146,5,12,38,32,31,28
159864610,637,26,1,1,6,8,5,5
166624433,659,75,5,4,15,16,17,18
260504147,519,23,2,0,7,6,2,6
55383975,339,2,0,0,0,0,1,1
451282261,399,123,4,18,41,31,14,15
112098034,737,43,1,4,12,5,5,16
141124793,195,2,0,0,0,0,1,1
127955334,616,17,1,0,7,3,4,2
48227288,761,82,5,4,22,21,21,9
394272819,64,42,0,6,7,14,11,4
179637488,311,0,0,0,0,0,0,0
394508465,90,1,0,0,0,0,1,0
166660531,678,137,4,7,34,31,26,35
411712609,490,228,11,27,60,58,41,31
309434176,13,2,0,0,0,1,1,0
160484494,665,36,0,2,12,4,7,11
310556491,344,42,3,5,11,9,7,7
203387944,839,42,3,1,10,10,7,11
261089147,8,2,0,0,0,1,0,1
260541250,487,146,8,12,42,24,38,22
350743714,448,8,1,0,1,2,2,2
451211626,738,41,1,1,10,11,12,6
359308549,154,0,0,0,0,0,0,0
311925584,354,8,1,1,1,2,3,0
258519658,608,226,13,17,46,47,47,56
91961,790,21,1,2,8,1,3,6
55659311,348,13,0,1,2,4,4,2
158979332,665,269,16,20,61,61,54,57
396004353,55,4,0,0,0,2,2,0
30540538,662,58,6,4,17,13,10,8
30382918,641,108,6,7,22,22,16,35
271225404,731,52,4,3,8,9,14,14
278296621,16,4,0,0,0,1,1,2
31134762,778,11,0,0,3,1,3,4
185466937,809,359,14,25,85,78,70,87
75969405,730,75,3,5,15,18,20,14
76658755,731,26,1,4,6,5,9,1
261335113,28,0,0,0,0,0,0,0
261105201,10,2,1,1,0,0,0,0
359618989,217,45,5,6,14,7,5,8
300161053,195,3,1,0,1,0,0,1
404144841,553,54,4,8,9,10,15,8
30287190,726,51,2,5,12,12,12,8
278413303,12,5,0,2,2,1,0,0
30993392,693,25,0,2,4,7,4,8
450798369,363,0,0,0,0,0,0,0
76698707,759,154,9,10,34,32,25,44
350445771,498,0,0,0,0,0,0,0
122285268,667,155,6,6,36,32,32,43
357713892,47,3,0,1,0,1,1,0
270348090,725,16,1,0,3,4,5,3
359767082,80,12,1,2,4,0,1,4
35349987,460,9,0,0,0,2,5,2
179966966,686,250,14,20,62,57,51,46
55602946,345,24,1,2,2,5,9,5
363885457,624,261,11,23,63,66,53,45
150187916,397,200,14,16,42,45,35,48
309598681,798,131,7,5,39,27,26,27
410578942,92,6,0,1,4,1,0,0
258837989,567,68,4,7,13,17,15,12
331183881,356,31,5,3,9,4,2,8
307927495,349,10,0,1,3,4,2,0
243642384,610,113,14,10,30,24,19,16
449650980,321,54,4,8,16,14,10,2
160697480,656,56,1,6,8,13,9,19
83914837,794,176,7,14,38,49,45,23
312102715,285,84,3,9,21,22,12,17
48318875,721,199,5,12,58,52,32,40
260708271,421,164,7,10,33,42,34,38
243192504,586,39,3,3,12,9,7,5
398363472,83,2,1,1,0,0,0,0
307610438,713,0,0,0,0,0,0,0
300104749,353,10,1,1,4,2,1,1
150300654,428,21,1,3,2,5,5,5
304458680,393,95,6,12,22,24,18,13
357512000,47,18,0,0,5,5,4,4
270288280,716,360,19,21,72,104,72,72
179368346,676,51,0,3,14,14,14,6
309350921,13,0,0,0,0,0,0,0
306576384,302,11,0,2,2,4,3,0
241532550,361,8,1,1,2,2,2,0
150357064,364,21,2,1,4,6,6,2
47309500,456,81,6,16,13,21,13,12
323020176,232,14,0,0,1,4,6,3
255350388,188,0,0,0,0,0,0,0
338104678,548,148,13,13,36,40,24,22
294200378,320,53,1,3,11,13,13,12
16288184,728,0,0,0,0,0,0,0
323442776,7,0,0,0,0,0,0,0
384534266,14,4,0,1,2,0,0,1
279087522,511,55,2,1,6,16,17,13
341258182,572,69,8,4,16,18,14,9
263035184,625,40,1,5,11,11,7,5
291320884,467,79,6,10,19,22,10,12
279217728,433,29,0,3,4,9,8,5
167201539,314,5,1,0,2,1,0,1
41561453,507,119,3,12,30,36,26,12
177631209,189,15,0,3,3,3,3,3
271893367,19,0,0,0,0,0,0,0
374447935,190,21,1,3,7,3,2,5
384742846,17,2,0,0,0,1,1,0
298372701,166,4,0,0,1,3,0,0
430263572,494,49,3,10,10,15,7,4
151300352,694,154,7,22,35,36,33,21
301160638,313,41,2,3,9,10,6,11
30450412,506,0,0,0,0,0,0,0
284783117,349,30,1,3,14,8,2,2
348555861,194,0,0,0,0,0,0,0
407147727,27,5,0,1,0,2,2,0
279692257,197,16,2,0,6,3,2,3
349059354,353,30,0,3,7,7,6,7
198076334,424,74,3,3,11,17,18,22
357040925,63,20,1,2,6,5,5,1
402918060,40,2,0,0,0,1,0,1
305674644,424,192,10,16,37,45,50,34
306987941,329,79,3,7,13,17,17,22
381979901,410,22,2,3,4,5,2,6
255319384,194,0,0,0,0,0,0,0
206912019,454,115,2,11,26,32,24,20
423987361,351,11,1,1,3,2,4,0
454058066,345,20,1,2,3,6,5,3
389070884,646,371,17,45,100,90,59,60
343757299,48,0,0,0,0,0,0,0
342782002,394,0,0,0,0,0,0,0
418720347,16,0,0,0,0,0,0,0
202445608,651,184,7,21,48,48,31,29
357662316,39,1,0,0,0,1,0,0
125115082,544,65,1,4,14,21,10,15
262614966,443,249,19,18,54,61,50,47
280055342,206,40,3,2,8,7,8,12
341029467,363,0,0,0,0,0,0,0
125857387,548,127,5,16,31,25,24,26
38494096,666,67,5,7,21,17,10,7
301247295,294,0,0,0,0,0,0,0
257737073,8,1,0,0,1,0,0,0
220402294,427,144,11,14,37,37,28,17
300324638,361,66,6,0,16,15,14,15
442829369,215,20,2,1,2,5,4,6
309619055,395,2,0,0,1,0,0,1
25078120,280,140,11,14,35,27,25,28
167656297,434,43,0,3,9,14,6,11
220397947,446,34,1,2,6,12,11,2
342694097,644,154,12,19,47,39,28,9
124350360,304,0,0,0,0,0,0,0
306272819,432,45,3,3,8,11,10,10
370676773,418,270,9,30,65,81,47,38
447493530,369,34,2,4,12,9,5,2
379865347,628,70,2,8,23,18,8,11
279323519,433,30,4,4,7,6,6,3
24133365,244,4,2,0,1,1,0,0
293151358,345,85,4,7,20,19,13,22
379806358,136,35,0,6,6,9,8,6
67267845,241,48,1,5,12,20,7,3
238229705,111,0,0,0,0,0,0,0
272086869,41,3,1,0,0,0,1,1
388128308,275,14,2,1,4,2,3,2
190863171,730,134,3,10,37,36,26,22
207511576,446,72,1,5,19,19,12,16
214716930,181,8,1,0,2,3,2,0
261138857,15,0,0,0,0,0,0,0
102643159,706,249,15,32,66,62,43,31
396655059,24,0,0,0,0,0,0,0
388244501,12,2,0,0,0,0,0,2
336931938,343,105,7,15,31,24,13,15
24194061,230,44,4,2,11,12,8,7
465088681,625,92,5,5,25,27,17,13
426541180,43,1,0,1,0,0,0,0
90836525,424,224,9,24,54,66,42,29
125958765,546,287,8,32,71,76,53,47
305675525,410,189,7,15,41,49,36,41
207693951,426,49,1,6,13,16,12,1
349763482,331,7,0,1,2,2,2,0
255513991,186,65,3,5,22,14,8,13
159803421,681,70,1,6,15,17,23,8
255567460,521,4,1,0,2,0,1,0
394699148,24,10,1,3,2,3,1,0
388203226,13,0,0,0,0,0,0,0
455463415,404,37,1,9,8,7,6,6
350025490,346,22,1,2,7,7,5,0
304071827,370,15,3,2,2,4,2,2
360571125,533,39,1,7,10,8,5,8
426422372,34,0,0,0,0,0,0,0
149030418,198,5,0,0,1,3,0,1
349521875,382,3,0,0,1,2,0,0
297701617,416,0,0,0,0,0,0,0
316207527,177,12,1,0,0,6,2,3
216728030,170,12,0,2,3,5,2,0
121455954,562,54,1,10,17,13,9,4
407824089,21,0,0,0,0,0,0,0
410418820,12,2,0,0,0,1,1,0
217059369,582,67,3,11,23,12,7,11
446872386,353,14,0,2,3,4,5,0
261136311,13,0,0,0,0,0,0,0
278826516,488,11,0,2,2,3,3,1
32959497,707,17,0,1,3,5,3,5
306107122,429,43,3,4,11,11,4,10
269852699,11,0,0,0,0,0,0,0
348717439,20,4,0,0,0,2,1,1
359987981,33,4,0,0,1,2,1,0
213514265,240,0,0,0,0,0,0,0
363933313,144,13,0,2,3,2,4,2
395429348,371,54,3,6,13,16,11,5
216995338,565,13,2,3,4,1,1,2
189084771,144,0,0,0,0,0,0,0
133701671,153,5,1,1,2,0,1,0
222945452,159,31,2,2,11,4,6,6
293480903,23,1,1,0,0,0,0,0
279156705,500,143,13,6,27,33,30,34
407823917,23,0,0,0,0,0,0,0
448727889,125,0,0,0,0,0,0,0
222173967,302,17,0,2,5,3,4,3
294197236,277,45,4,5,16,10,6,4
141708335,101,3,0,0,1,1,1,0
294059372,103,20,2,1,5,5,2,5
303264387,465,45,2,5,9,9,6,14
276836579,18,2,0,2,0,0,0,0
418527327,16,2,0,1,0,0,0,1
339566276,643,140,6,15,28,37,29,25
421285598,512,52,2,3,10,9,13,15
402918064,40,0,0,0,0,0,0,0
349643889,446,33,4,4,9,9,6,1
343285974,623,0,0,0,0,0,0,0
167812449,416,5,1,2,2,0,0,0
325564366,15,2,0,1,0,1,0,0
306981513,323,33,3,3,9,9,6,3
267239205,176,67,3,10,19,20,8,7
245527958,571,328,15,42,93,82,58,38
216190934,160,16,1,0,5,1,2,7
247145147,538,10,1,2,4,1,0,2
152377056,180,48,1,2,12,12,10,11
94257578,229,37,2,2,9,9,4,11
218821972,595,0,0,0,0,0,0,0
455509774,407,56,2,10,19,15,4,6
161988269,700,140,4,23,38,34,20,21
442567883,225,37,1,6,14,9,3,4
301956407,252,15,3,1,6,3,1,1
340100436,288,22,1,0,5,5,4,7
448913059,330,148,2,19,46,40,26,15
122645363,613,52,0,7,14,12,12,7
311103813,40,1,0,1,0,0,0,0
50380257,232,26,4,2,6,4,2,8
456609929,436,26,2,2,5,4,6,7
464422047,372,62,1,3,16,15,15,12
254003502,686,238,11,14,58,65,52,38
238197709,266,0,0,0,0,0,0,0
112401201,751,209,12,16,47,44,46,44
265435357,25,13,1,2,1,2,1,6
396170777,133,8,1,0,2,1,1,3
303909865,164,17,1,0,4,5,3,4
344031627,416,51,7,5,15,9,9,6
360824561,438,23,2,0,8,4,2,7
339666028,319,170,9,11,36,39,33,42
422038373,415,3,1,1,1,0,0,0
380645083,672,32,2,4,6,13,5,2
279322914,457,5,1,0,0,0,1,3
6667908,529,21,2,0,6,5,4,4
201747686,463,53,3,3,13,11,8,15
167792080,422,0,0,0,0,0,0,0
280052690,46,0,0,0,0,0,0,0
31690845,719,0,0,0,0,0,0,0
278866211,462,8,0,1,0,4,3,0
196954401,733,104,5,6,18,22,29,24
407584737,20,0,0,0,0,0,0,0
382308684,346,20,1,3,7,4,2,3
306723230,385,32,1,6,8,7,4,6
424796997,491,0,0,0,0,0,0,0
280095254,268,0,0,0,0,0,0,0
380659334,433,112,6,16,25,26,23,16
113567527,706,27,0,1,7,7,8,4
91246422,612,75,3,7,20,18,15,12
254045302,666,31,2,1,2,11,9,6
219967673,505,23,2,6,2,4,7,2
254258206,663,78,4,8,23,14,12,17
113061684,683,365,18,34,87,84,80,62
181341926,607,168,10,17,46,46,26,23
253715855,671,53,5,2,10,10,12,14
263925187,695,94,3,8,24,25,19,15
383427491,4,1,0,0,0,1,0,0
396903513,557,107,6,12,25,23,24,17
341309569,310,8,0,0,2,4,2,0
270341486,20,2,0,0,0,1,1,0
25858367,669,59,0,8,16,16,8,11
61724376,618,77,3,6,11,26,16,15
101233501,575,17,0,2,3,3,6,3
394230860,229,4,0,0,1,2,1,0
211116547,697,92,7,12,22,22,18,11
98064760,619,14,3,2,5,3,1,0
87260967,528,110,3,5,31,22,27,22
292474331,110,56,5,7,13,14,11,6
61898904,627,27,1,1,7,4,4,10
55652896,353,3,0,0,1,1,1,0
167697604,418,8,2,0,2,1,1,2
270204401,56,3,1,1,0,0,1,0
365366508,316,95,8,7,23,23,14,20
219927211,594,32,3,4,7,4,5,9
253826623,636,23,1,4,5,6,3,4
182894226,623,177,11,15,48,37,35,31
371839073,140,5,0,0,0,0,2,3
253749178,667,98,4,6,21,19,23,25
327785134,15,3,0,0,0,1,0,2
30816076,683,9,0,1,0,1,2,5
120393264,442,119,5,17,17,24,27,29
404156386,510,35,3,1,8,4,8,11
425675208,572,35,1,3,13,10,4,4
390996644,782,111,4,9,23,28,23,24
319606464,482,27,1,2,7,9,4,4
419744996,295,38,1,2,5,6,13,11
358108063,70,3,0,1,1,1,0,0
407165509,18,4,0,1,0,2,1,0
113565705,728,275,18,31,70,62,52,42
280685089,15,0,0,0,0,0,0,0
292013448,640,68,4,7,16,15,14,12
231081369,345,0,0,0,0,0,0,0
118271404,539,171,8,10,34,46,42,31
339752629,558,216,10,17,42,54,53,40
382312052,333,34,2,2,1,10,8,11
90911675,586,78,6,6,14,20,17,15
49534600,530,37,3,3,13,7,3,8
181233908,197,15,1,2,4,1,2,5
380783252,438,0,0,0,0,0,0,0
318649597,5,3,0,1,1,1,0,0
253844234,656,38,4,2,11,7,8,6
2372579,730,152,8,11,25,38,43,27
380822025,681,12,0,1,2,1,3,5
61381436,593,15,0,2,3,3,4,3
351336681,443,24,0,3,2,6,7,6
6400274,535,82,5,4,18,20,20,15
238892775,230,121,5,6,29,25,31,25
349797905,568,59,4,5,11,15,11,13
246745789,638,335,20,26,78,79,68,64
409934687,62,4,0,1,2,1,0,0
193831684,671,52,2,7,17,11,5,10
259901124,244,91,1,6,19,20,21,24
253657883,628,41,4,5,8,8,7,9
169316288,790,0,0,0,0,0,0,0
261746657,19,7,1,1,1,1,1,2
229810745,242,73,3,10,15,12,15,18
120341889,424,74,3,5,20,24,12,10
401606923,15,0,0,0,0,0,0,0
396215041,32,6,2,2,2,0,0,0
200135791,477,21,1,1,5,6,5,3
97833468,628,147,6,14,33,33,28,33
211215485,738,164,11,14,44,27,34,34
316582319,665,180,9,15,38,44,43,31
118200081,540,115,8,8,23,28,22,26
56777828,604,330,18,20,69,80,68,75
118271395,535,186,13,12,38,48,42,33
300446210,346,0,0,0,0,0,0,0
61135882,598,17,2,1,6,5,3,0
320264006,465,12,1,2,2,2,2,3
345170707,25,2,0,0,0,0,0,2
80059889,635,61,3,2,10,18,14,14
253781040,660,357,20,27,76,79,75,80
276315375,704,95,5,6,25,22,13,24
320054835,516,16,1,2,4,4,3,2
76758733,541,47,2,2,10,10,14,9
304101379,216,99,1,9,23,22,24,20
180416826,104,3,0,0,1,1,1,0
370134610,453,25,2,7,11,3,1,1
365956683,396,100,9,10,24,17,20,20
128790976,580,15,0,0,0,4,7,4
404123632,538,52,4,5,15,14,7,7
211170874,735,38,2,5,7,9,9,6
387107961,397,53,1,3,14,16,8,11
425549135,638,40,1,3,10,15,6,5
101845679,558,75,4,6,20,16,17,12
273697554,16,0,0,0,0,0,0,0
161083755,561,185,13,15,41,41,39,36
169573910,773,209,12,20,45,50,40,42
469441650,691,169,8,12,41,37,30,41
61730680,626,178,11,20,45,37,27,38
101654574,532,4,0,1,2,1,0,0
394657039,23,0,0,0,0,0,0,0
263074592,13,0,0,0,0,0,0,0
80252615,590,79,4,6,19,17,14,19
340110295,551,314,20,22,62,81,72,57
50273697,179,84,4,10,21,23,19,7
303843296,352,202,15,17,44,39,34,53
30914235,793,35,3,6,5,9,5,7
320173862,475,48,3,1,15,9,7,13
277373390,687,115,6,7,21,19,27,35
180412528,27,0,0,0,0,0,0,0
60433558,724,99,6,10,24,24,21,14
90716944,629,3,0,0,1,1,1,0
158301961,550,14,1,1,3,4,2,3
93316328,157,48,4,8,11,9,8,8
342025025,16,1,0,0,0,1,0,0
339185356,154,7,0,0,0,1,2,4
277473207,170,11,0,1,3,2,1,4
73884611,76,9,1,1,2,3,2,0
336778418,207,55,0,11,17,15,12,0
60987622,191,79,0,13,25,27,14,0
456905229,171,32,0,2,16,12,2,0
414807623,200,4,0,1,1,0,2,0
336767770,169,41,0,4,19,12,6,0
101302325,50,4,0,1,2,1,0,0
436869712,86,0,0,0,0,0,0,0
29053989,155,14,0,1,3,7,3,0
22843856,130,6,0,2,1,1,2,0
346541355,154,8,0,3,3,1,1,0
349294422,99,49,0,7,13,17,12,0
26432264,23,10,0,2,3,3,2,0
436863045,32,0,0,0,0,0,0,0
436873913,174,6,0,3,2,0,1,0
26533207,6,0,0,0,0,0,0,0
306263608,169,0,0,0,0,0,0,0
367448265,3,1,0,0,0,1,0,0
268221892,171,60,0,9,14,24,13,0
171084337,155,5,0,2,1,2,0,0
58108085,153,11,0,4,4,2,1,0
367106469,1,0,0,0,0,0,0,0
116853937,121,16,0,4,4,4,4,0
722865779,167,0,0,0,0,0,0,0
59739922,162,26,0,6,7,8,5,0
3311888,20,4,0,0,1,1,2,0
115980439,156,0,0,0,0,0,0,0
2595273,114,4,0,1,2,1,0,0
59834339,169,2,0,0,0,1,1,0
467722869,12,2,0,0,1,1,0,0
58540876,161,49,0,8,16,17,8,0
62257830,164,19,0,10,3,3,3,0
239661117,2,0,0,0,0,0,0,0
3034524,121,12,0,3,3,4,2,0
2236015,100,7,0,2,3,1,1,0
117101700,127,11,0,2,2,5,2,0
408651394,142,6,0,3,1,1,1,0
661540044,157,76,0,16,18,26,16,0
408651399,142,14,0,1,4,7,2,0
85785338,129,17,0,3,6,5,3,0
312353805,159,7,0,0,0,3,4,0
117099990,157,14,0,3,4,4,3,0
62702862,154,70,0,15,26,20,9,0
4164713,31,10,0,4,2,2,2,0
400621146,182,33,0,5,11,11,6,0
86396382,150,18,0,3,4,7,4,0
130158363,188,16,0,4,5,5,2,0
239187696,128,12,0,1,3,4,4,0
126232983,168,2,0,0,1,1,0,0
392068173,1,0,0,0,0,0,0,0
172421004,153,50,0,7,13,20,10,0
130158361,188,28,0,9,9,5,5,0
4299830,149,0,0,0,0,0,0,0
138333980,53,0,0,0,0,0,0,0
165797593,53,2,0,0,0,2,0,0
90935391,168,6,0,1,2,1,2,0
172171873,145,19,0,3,4,7,5,0
240154683,65,8,0,1,1,2,4,0
172036040,164,41,0,10,12,12,7,0
172224309,20,1,0,1,0,0,0,0
240122720,102,8,0,2,2,1,3,0
257241363,175,4,0,1,2,0,1,0
371165722,162,4,0,0,0,3,1,0
240155327,29,2,0,1,1,0,0,0
101547609,1,0,0,0,0,0,0,0
149438705,67,0,0,0,0,0,0,0
172933154,85,2,0,0,0,1,1,0
172517058,159,12,0,3,5,3,1,0
117378874,34,5,0,1,1,1,2,0
172529744,7,0,0,0,0,0,0,0
332064670,113,0,0,0,0,0,0,0
233635280,37,8,0,0,3,3,2,0
126325291,139,22,0,5,5,6,6,0
101546875,8,0,0,0,0,0,0,0
260124760,176,45,0,3,7,19,9,7
315120782,789,86,5,8,16,22,13,22
308307606,392,0,0,0,0,0,0,0
400525177,156,13,1,2,2,3,4,1
106055469,661,0,0,0,0,0,0,0
101497151,726,100,4,13,20,20,18,25
437241830,786,229,19,23,55,50,43,39
157754133,783,76,2,8,29,20,9,8
179238861,749,169,8,12,42,43,41,23
344175457,506,0,0,0,0,0,0,0
140132301,186,98,7,14,19,24,14,20
55222620,856,22,2,0,3,10,5,2
89787749,135,0,0,0,0,0,0,0
72605231,650,0,0,0,0,0,0,0
167983141,723,11,2,2,0,2,1,4
55222619,857,22,1,0,4,5,3,9
286310830,868,63,2,5,18,14,14,10
334886280,788,12,0,1,3,4,2,2
192990023,769,223,7,20,53,57,38,48
122330743,130,24,1,4,8,5,4,2
35655828,164,1,0,0,1,0,0,0
36077464,167,82,4,10,19,20,15,14
22146154,761,22,1,2,6,4,4,5
269342892,129,15,1,2,5,4,1,2
148612685,810,47,2,4,11,10,7,13
71298511,729,183,12,19,47,30,27,48
374366829,824,39,3,1,7,10,10,8
40534599,845,81,2,10,17,22,17,13
192087959,213,28,2,1,8,8,5,4
29914747,721,199,15,21,33,43,45,42
148544875,858,21,0,0,2,5,6,8
281494100,508,74,6,14,20,16,13,5
157774304,816,9,3,2,2,2,0,0
145116411,171,0,0,0,0,0,0,0
30828562,180,3,0,0,0,2,1,0
5092088,563,33,2,1,5,8,8,9
73201833,659,93,6,2,22,23,16,24
193271278,792,45,3,2,15,15,6,4
73386477,668,110,9,7,24,27,17,26
350141132,409,17,1,2,2,4,4,4
275083922,485,0,0,0,0,0,0,0
294327312,444,53,4,9,12,10,9,9
48063034,722,0,0,0,0,0,0,0
30122338,169,15,0,2,3,4,2,4
49003142,721,0,0,0,0,0,0,0
45599777,670,14,1,1,3,1,2,6
269562415,151,45,2,3,5,13,9,13
48063032,718,0,0,0,0,0,0,0
437248515,772,20,0,2,6,7,0,5
11561667,821,0,0,0,0,0,0,0
49418981,826,58,4,6,14,19,9,6
437230910,767,57,3,4,12,12,16,10
53997651,742,45,3,2,12,7,14,7
31810287,166,10,2,0,1,2,3,2
168384614,782,156,9,16,30,31,36,34
423524230,767,27,2,2,6,10,4,3
53189332,855,0,0,0,0,0,0,0
307488085,332,90,5,7,19,21,21,17
74528318,187,16,0,1,4,6,3,2
385231167,795,51,3,5,12,11,8,12
36734222,812,0,0,0,0,0,0,0
140064648,152,72,5,6,16,16,18,11
410392940,789,318,18,30,81,65,60,64
48335665,715,37,3,5,5,5,11,8
193136669,783,173,18,21,42,37,26,29
35009375,863,119,6,4,29,25,21,34
106403786,659,49,3,3,11,8,6,18
140691463,27,1,0,0,1,0,0,0
219310882,825,59,1,6,13,17,10,12
308076113,792,69,8,11,15,9,14,12
393837491,790,7,1,1,2,3,0,0
335499997,794,0,0,0,0,0,0,0
410299018,765,396,28,33,96,90,75,74
157788279,816,196,19,20,51,42,27,37
70717462,700,0,0,0,0,0,0,0
49175300,728,336,18,30,68,78,69,73
260609205,465,32,3,2,4,6,9,8
286396160,879,0,0,0,0,0,0,0
340135575,419,240,17,19,44,61,56,43
158150633,671,37,1,0,5,4,9,18
44988465,694,0,0,0,0,0,0,0
47380518,852,154,4,16,25,37,30,42
22120766,802,96,2,6,26,22,17,23
270742379,180,46,3,4,6,11,10,12
158329676,716,63,2,3,18,14,16,10
219187649,811,0,0,0,0,0,0,0
315002523,775,0,0,0,0,0,0,0
75818403,162,69,6,2,16,21,13,11
177175199,193,33,2,3,8,5,7,8
19271382,363,13,0,0,1,4,4,4
193092806,720,47,1,5,9,8,14,10
5703872,281,12,0,2,4,2,1,3
73723286,651,0,0,0,0,0,0,0
23324827,737,25,2,2,4,6,4,7
71546916,715,22,1,2,6,5,3,5
102691227,657,49,2,2,13,16,7,9
375477302,227,11,0,2,2,1,2,4
410359089,788,382,27,31,91,86,69,78
149990841,356,11,0,3,3,1,2,2
291466214,548,37,4,4,7,8,6,8
48476907,713,13,0,0,1,4,6,2
168312820,796,11,2,2,2,1,4,0
286310836,862,29,3,2,5,10,3,6
308404140,344,142,10,7,25,32,34,34
187930369,772,37,0,5,10,9,5,8
148611095,878,30,0,1,4,7,6,12
48372732,713,160,10,15,24,35,31,45
24972851,704,71,4,4,17,18,9,19
106470229,699,22,1,3,5,2,4,7
102978235,631,35,0,2,7,10,8,8
74627376,187,48,2,4,10,13,9,10
53178352,843,111,6,6,27,30,24,18
102195674,609,16,1,1,0,2,4,8
189349514,745,0,0,0,0,0,0,0
400445441,155,55,5,7,14,10,10,9
349970685,405,57,3,12,16,6,5,15
47352608,873,278,20,21,62,71,50,54
322732889,863,203,15,13,36,50,46,43
434479378,811,438,28,44,103,95,76,92
140066660,155,70,6,9,16,12,11,16
105992935,662,0,0,0,0,0,0,0
179295564,794,44,5,8,13,6,6,6
436802660,147,50,4,4,9,16,8,9
92743594,134,14,2,2,2,1,3,4
22079739,789,61,4,4,16,9,14,14
281731203,834,0,0,0,0,0,0,0
30562668,192,16,1,1,2,6,5,1
380618882,813,59,3,6,15,17,14,4
67474119,724,87,7,5,23,23,13,16
86182628,806,0,0,0,0,0,0,0
77139245,792,131,8,13,29,25,27,29
14826027,844,0,0,0,0,0,0,0
61285257,619,197,6,22,38,54,35,42
63309085,211,112,3,15,21,41,30,2
380618779,866,210,15,14,44,57,48,32
388843945,800,66,3,5,15,14,16,13
149470723,544,36,1,6,8,7,10,4
135085261,761,103,11,6,27,17,27,15
157018051,378,7,0,1,1,1,2,2
347329162,12,0,0,0,0,0,0,0
367683204,30,2,0,1,0,1,0,0
392963260,876,11,0,3,4,2,0,2
175402069,867,70,0,7,21,16,16,10
390651552,807,0,0,0,0,0,0,0
339540793,829,81,5,8,13,14,13,28
409343223,340,6,0,0,3,1,2,0
388940613,799,385,21,30,84,87,76,87
292115251,873,90,5,10,13,18,25,19
376923942,843,8,0,2,4,2,0,0
422251657,837,45,0,4,9,9,7,16
365089053,869,363,25,22,77,93,73,73
393639812,876,66,4,4,14,14,15,15
92132777,809,29,2,2,6,7,3,9
366786599,847,448,27,37,111,105,80,88
95525589,814,61,4,6,15,9,14,13
95525590,814,57,9,1,13,15,7,12
92132775,809,25,3,3,5,2,5,7
390632932,844,433,30,39,96,98,86,84
389510663,844,85,6,6,20,15,16,22
27112021,4,4,0,0,0,1,2,1
365198355,842,136,2,9,37,31,24,33
365070861,837,420,27,30,90,106,85,82
422332463,842,421,21,44,112,87,73,84
422246362,784,98,4,6,21,22,20,25
365069916,833,86,4,8,14,18,22,20
399181042,832,185,8,10,45,42,41,39
286036831,842,482,27,36,115,97,84,123
72534221,782,35,3,2,8,5,6,11
88118399,829,366,16,27,79,90,65,89
365203184,838,34,2,3,8,8,6,7
66715008,853,234,10,20,53,56,49,46
393672471,847,0,0,0,0,0,0,0
365070128,847,8,0,1,1,0,2,4
365059891,856,2,0,0,0,1,1,0
392909786,827,117,6,6,27,29,28,21
422252417,798,215,18,21,48,45,45,38
51288359,157,43,3,4,11,10,9,6
296672022,412,52,2,4,10,12,15,9
339568213,633,169,5,23,52,37,27,25
67982365,241,14,0,2,2,0,3,7
314527844,201,34,2,3,6,12,5,6
279319810,511,22,2,3,3,3,2,9
177283727,246,6,0,0,0,1,1,4
364200513,210,9,0,0,2,3,2,2
150031040,401,0,0,0,0,0,0,0
233558430,560,9,1,1,3,4,0,0
220569051,409,37,1,0,7,12,6,11
231275247,497,22,3,1,7,4,3,4
270622440,658,82,4,6,18,21,22,11
441464221,796,26,2,2,2,4,7,9
355601117,408,18,1,3,6,3,2,3
270411008,705,11,0,1,4,2,2,2
231010756,380,18,1,2,4,5,3,3
67559369,730,31,2,2,8,5,6,8
97467902,760,58,2,4,12,9,10,21
29847695,840,96,5,4,21,28,23,15
322493523,741,100,7,8,26,17,20,22
219222201,11604,1840,69,179,382,387,438,385
115693377,612,8,1,0,3,3,1,0
63785934,738,124,5,9,26,29,29,26
55369219,366,17,1,2,5,5,3,1
52079677,318,15,1,0,3,3,2,6
54018297,835,176,8,15,40,42,33,38
98658304,771,0,0,0,0,0,0,0
306773020,324,41,3,6,7,7,6,12
198011271,467,55,2,4,13,19,7,10
279949020,375,5,0,0,1,2,0,2
114471605,828,11,0,1,5,3,1,1
31850842,317,33,4,1,5,7,5,11
300972613,564,77,9,6,17,14,12,19
9054370,852,59,5,3,21,10,12,8
316769815,731,40,3,1,12,7,8,9
69888530,754,83,4,9,21,21,19,9
220523550,316,3,0,1,2,0,0,0
219238496,8817,443,22,47,93,101,102,78
396721448,457,0,0,0,0,0,0,0
3816260,838,29,3,5,2,6,8,5
308225941,657,37,0,5,11,11,6,4
231061733,426,107,7,10,23,19,23,25
231840927,344,6,1,0,0,0,3,2
382069435,428,0,0,0,0,0,0,0
234518605,389,12,1,1,2,2,3,3
215336287,658,135,9,13,34,28,23,28
259543079,490,6,0,0,0,0,2,4
3921749,833,36,3,1,8,7,7,10
234347951,275,5,0,0,1,2,2,0
279741942,381,21,0,0,2,7,7,5
251858265,681,55,3,4,8,15,12,13
219998089,476,36,1,1,3,14,8,9
142177867,536,46,4,4,6,9,13,10
63941711,779,108,5,5,17,35,25,21
299135660,837,43,3,4,9,11,7,9
38937499,310,18,1,1,3,6,5,2
219984354,491,118,9,8,24,29,24,24
197908268,448,42,1,2,10,10,10,9
123405765,673,53,3,5,15,11,10,9
164681172,799,56,3,7,14,6,15,11
231833061,353,5,1,0,2,0,1,1
28051929,807,45,1,3,12,12,11,6
268529943,801,0,0,0,0,0,0,0
10756751,834,175,11,15,41,35,31,42
9209932,817,0,0,0,0,0,0,0
382323697,856,0,0,0,0,0,0,0
220015845,568,14,2,0,4,2,3,3
115275539,623,0,0,0,0,0,0,0
120566395,652,0,0,0,0,0,0,0
350954272,545,156,8,10,35,35,39,29
231851620,333,47,2,2,9,14,13,7
389754103,617,76,4,7,19,16,16,14
197931263,503,43,2,3,11,10,6,11
39018208,326,8,0,0,0,3,3,2
237342298,508,43,2,1,5,9,11,15
49677785,824,0,0,0,0,0,0,0
220567625,333,13,2,2,2,1,1,5
164752991,790,0,0,0,0,0,0,0
389669796,259,0,0,0,0,0,0,0
33912852,753,52,5,3,9,15,13,7
389754101,616,84,8,6,21,21,17,11
197886566,430,66,7,5,19,12,11,12
231279823,498,0,0,0,0,0,0,0
146761368,569,80,4,10,21,13,15,17
178171080,730,44,4,4,13,3,8,12
77030554,701,52,4,9,14,9,8,8
100918213,647,48,2,3,7,12,12,12
111267340,612,96,5,8,24,26,16,17
220430912,515,116,9,9,19,26,32,21
234494090,380,21,2,4,3,5,3,4
41865879,603,86,12,2,24,23,11,14
91638523,636,83,1,10,20,20,15,17
327996089,725,52,2,4,11,14,9,12
13092260,737,13,1,0,2,3,2,5
402112785,649,235,8,19,41,56,61,50
259675295,492,43,2,1,5,12,13,10
332488398,764,56,3,4,9,10,14,16
33665328,755,91,7,3,21,23,18,19
3815360,840,0,0,0,0,0,0,0
38699825,400,84,5,7,18,16,17,21
244163413,802,98,5,6,22,28,20,17
266735682,778,189,11,13,43,45,43,34
401889117,651,27,0,0,6,6,6,9
159897979,640,39,5,3,7,6,4,14
349835367,364,78,3,5,22,25,15,8
220521199,374,137,11,8,26,31,24,37
197887879,467,0,0,0,0,0,0,0
215403644,591,62,9,11,14,12,7,9
116417661,687,101,2,8,22,23,20,26
10838695,827,171,10,15,49,40,29,28
391902612,28,3,2,0,1,0,0,0
401869914,531,121,4,8,30,26,25,28
100029948,591,51,2,3,15,12,5,14
129764561,659,139,6,14,30,33,28,28
79548760,559,16,2,2,2,2,4,4
207200487,477,50,1,6,12,17,9,5
183596242,651,123,9,11,28,23,32,20
206468815,468,23,3,3,3,2,2,10
259589049,503,19,1,1,5,4,3,5
198037741,473,127,8,14,33,27,26,19
287351976,28,3,0,0,0,1,2,0
301022235,585,146,5,10,33,42,33,23
91542943,655,22,0,1,2,6,6,7
266770712,771,226,13,19,55,58,42,39
259373684,531,2,1,1,0,0,0,0
281498280,481,46,3,3,8,11,9,12
117549840,513,74,7,6,26,10,10,15
358232450,438,115,6,9,16,29,26,29
270622446,654,114,3,5,26,34,23,23
24704862,321,22,2,2,5,3,4,6
349907707,364,23,1,2,5,4,5,6
31653503,320,48,1,5,11,6,8,17
300654002,286,69,7,7,20,12,12,11
273792220,449,48,3,5,10,16,9,5
339607421,522,32,2,3,9,6,4,8
114819301,820,16,2,1,1,2,3,7
69949079,806,85,7,3,12,21,21,21
31796120,246,36,1,5,6,8,8,8
4629065,843,48,2,3,12,17,9,5
200440270,613,57,4,7,18,9,10,9
121078334,748,81,4,9,26,18,11,13
301407485,830,135,8,10,33,37,24,23
200363295,623,61,4,3,17,14,8,15
77158150,666,79,1,7,19,17,18,17
381167995,866,361,21,22,82,83,78,75
144598282,25407,3165,97,352,682,737,767,530
231809798,543,67,6,9,22,11,8,11
453828066,802,39,4,2,6,9,8,10
461713146,846,182,11,16,44,36,35,40
404477044,816,64,1,2,7,16,15,23
35743561,833,179,11,15,49,36,32,36
318887874,844,196,9,18,48,43,36,42
261332760,32,3,0,1,1,0,1,0
77209028,660,86,5,4,19,26,15,17
301405723,810,233,11,16,62,60,44,40
65448527,764,192,15,16,51,40,33,37
259701720,540,91,6,9,16,22,17,21
347545091,632,150,6,11,37,39,29,28
144539611,759,39,0,2,9,10,10,8
323295967,631,0,0,0,0,0,0,0
121156576,786,96,10,9,25,20,11,21
12631605,870,0,0,0,0,0,0,0
425077106,807,172,11,12,47,43,27,32
146688260,559,130,5,6,27,32,20,40
387544749,211,25,0,2,4,10,9,0
200297691,585,135,9,12,33,26,28,27
170635351,700,61,6,4,12,10,14,15
347545020,577,69,4,11,18,19,12,5
302457456,769,211,15,11,50,44,39,52
166874908,691,80,4,10,21,17,13,15
35101462,826,56,1,0,19,13,13,10
318868368,859,0,0,0,0,0,0,0
7695666,619,34,2,1,7,7,6,11
274039311,756,0,0,0,0,0,0,0
161638713,587,63,5,7,16,12,15,8
98853987,827,97,4,11,23,30,21,8
250387838,829,21,1,1,2,7,7,3
143022688,2440,103,0,15,27,23,27,11
219362976,510,17,2,1,4,4,2,4
66572840,806,54,0,3,9,17,13,12
142929481,689,93,7,4,21,25,16,20
88479623,750,115,7,8,31,24,27,18
369370898,574,78,6,5,22,12,14,19
219421171,570,21,1,0,3,5,7,5
98853990,825,158,7,14,33,45,27,32
279097963,852,39,0,3,9,10,11,6
33834253,235,50,4,10,9,13,12,2
38588414,842,64,2,2,19,20,16,5
178352046,757,0,0,0,0,0,0,0
12529950,846,19,0,0,7,6,4,2
4723156,819,14,0,2,2,2,4,4
259470701,550,33,3,5,8,8,5,4
88571421,774,30,0,2,3,9,6,10
88380001,750,25,1,3,3,3,7,8
121048789,766,54,4,7,7,14,7,15
251087387,833,47,4,3,11,7,7,15
178242590,825,75,9,4,20,11,14,17
422844353,193,1,0,0,0,1,0,0
178284729,712,13,0,0,3,2,5,3
4742129,842,64,3,2,19,7,16,17
142852841,710,22,2,1,5,4,7,3
153742549,578,33,1,0,4,12,10,6
361993750,329,12,0,1,7,2,1,1
44890224,760,0,0,0,0,0,0,0
453828065,802,0,0,0,0,0,0,0
161577376,578,8,0,0,4,1,0,3
358335586,514,154,14,13,42,32,24,29
89045042,701,3,0,0,0,0,1,2
231293332,520,36,3,3,8,6,7,9
257691369,499,2,0,0,0,0,0,2
153709888,597,35,3,5,10,4,1,12
279454212,807,16,1,0,2,4,4,5
153741139,603,13,1,1,3,2,5,1
170749770,687,35,3,1,8,10,6,7
302384263,784,12,0,1,2,3,4,2
159984211,671,0,0,0,0,0,0,0
35744583,860,0,0,0,0,0,0,0
64108432,807,36,2,2,7,9,9,7
237944385,567,12,0,1,5,5,1,0
317411334,572,58,2,9,16,9,10,12
201497357,764,109,7,7,20,30,27,18
291385340,209,11,0,4,4,2,1,0
124033255,813,0,0,0,0,0,0,0
11286209,549,87,0,9,23,25,18,12
238162238,526,25,1,4,5,4,6,5
264594193,899,128,7,13,25,37,20,26
142677613,259,21,1,4,5,5,3,3
301485937,406,36,1,5,8,13,6,3
124199788,258,4,0,0,1,1,2,0
96799506,750,43,2,3,8,9,9,12
264537668,236,0,0,0,0,0,0,0
156577475,225,0,0,0,0,0,0,0
142409400,276,21,1,3,2,4,7,4
255587619,520,0,0,0,0,0,0,0
238896431,550,20,1,2,7,7,3,0
167671107,639,26,2,2,6,7,4,5
60479151,781,98,5,9,19,20,28,17
53059882,651,16,0,4,6,0,2,4
207004093,504,0,0,0,0,0,0,0
12158853,263,36,2,1,10,14,5,4
50528312,837,43,0,3,6,16,13,5
264592553,491,4,0,0,1,1,0,2
365694569,204,4,0,1,2,1,0,0
39818458,281,9,1,2,2,3,1,0
35481236,265,59,2,6,12,15,12,12
37248140,277,0,0,0,0,0,0,0
172361463,754,16,3,1,2,2,2,6
299906906,728,49,2,4,10,13,9,11
52641430,695,22,1,1,5,6,3,6
255744818,537,0,0,0,0,0,0,0
220315592,842,45,1,6,12,15,6,5
427398881,563,12,0,0,1,1,3,7
464838153,369,38,2,5,11,6,7,7
42991745,250,45,0,4,13,14,10,4
157751050,567,23,0,2,5,8,6,2
143117999,252,0,0,0,0,0,0,0
443174527,265,0,0,0,0,0,0,0
32759110,805,18,3,3,4,1,3,4
172462064,753,4,0,0,0,2,2,0
435936714,220,0,0,0,0,0,0,0
427394772,897,61,5,4,10,11,15,16
25188036,267,33,6,4,6,7,5,5
231972938,580,35,1,2,3,10,11,8
140212820,726,129,8,15,26,24,23,33
143171265,695,24,3,1,7,4,4,5
33742428,769,273,15,20,57,67,58,56
14081980,606,60,5,7,13,14,10,11
52276229,724,15,1,1,2,1,4,6
156241056,214,30,0,4,6,13,7,0
117739806,742,42,2,5,11,12,6,6
317191077,801,77,8,7,14,15,15,18
267195931,650,29,1,1,7,8,7,5
322650462,764,152,11,14,42,26,31,28
443117794,247,6,0,0,0,0,2,4
168191566,261,28,0,4,9,7,3,5
436158814,205,0,0,0,0,0,0,0
11756637,290,21,0,2,3,4,10,2
156758188,669,117,6,8,28,34,20,21
176406202,339,51,3,7,13,13,9,6
220318793,785,28,1,2,9,12,4,0
282270717,240,27,0,4,3,8,8,4
53122807,688,0,0,0,0,0,0,0
38678931,368,8,0,2,2,1,2,1
72782654,229,13,1,0,6,6,0,0
42828781,255,40,3,4,8,10,10,5
167747439,624,34,3,6,7,6,7,5
123902605,779,71,2,6,19,13,13,18
231822771,563,76,6,5,21,14,13,17
232030067,604,24,1,3,6,5,2,7
160328766,725,34,0,0,6,9,11,8
49701947,757,13,1,2,4,3,2,1
255700967,551,36,3,2,6,7,6,12
279640088,888,143,3,10,44,39,31,16
24397947,692,0,0,0,0,0,0,0
290044434,835,0,0,0,0,0,0,0
52641431,695,28,3,2,4,6,2,11
33864821,274,44,4,2,8,11,6,13
220082557,816,69,2,9,16,15,15,12
287841093,802,20,2,2,6,3,2,5
176591772,714,14,0,2,4,4,3,1
31303242,785,67,3,4,19,14,9,18
180943676,583,24,4,3,6,4,0,7
231205049,752,0,0,0,0,0,0,0
443055162,258,24,0,0,11,5,5,3
33419790,778,147,16,11,35,29,27,29
172742334,759,20,0,0,1,7,7,5
78568736,349,19,1,0,6,6,3,3
38023570,757,31,1,4,3,6,10,7
37606218,732,39,2,3,5,10,10,9
234211934,261,35,2,7,10,9,3,4
355357949,559,40,2,3,5,12,8,10
31054255,760,21,1,6,5,1,4,4
322900369,225,0,0,0,0,0,0,0
52924466,707,4,1,0,1,1,1,0
232185093,237,11,0,0,4,3,4,0
123573766,814,11,0,2,2,2,4,1
365570620,210,0,0,0,0,0,0,0
124106762,269,13,0,1,4,4,1,3
146879345,234,42,3,6,11,6,10,6
100917608,632,61,3,3,12,11,9,23
255565860,506,27,1,1,6,7,5,7
436243444,221,32,0,4,7,12,9,0
438071843,238,7,0,1,5,1,0,0
119461266,264,38,1,4,11,11,6,5
147185619,259,0,0,0,0,0,0,0
436103335,224,22,0,6,7,7,2,0
317330474,906,7,0,1,0,1,2,3
319467578,535,45,1,5,5,12,6,16
284909275,237,9,0,2,2,3,2,0
33689349,837,71,1,6,20,17,11,16
140659978,239,13,0,1,0,4,4,4
350297040,436,15,1,2,5,3,2,2
345835653,230,0,0,0,0,0,0,0
153166843,744,74,3,7,13,25,17,9
346429188,383,77,2,4,17,20,19,15
37601240,760,175,14,12,41,33,38,37
424992973,798,34,1,2,7,9,9,6
234933888,234,14,0,1,1,4,4,4
144695651,221,15,0,1,5,5,4,0
48658291,778,56,5,4,8,9,17,13
147975720,655,0,0,0,0,0,0,0
255548311,534,7,0,1,1,3,2,0
138857475,507,12,0,1,2,2,4,3
234874474,258,27,0,6,9,5,3,4
235073057,589,0,0,0,0,0,0,0
143234741,724,26,1,4,4,5,7,5
219403686,578,51,2,7,8,10,15,9
307016006,198,22,0,2,4,9,7,0
134283998,560,162,8,12,32,36,35,39
88916475,846,38,1,1,13,12,3,8
125497512,262,78,5,5,16,18,19,15
32932888,250,85,4,8,20,24,18,11
51155192,373,44,4,6,8,6,7,13
155813907,355,29,0,2,3,10,5,9
388086679,807,70,1,5,12,18,20,14
443969553,816,0,0,0,0,0,0,0
173432542,202,0,0,0,0,0,0,0
143318403,753,148,12,19,26,24,24,43
425223388,818,45,5,7,8,9,7,9
33194538,249,28,1,3,6,8,7,3
55489734,255,15,1,0,1,5,6,2
150282779,180,34,2,3,10,9,8,2
6518047,778,141,4,7,36,36,25,33
262696097,833,77,3,6,10,30,15,13
149319411,202,10,0,1,2,3,2,2
440796977,755,0,0,0,0,0,0,0
98478039,593,0,0,0,0,0,0,0
80659292,164,0,0,0,0,0,0,0
112236473,193,6,1,1,2,0,0,2
142080812,223,52,3,4,10,18,9,8
78450017,290,24,1,4,5,4,7,3
128902999,230,0,0,0,0,0,0,0
124651221,253,0,0,0,0,0,0,0
318573150,878,89,8,8,17,15,19,22
169770571,907,56,1,2,15,17,10,11
177723489,261,0,0,0,0,0,0,0
155884454,836,88,6,8,25,21,12,16
22766107,693,8,0,0,1,4,3,0
51104846,869,83,5,10,18,18,15,17
468958384,795,150,8,13,41,38,23,27
126446153,220,43,2,3,9,10,5,14
134522557,186,4,2,0,1,1,0,0
126586580,231,32,3,6,6,4,4,9
125501325,250,20,3,5,6,4,1,1
155884449,836,0,0,0,0,0,0,0
124712820,241,18,1,1,2,2,5,7
124712813,239,22,2,1,3,9,7,0
319558164,542,22,1,2,5,5,3,6
27654882,810,73,1,3,8,17,21,23
455178154,875,92,6,7,17,19,19,24
132448273,173,0,0,0,0,0,0,0
296184440,260,22,2,0,3,7,7,3
114547549,214,45,1,7,16,10,8,3
11070365,815,134,6,15,34,27,26,26
259070502,239,100,2,11,25,24,17,21
19193162,923,71,2,4,15,16,16,18
14709809,528,44,3,2,6,7,15,11
165148663,579,0,0,0,0,0,0,0
173756330,206,33,3,3,10,6,3,8
271013213,821,105,5,8,20,21,26,25
440788366,834,109,8,9,29,26,22,15
177960771,902,40,2,3,4,11,7,13
66102144,877,63,5,5,11,11,14,17
18915591,792,98,5,14,27,23,15,14
319011894,833,33,2,2,6,8,8,7
306651396,277,23,0,3,2,7,6,5
452895993,877,51,2,4,15,7,9,14
7211118,818,166,3,15,37,41,32,38
21184505,790,0,0,0,0,0,0,0
278826996,495,4,0,0,0,1,2,1
125175122,868,71,0,1,13,13,21,23
80556181,227,30,1,3,7,4,8,7
319863494,504,25,1,1,3,9,4,7
60284401,824,86,3,9,16,15,24,19
425166925,829,215,16,22,48,45,32,52
124950413,239,3,0,1,0,0,1,1
50758245,903,98,2,10,26,20,25,15
281341249,232,47,2,3,8,9,11,14
148920245,212,0,0,0,0,0,0,0
64608449,735,95,5,15,25,20,17,13
93681365,836,0,0,0,0,0,0,0
437212966,827,25,2,1,3,3,5,11
173077938,386,28,1,2,8,4,6,7
306763456,274,0,0,0,0,0,0,0
262758522,799,0,0,0,0,0,0,0
173038281,750,23,0,2,2,8,8,3
468948126,816,74,4,7,21,13,11,18
452845139,868,32,1,1,5,9,9,7
80650858,186,25,2,1,5,6,7,4
130876312,203,25,2,4,5,4,5,5
129268651,222,7,1,1,2,1,0,2
66509654,231,9,1,2,5,0,1,0
64783257,213,11,0,0,3,3,2,3
284613090,837,50,4,6,9,7,7,17
168426455,265,42,4,2,12,9,7,8
63579446,486,49,0,3,14,13,11,8
425172025,822,39,3,2,9,15,9,1
182469311,199,8,0,1,0,2,3,2
468958374,799,136,7,6,22,27,40,34
307304908,241,19,1,3,4,5,5,1
150284425,190,20,0,5,3,5,5,2
332079835,815,0,0,0,0,0,0,0
455153566,914,176,7,14,38,48,43,26
409319605,229,42,3,8,8,11,5,7
66602813,501,51,1,5,12,11,9,13
123153249,452,84,3,4,13,21,21,22
147102369,202,13,0,2,2,3,2,4
173756896,211,13,0,0,3,4,4,2
22937402,571,0,0,0,0,0,0,0
175969976,826,65,6,7,12,12,12,16
63192395,628,110,2,8,27,30,26,17
156325724,297,19,0,1,2,3,7,6
145762697,198,4,0,0,0,2,2,0
178051504,273,69,3,4,14,15,15,18
56023695,215,37,0,4,9,10,6,8
48880872,819,41,2,4,15,9,2,9
238896417,537,31,1,1,7,10,8,4
18914916,828,0,0,0,0,0,0,0
1190662,828,0,0,0,0,0,0,0
398221405,775,37,2,1,6,13,9,6
12012992,728,66,3,6,11,14,18,14
60655023,810,78,7,7,9,27,12,16
415345299,804,0,0,0,0,0,0,0
38125059,798,0,0,0,0,0,0,0
453059861,850,94,11,5,20,16,20,22
182776916,206,42,2,4,6,16,9,5
81609273,167,0,0,0,0,0,0,0
423363853,768,9,3,1,5,0,0,0
386431674,862,27,4,1,12,7,2,1
60979860,899,62,4,4,13,15,12,14
290476605,877,0,0,0,0,0,0,0
2020964,802,0,0,0,0,0,0,0
289670788,823,86,3,6,20,24,16,17
176774858,795,0,0,0,0,0,0,0
271864083,823,0,0,0,0,0,0,0
185805011,266,48,1,5,13,13,6,10
22538139,625,46,2,4,11,9,11,9
62761513,864,133,7,10,34,30,28,24
56332484,217,0,0,0,0,0,0,0
80025900,195,24,1,2,4,9,6,2
175182754,200,26,1,1,7,7,6,4
410245402,814,94,5,7,21,26,20,15
405391996,859,41,1,4,7,9,11,9
283698250,786,51,2,3,12,9,16,9
2353789,798,42,3,5,11,7,8,8
289596375,860,36,1,3,10,12,4,6
146601322,884,189,13,17,53,42,29,35
413024324,749,34,1,2,10,10,6,5
270648838,799,40,2,4,9,11,8,6
93911780,155,0,0,0,0,0,0,0
393344055,179,35,1,3,7,9,5,10
408351795,821,76,7,3,15,20,18,13
348759510,858,22,1,2,6,1,5,7
186544053,206,0,0,0,0,0,0,0
78151317,866,128,7,11,35,27,23,25
46908113,796,42,2,1,9,10,8,12
377060843,826,28,0,2,2,5,16,3
386437695,856,60,3,4,17,13,14,9
74528791,195,36,4,1,12,7,8,4
1202347,725,47,0,3,14,15,12,3
55252407,205,0,0,0,0,0,0,0
415434817,828,193,6,16,32,53,44,42
262605041,889,37,3,6,8,5,6,9
146039664,193,6,0,0,1,1,0,4
312111256,827,0,0,0,0,0,0,0
423279462,826,86,7,6,20,23,18,12
119058688,816,0,0,0,0,0,0,0
47175622,880,103,3,11,26,21,20,22
51947865,795,0,0,0,0,0,0,0
185980914,213,31,0,4,7,10,9,1
51325134,846,52,3,6,10,13,10,10
277712294,859,36,5,5,8,6,6,6
415528958,791,35,3,4,13,9,3,3
347506869,812,93,5,7,25,24,17,15
142742998,878,83,9,9,25,14,7,19
14307980,909,162,7,14,40,38,38,25
146601318,895,179,8,12,46,43,39,31
386262459,853,37,1,2,7,9,11,7
5364915,823,31,1,2,5,9,11,3
55408994,200,1,0,0,0,0,0,1
305536358,839,96,7,11,21,19,24,14
78234838,909,61,2,3,14,19,12,11
408351887,829,0,0,0,0,0,0,0
289597948,822,55,6,3,17,14,7,8
29697290,171,0,0,0,0,0,0,0
96106862,907,30,2,2,9,9,0,8
145586291,201,9,0,1,3,2,1,2
191926695,217,10,2,1,3,3,1,0
95867802,882,163,14,16,24,40,31,38
449351034,582,0,0,0,0,0,0,0
83113607,794,42,2,1,11,5,6,17
21639186,588,57,4,2,15,14,7,15
389667572,277,16,1,1,1,6,7,0
371108287,333,47,3,1,14,11,9,9
450918869,353,13,0,3,6,0,0,4
141663326,581,12,0,0,4,1,0,7
275697259,613,93,1,7,19,26,19,21
101462,832,16,0,1,6,3,3,3
258839862,596,52,3,6,15,15,8,5
438790188,627,0,0,0,0,0,0,0
276458481,690,0,0,0,0,0,0,0
243391162,591,218,12,19,47,46,54,40
412941718,121,21,1,0,5,6,5,4
423220124,393,83,3,12,22,21,13,12
47402214,345,0,0,0,0,0,0,0
349483495,455,29,3,2,8,8,6,2
407067592,11,5,0,0,0,1,1,3
327850372,675,0,0,0,0,0,0,0
254039358,675,35,0,6,5,8,7,9
410276444,484,0,0,0,0,0,0,0
406238813,515,6,0,0,0,2,3,1
113501026,753,0,0,0,0,0,0,0
58229181,159,0,0,0,0,0,0,0
25226885,808,44,5,3,5,6,12,13
229057817,711,81,1,6,18,14,26,16
126602778,554,119,8,13,26,22,19,31
143924219,578,19,0,1,4,6,4,4
279314488,592,59,3,6,14,17,11,8
403153647,400,37,4,3,11,8,4,7
139188326,604,131,10,17,32,24,19,29
441422220,731,78,0,4,21,24,16,13
139699256,562,69,5,3,14,17,15,15
33862174,32,8,1,2,1,2,2,0
214198381,685,72,4,5,11,17,14,21
394585218,331,21,1,1,6,6,2,5
265591866,389,96,7,12,26,22,12,17
265489698,376,29,2,4,7,2,6,8
277649549,422,11,0,2,2,0,2,5
262958558,18,2,0,0,0,0,1,1
389476160,629,83,4,7,17,16,16,23
253928535,745,53,3,6,12,10,12,10
265613590,492,21,1,3,7,5,2,3
389726435,590,83,3,8,15,19,22,16
139825840,504,47,5,2,16,13,8,3
201256771,417,60,7,3,14,15,14,7
234491752,376,111,6,5,32,33,15,20
79225651,488,58,4,4,17,13,11,9
278784173,678,13,0,0,3,3,2,5
219308281,524,86,6,8,22,18,12,20
144000467,496,16,1,2,4,2,3,4
139841210,579,74,3,4,12,12,22,21
394006752,440,121,6,13,26,28,24,24
126945917,619,179,10,15,49,29,38,38
139721086,525,23,0,0,4,7,6,6
441406061,700,155,10,14,35,39,29,28
152223725,710,69,6,4,20,13,13,13
89018905,557,67,7,8,14,16,10,12
70442570,689,37,1,3,5,7,11,10
92628706,691,5,0,0,1,1,0,3
269762258,16,4,1,1,1,1,0,0
201234926,268,4,0,1,0,1,2,0
115115136,639,19,0,2,5,2,3,7
181043970,266,69,3,7,11,10,12,26
92349924,696,5,0,0,1,1,2,1
144462697,613,126,6,4,27,35,30,24
63280198,713,246,21,28,53,53,42,49
253922296,742,37,2,2,8,3,5,17
269829384,754,0,0,0,0,0,0,0
220388567,430,40,2,2,5,13,8,10
206556127,797,60,5,6,15,14,12,8
266996791,471,94,6,9,26,20,19,14
326356701,800,165,9,17,46,37,33,23
201176965,516,131,5,9,28,33,24,32
231828370,343,0,0,0,0,0,0,0
237332597,385,21,2,2,5,3,6,3
160036449,705,144,5,14,32,29,33,31
126763885,554,19,2,2,5,4,4,2
278706358,648,35,1,1,4,4,10,15
126944775,603,67,7,1,10,13,15,21
139128537,586,44,4,3,11,7,8,11
261656371,13,1,0,0,1,0,0,0
406276109,386,10,1,0,2,5,2,0
214517366,639,133,7,15,34,27,25,25
197760286,697,0,0,0,0,0,0,0
219328784,492,195,11,13,51,49,38,33
204497617,721,111,4,9,21,24,28,25
201293780,430,38,0,4,5,3,11,15
206462116,792,96,5,9,22,15,17,28
358457398,28,7,1,0,1,2,2,1
270166263,756,4,0,0,3,1,0,0
214299966,665,20,1,1,4,8,5,1
121420805,559,136,7,11,26,29,28,35
197570458,670,9,0,1,2,3,1,2
147201138,589,124,8,11,27,24,26,28
301980639,756,19,0,5,3,3,4,4
44623916,651,229,19,17,49,47,42,55
62762261,712,25,1,1,7,7,6,3
219322317,443,7,0,0,2,3,1,1
381854774,442,20,1,4,7,2,1,5
300903537,763,15,1,0,0,6,6,2
117544915,605,103,8,7,17,24,23,24
197766143,453,104,8,8,23,31,17,17
54001270,712,104,4,9,22,26,25,18
29478974,772,25,2,1,7,7,7,1
231714759,433,59,4,5,13,14,13,10
229808144,252,5,1,1,2,1,0,0
97402522,717,35,2,3,7,8,6,9
92594505,698,6,0,2,2,1,1,0
325205605,246,35,0,4,9,5,6,11
207080350,632,22,2,0,9,6,1,4
350190639,402,20,0,3,3,3,4,7
231860752,347,33,1,1,9,10,6,6
219338651,407,112,10,12,22,19,22,27
401926767,874,26,1,4,6,5,5,5
279537689,823,0,0,0,0,0,0,0
56127811,873,81,2,9,24,13,16,17
445921773,203,18,0,4,6,4,4,0
231973885,533,95,7,6,26,26,12,18
231921891,607,74,2,7,13,13,18,21
31107108,307,36,4,3,10,6,7,6
244252435,843,21,1,1,6,9,3,1
9381557,830,95,5,6,16,24,22,22
310308203,383,103,8,9,25,25,16,20
117879940,814,73,3,6,14,17,15,18
117925262,806,65,1,6,14,25,9,10
220402290,430,64,2,5,13,16,17,11
213047427,807,16,3,1,6,2,1,3
333642126,801,13,1,1,2,4,2,3
146522930,815,119,6,17,32,20,19,25
245863693,192,26,0,5,7,9,5,0
117648603,808,125,5,6,27,34,22,31
250196734,816,39,4,8,8,5,8,6
167673218,633,86,7,6,15,17,20,21
146439804,758,228,19,29,55,41,35,49
139701741,792,82,7,11,27,19,11,7
426588729,229,12,0,1,1,6,4,0
219173590,593,109,9,4,18,30,23,25
13325340,775,177,11,8,35,39,43,41
464772659,224,0,0,0,0,0,0,0
121595243,765,50,4,5,7,10,17,7
248403190,833,194,11,17,48,45,38,35
32702481,785,27,2,0,7,8,7,3
9380768,820,89,7,5,20,11,24,22
20176492,641,152,15,11,30,28,37,31
178858648,719,58,2,6,8,12,15,15
37817410,843,106,8,8,32,28,17,13
146597035,798,40,2,3,6,6,5,18
1220444,731,181,10,15,40,37,38,41
362043085,209,1,0,0,0,0,1,0
146344020,749,45,2,4,11,11,9,8
299096773,840,45,6,4,9,5,7,14
283677584,208,8,0,0,3,2,3,0
442918617,826,99,6,11,18,26,24,14
393803650,793,178,10,22,36,47,38,25
167756615,657,34,5,1,8,7,7,6
67719432,878,147,13,14,32,37,26,25
24522770,847,58,2,2,14,16,11,13
399664959,219,11,0,0,2,3,6,0
179034615,734,0,0,0,0,0,0,0
471013547,198,0,0,0,0,0,0,0
178996712,736,21,1,3,2,2,6,7
468887783,203,13,0,1,2,7,3,0
167717848,614,50,1,1,12,13,10,13
55999432,852,0,0,0,0,0,0,0
149861542,773,113,12,7,31,22,20,21
43648757,875,29,1,5,9,6,6,2
20095466,668,84,3,3,18,25,12,23
38677487,834,31,1,6,6,7,8,3
316918055,835,67,3,4,13,13,19,15
77437462,661,0,0,0,0,0,0,0
399729481,220,0,0,0,0,0,0,0
146559015,782,0,0,0,0,0,0,0
432610098,211,6,0,1,1,1,3,0
24433067,691,80,5,7,24,13,9,22
311128363,212,21,0,3,8,6,4,0
373364179,228,26,0,3,11,7,5,0
9433212,810,10,0,0,1,3,6,0
56128191,852,12,1,1,1,2,5,2
13062697,718,0,0,0,0,0,0,0
178938417,719,0,0,0,0,0,0,0
67688552,836,127,6,13,30,25,22,31
200440175,595,45,0,1,9,13,9,13
146559012,781,32,0,4,7,11,3,7
13957444,664,42,3,7,9,6,8,9
239673325,2,0,0,0,0,0,0,0
408068720,878,148,5,11,29,40,32,31
198051336,438,133,7,12,27,26,31,30
79565128,549,118,9,8,20,29,33,19
70555928,669,106,4,9,25,30,19,19
63818344,747,167,13,15,44,38,28,29
287175225,854,253,28,24,64,57,43,37
219244444,1302,0,0,0,0,0,0,0
180724703,663,196,10,14,42,42,45,43
41896812,605,64,2,8,16,13,10,15
139256217,610,45,1,4,12,13,8,7
31655792,313,49,3,5,10,9,10,12
32200310,753,62,5,7,13,12,15,10
51912829,312,32,5,5,8,6,4,4
52368472,332,69,4,3,13,22,16,11
79403459,466,146,8,10,30,41,28,29
89428764,677,190,7,12,48,46,37,40
91369561,622,141,7,13,32,29,30,30
91448148,545,132,6,12,32,33,27,22
99465976,787,225,9,23,56,50,44,43
99646802,780,82,3,1,22,19,20,17
115105140,653,254,10,22,59,62,51,50
117515123,584,139,5,9,34,36,30,25
126637765,651,276,22,29,56,69,57,43
139148071,616,207,5,21,46,49,41,45
139207681,624,154,7,16,34,29,30,38
139700621,472,32,2,1,4,7,9,9
144194304,618,40,3,2,9,12,7,7
147083089,539,172,9,9,43,37,34,40
147131974,571,133,10,8,31,26,30,28
152825521,609,142,10,15,29,28,29,31
152926069,697,249,22,26,60,53,40,48
161262226,540,124,11,7,28,30,27,21
183979262,269,7,0,1,3,2,1,0
197735761,668,140,5,8,38,33,21,35
200645730,563,165,14,13,42,34,34,28
201291281,419,115,11,11,29,18,17,29
206508611,802,0,0,0,0,0,0,0
206544316,411,60,6,6,10,16,11,11
211412634,703,212,11,11,43,53,45,49
212344482,719,161,15,16,40,30,34,26
214299836,624,237,14,21,57,48,49,48
219328400,489,131,9,13,32,17,23,37
229804573,432,113,9,9,27,17,18,33
231629787,453,179,12,13,43,40,36,35
232063593,422,180,10,18,49,39,30,34
234284556,368,135,12,12,30,30,29,22
234523599,370,3,0,0,1,1,0,1
235000060,367,105,10,10,17,25,21,22
235000061,367,89,10,10,16,20,16,17
235009317,369,7,1,1,1,2,2,0
259864042,289,131,11,9,34,32,27,18
260756218,319,0,0,0,0,0,0,0
263078276,15,1,0,0,0,0,0,1
267043786,296,19,3,2,4,3,1,6
276935996,298,73,5,7,14,17,14,16
279254042,619,104,5,9,18,26,27,19
290547036,16,5,0,2,1,1,1,0
355544723,494,97,5,6,15,27,19,25
355601553,417,194,13,15,45,51,34,36
355635441,427,105,7,6,21,27,21,23
355651035,387,89,8,13,23,10,15,20
355703913,316,0,0,0,0,0,0,0
369218857,679,163,11,10,35,35,35,37
381857817,452,82,5,5,18,17,23,14
389658055,573,193,8,14,50,48,33,40
393978805,488,107,6,13,19,24,22,23
402065927,268,122,10,16,29,30,20,17
403136932,501,160,8,12,42,29,32,37
410187905,279,35,2,4,9,8,5,7
410354930,11,2,1,1,0,0,0,0
412063998,251,81,3,5,18,17,19,19
419635446,313,82,4,5,20,17,21,15
441105436,781,188,12,13,50,39,29,45
441183795,821,68,1,5,18,21,12,11
441422527,710,386,22,28,89,81,80,86
469970988,321,124,8,13,32,23,22,26
469979014,288,86,8,10,22,24,15,7
471013508,288,90,8,11,21,21,18,11
8989778,846,93,7,9,21,18,17,21
9033144,807,18,0,1,3,4,6,4
9727392,786,30,1,4,7,5,8,5
12723924,804,0,0,0,0,0,0,0
13068361,803,271,15,22,53,59,71,51
43398254,759,177,11,12,48,41,35,30
49735506,820,336,24,31,62,76,68,75
69838619,825,148,3,16,34,37,30,28
69889494,811,265,18,26,63,49,57,52
70761941,549,53,1,5,14,14,7,12
89543393,792,181,9,15,43,42,39,33
100100827,590,38,1,2,4,9,15,7
115443990,614,201,11,19,43,47,39,42
118826280,671,60,6,10,10,15,11,8
120414806,333,43,0,2,9,12,12,8
120607386,618,235,17,19,47,67,50,35
155540827,738,77,8,13,19,12,13,12
155989956,482,0,0,0,0,0,0,0
158536052,536,20,0,1,6,7,5,1
158582801,537,0,0,0,0,0,0,0
158582802,538,51,3,2,9,18,13,6
160065970,653,97,12,7,23,13,18,24
160081043,669,208,10,15,46,52,44,41
160085375,443,85,3,7,20,22,19,14
167086201,334,36,2,2,7,6,7,12
175405906,685,173,7,18,37,43,33,35
175458611,672,158,9,9,30,44,30,36
179985566,704,25,1,2,2,2,9,9
183537458,664,149,5,19,32,20,37,36
188594653,857,194,10,11,53,50,27,43
188630094,834,130,5,7,31,30,25,32
201776479,438,60,4,5,10,16,10,15
201924791,423,5,0,0,0,3,2,0
204325855,786,188,11,15,33,49,41,39
204327008,822,192,11,18,35,44,39,45
206539783,414,5,0,0,1,1,1,2
207085748,537,148,5,12,29,29,30,43
207091008,489,164,11,12,34,36,36,35
207174531,494,153,8,11,35,33,32,34
240764987,868,84,3,3,12,24,28,14
251829135,663,46,1,1,9,15,11,9
251857120,681,198,10,17,46,48,41,36
254298146,762,129,11,4,30,27,35,22
281728276,500,37,2,2,6,13,6,8
313934040,544,144,9,18,27,33,35,22
340704073,725,221,10,17,47,55,47,45
340782794,650,119,6,7,30,24,24,28
349519544,425,65,3,8,17,16,9,12
369586828,588,157,6,15,40,38,26,32
372816629,437,29,1,0,3,9,6,10
382425148,597,172,17,15,31,43,32,34
389728831,625,0,0,0,0,0,0,0
393943031,686,87,4,10,24,17,19,13
399577123,786,64,4,0,17,14,12,17
402130407,665,42,3,3,9,6,13,8
402319281,822,71,4,8,23,15,9,12
402324760,828,110,8,9,23,28,23,19
402339590,825,176,8,19,41,40,34,34
415969184,810,113,8,13,23,21,23,25
425864141,583,80,4,4,19,23,16,14
434097226,837,271,18,27,73,51,49,53
434106760,840,252,18,22,48,69,55,40
11487334,775,104,3,10,26,25,24,16
11546041,745,119,9,4,25,22,28,31
11598102,716,160,4,14,30,36,44,32
29848012,867,286,19,27,54,64,56,66
32268776,725,82,3,8,20,26,12,13
32284829,669,193,13,17,38,38,40,47
32551761,838,374,25,33,91,94,62,69
33576348,770,209,10,16,51,40,45,47
49558810,647,18,2,1,4,6,2,3
75352949,832,0,0,0,0,0,0,0
114500611,826,172,8,12,36,43,34,39
123337161,714,60,4,3,14,17,14,8
140493525,726,236,22,25,48,58,40,43
146637697,542,155,9,9,34,33,35,35
146712645,577,15,0,2,3,4,3,3
160196709,533,115,5,12,22,19,26,31
164720673,799,257,10,16,54,69,58,50
164775666,790,69,2,6,11,18,14,18
212377300,834,257,16,25,60,66,44,46
215258019,629,138,9,10,27,31,23,38
229143092,526,258,15,28,55,60,54,46
241393039,822,252,12,19,58,71,48,44
241578867,829,151,10,10,38,21,38,34
248348545,851,157,6,8,48,41,30,24
266769521,767,93,4,5,26,26,20,12
266769522,767,96,7,5,22,17,24,21
266816672,753,58,9,1,14,14,10,10
268652258,835,56,1,1,18,12,13,11
268686000,814,197,14,16,42,34,37,54
268686130,853,249,19,25,54,59,51,41
268766053,775,22,0,0,6,5,5,6
269505148,802,107,7,11,21,22,18,28
287174076,854,203,12,8,51,47,44,41
293619461,519,135,14,10,20,35,27,29
299199358,847,43,1,3,6,9,9,15
396720998,456,0,0,0,0,0,0,0
398673007,868,239,16,19,50,59,52,43
423358373,836,247,19,17,52,56,57,46
439458951,767,259,15,22,48,52,60,62
1045298,853,227,12,18,55,55,47,40
7724421,648,211,13,20,49,38,48,43
9845586,840,83,1,4,11,14,27,26
9945183,820,149,5,12,31,30,31,40
12632044,866,273,14,19,67,61,46,66
23139612,850,191,7,12,49,45,41,37
23221002,836,76,4,4,14,14,25,15
25195864,276,49,5,7,12,15,5,5
30028394,780,304,15,18,57,73,68,73
35744707,857,73,5,2,23,16,15,12
36729364,877,295,8,16,63,82,58,68
36883123,824,220,10,11,48,52,48,51
38399380,857,83,7,3,19,22,23,9
38541473,838,20,1,2,5,6,3,3
44737596,729,23,1,0,6,6,6,4
44790502,724,293,20,17,48,68,79,61
44797681,722,390,33,33,97,76,76,75
49799894,843,416,18,40,76,111,89,82
65348716,762,189,8,13,44,54,38,32
66573768,832,89,2,8,20,23,15,21
89239251,720,236,14,15,56,53,50,48
92234970,786,239,18,22,45,55,48,51
98828631,864,263,14,22,56,68,52,51
101070833,598,174,9,11,47,46,37,24
120956236,811,237,19,16,47,57,48,50
121009628,795,78,6,8,21,17,13,13
121092386,764,146,4,11,30,32,34,35
121134517,782,179,10,12,37,49,36,35
129810365,635,99,4,8,29,21,15,22
129888462,592,176,16,18,35,41,34,32
141126559,248,95,5,8,24,29,14,15
141332108,838,95,5,1,32,20,27,10
152507230,9916,955,39,71,211,178,271,185
152592870,579,210,13,20,38,50,48,41
153834085,559,21,4,1,3,6,5,2
156215585,835,197,15,12,34,46,46,44
159950145,680,53,3,4,15,8,9,14
165184400,613,0,0,0,0,0,0,0
166833457,644,0,0,0,0,0,0,0
168674931,734,204,14,18,37,39,41,55
168675489,647,214,12,17,40,49,43,53
168697816,669,94,7,8,14,26,19,20
168851294,666,235,14,17,50,52,52,50
170637811,702,193,16,17,49,40,37,34
170676440,704,220,14,20,48,52,46,40
178284730,710,18,3,2,5,4,2,2
179244391,324,19,1,1,4,4,5,4
197933923,501,138,10,14,30,30,30,24
198008281,455,53,3,6,12,12,12,8
219145901,506,237,19,20,60,56,36,46
219176881,515,195,7,15,43,36,37,57
219346326,524,117,5,9,25,31,18,29
220042007,588,140,4,13,38,35,27,23
220420534,458,87,6,3,15,25,19,19
250386181,829,30,1,4,8,11,5,1
251078096,843,270,14,23,70,68,44,51
251094451,822,0,0,0,0,0,0,0
256775514,663,62,5,2,15,12,18,10
257525627,755,218,10,12,51,60,45,40
257567854,755,29,3,4,8,7,5,2
260370454,498,92,6,7,19,15,28,17
270371961,456,60,3,4,9,16,15,13
270380593,842,0,0,0,0,0,0,0
274039489,824,35,1,3,6,12,7,6
274088422,822,225,11,19,56,56,51,32
277104322,338,133,8,10,37,32,18,28
279181220,854,0,0,0,0,0,0,0
279224984,829,114,8,9,31,32,19,15
279401848,797,68,5,7,21,11,9,15
279484342,847,244,14,16,48,59,59,48
318868129,836,245,14,24,52,65,37,53
318966048,880,229,9,22,49,59,40,50
319291434,821,276,10,21,59,66,67,53
322512913,769,74,3,6,12,15,24,14
326242641,799,181,11,14,36,34,43,43
332910947,12261,3629,119,406,806,808,879,611
332910986,7485,715,51,81,158,151,173,101
347552724,827,127,5,9,20,31,29,33
365301387,207,75,0,8,15,34,18,0
369362290,648,165,11,16,38,34,39,27
387463207,198,48,0,9,15,19,5,0
387513120,193,20,0,5,7,4,4,0
387513384,199,64,0,15,12,25,12,0
387586260,186,20,0,4,5,4,7,0
419994778,761,194,5,17,38,46,46,42
422914426,624,225,7,24,57,48,42,47
423387084,829,297,12,25,71,72,60,57
423439467,814,162,10,17,32,28,29,46
423833748,652,214,15,21,46,37,43,52
441128066,829,138,11,11,28,32,20,36
445924091,192,55,0,11,12,20,12,0
627436,734,91,5,4,21,20,18,23
737546,711,142,10,11,29,31,27,34
1449640,689,21,0,2,5,6,2,6
1450518,720,214,12,13,45,47,50,47
9172417,879,162,10,13,35,37,29,38
11002748,827,273,19,24,76,61,51,42
13062255,717,187,13,17,39,39,38,41
13070701,761,255,16,20,52,49,54,64
13135572,710,58,4,1,12,20,11,10
13345143,732,180,14,16,36,46,34,34
14091704,699,56,4,8,8,13,9,14
21729403,624,203,12,10,39,51,42,49
24450633,678,0,0,0,0,0,0,0
24586751,725,183,13,14,49,42,30,35
24606516,836,274,9,23,66,71,47,58
31118189,731,186,16,13,45,35,39,38
32543789,764,251,22,29,44,51,47,58
34107676,813,256,11,22,53,63,49,58
34145330,816,198,11,13,45,57,40,32
38589392,781,80,2,9,18,13,16,22
38686737,791,0,0,0,0,0,0,0
38687360,825,214,7,15,49,56,51,36
43533897,833,79,3,8,12,15,19,22
43712632,853,119,10,13,32,26,16,22
43846099,851,95,5,9,22,22,20,17
43864479,867,147,9,8,30,35,30,35
55896456,846,187,6,12,39,50,40,40
56001210,868,163,9,17,42,42,23,30
59038877,195,12,0,2,3,6,1,0
59038880,197,14,0,2,3,8,1,0
59091000,230,9,0,1,4,3,1,0
67686223,842,257,19,17,68,51,52,50
67686556,867,209,14,19,40,44,45,47
67687692,836,246,12,24,53,67,40,50
67807856,827,148,7,9,27,40,36,29
67808952,874,296,13,22,76,65,71,49
71026173,777,281,25,22,66,57,47,64
71107089,793,177,7,16,50,44,29,31
77703308,637,129,7,6,24,38,34,20
77951245,751,0,0,0,0,0,0,0
78055054,761,12,0,0,2,6,2,2
92938279,809,125,9,11,24,25,23,33
92938280,809,164,13,16,38,38,32,27
93053299,800,239,11,21,53,51,49,54
115046240,834,268,19,19,58,64,57,51
117978580,831,250,11,22,75,56,45,41
121568625,757,29,2,3,9,5,5,5
139703005,769,69,2,6,16,23,12,10
139732428,763,52,0,6,11,14,14,7
140209204,690,119,10,13,25,29,20,22
143350469,870,191,9,12,55,40,38,37
146520491,811,202,14,14,53,45,35,41
146539195,767,0,0,0,0,0,0,0
146557531,809,229,11,23,53,57,48,37
150443185,398,59,3,10,15,10,8,13
151587650,632,360,17,34,87,89,68,65
152362660,737,239,18,21,46,55,54,45
161570793,582,44,2,5,10,10,9,8
165186801,574,144,10,15,26,33,29,31
167673754,654,270,13,22,63,62,59,51
169532369,857,18,1,3,1,3,7,3
169532543,831,259,11,20,49,64,62,53
178857934,704,140,9,9,27,37,31,27
178938437,732,73,6,9,15,17,10,16
188989177,812,45,1,4,10,11,10,9
213046690,830,209,14,21,49,47,35,43
213067604,837,241,7,18,63,60,37,56
219164808,555,38,1,2,9,9,9,8
219203188,597,91,6,8,18,19,24,16
229082842,806,98,4,6,25,31,13,19
231922417,627,187,14,18,40,36,37,42
231922739,634,53,2,9,9,11,8,14
238917338,579,170,11,11,39,39,36,34
242944454,187,45,0,8,15,14,8,0
242991317,213,0,0,0,0,0,0,0
244207973,831,283,16,23,67,74,49,54
244208023,842,188,10,14,41,47,32,44
244250449,856,209,12,21,47,45,42,42
248394273,835,205,15,20,51,43,35,41
248394276,835,0,0,0,0,0,0,0
248399337,859,384,19,24,81,85,78,97
248410138,783,269,18,24,62,67,56,42
250195155,810,80,3,5,17,11,15,29
262412046,871,206,12,17,42,57,47,31
262434790,451,74,8,8,19,17,11,11
262465161,876,202,10,21,43,43,40,45
269077015,679,155,10,13,35,42,26,29
269078565,809,151,8,14,32,41,22,34
294206429,420,0,0,0,0,0,0,0
303682287,200,79,0,9,25,29,16,0
311183180,216,4,0,0,1,2,1,0
316916655,843,0,0,0,0,0,0,0
345451479,212,34,0,8,8,11,7,0
373414766,222,70,0,9,21,28,12,0
374828411,616,115,3,11,26,36,22,17
396934949,320,0,0,0,0,0,0,0
396953669,333,102,5,9,31,22,16,19
396954096,664,344,22,22,71,86,78,65
397048159,206,33,0,9,11,7,6,0
399814051,205,43,0,9,14,14,6,0
401925979,830,137,9,11,35,31,21,30
401928563,851,380,19,29,71,99,85,77
404854539,314,78,3,8,16,13,20,18
408256672,734,65,3,6,16,16,12,12
420962954,800,287,18,26,62,62,60,59
436592342,222,25,0,4,4,7,10,0
436660156,225,63,0,9,23,16,15,0
445932196,227,18,0,2,7,6,3,0
450089997,211,49,0,8,17,16,8,0
450104319,224,20,0,5,5,5,5,0
450109281,226,52,0,10,15,18,9,0
452786194,878,175,5,15,40,43,44,28
453831755,207,66,0,13,21,18,14,0
454190342,893,84,2,6,26,25,13,12
454222105,859,270,17,22,65,71,48,47
455064763,750,259,8,20,56,64,59,52
457173024,706,233,13,20,56,49,55,40
464806209,202,14,0,3,4,7,0,0
4254645,801,0,0,0,0,0,0,0
7418947,576,91,6,8,25,23,16,13
33521996,810,17,0,2,3,8,3,1
34082428,822,30,0,3,3,10,4,10
36352297,254,20,0,2,5,4,4,5
46313508,844,130,8,12,42,30,17,21
47911178,819,22,2,2,4,9,4,1
49547177,739,199,10,13,35,50,51,40
49671442,777,0,0,0,0,0,0,0
50743469,523,164,12,13,45,33,29,32
50897998,437,142,9,14,36,34,22,27
52280468,692,47,3,4,11,8,12,9
53603189,809,145,11,11,24,45,22,32
53900480,525,0,0,0,0,0,0,0
61351519,270,83,3,10,16,22,16,16
66563761,365,42,4,2,9,12,7,8
78740218,351,0,0,0,0,0,0,0
78817217,210,6,1,2,1,1,1,0
144700903,236,5,0,0,0,3,2,0
147314529,248,53,2,6,18,14,7,6
148274098,654,129,5,13,29,30,27,25
149603524,362,7,0,0,2,4,1,0
170102285,641,0,0,0,0,0,0,0
172464366,772,23,2,1,4,5,6,5
234840976,231,28,0,4,8,12,4,0
235385233,860,174,8,17,42,37,31,39
264540478,498,0,0,0,0,0,0,0
265614546,236,3,0,0,0,1,1,1
299903137,760,47,6,5,12,9,5,10
306362738,836,13,0,2,4,1,4,2
309908721,236,30,0,3,6,18,3,0
333247721,272,19,1,0,7,3,2,6
350618622,476,2,0,0,0,0,0,2
393414358,671,32,1,5,8,9,6,3
427348923,408,21,0,2,2,5,8,4
438490744,197,20,0,6,3,7,4,0
32008233,877,94,6,7,12,24,26,19
54637745,856,0,0,0,0,0,0,0
88977253,881,30,2,2,4,11,6,5
125267683,246,78,4,5,12,21,19,17
140661916,244,56,5,2,11,15,11,12
143669444,168,52,2,3,11,15,7,14
151267228,196,0,0,0,0,0,0,0
169168102,878,123,3,9,29,24,31,27
172193428,739,0,0,0,0,0,0,0
176874060,246,5,0,0,1,2,0,2
178168644,247,0,0,0,0,0,0,0
218795833,840,0,0,0,0,0,0,0
255586667,510,77,5,6,8,15,20,23
265015162,916,346,17,20,87,96,68,58
265139391,884,163,10,13,34,34,31,41
268772301,268,73,6,6,23,21,6,11
271799672,19,11,0,2,2,3,2,2
279481568,491,143,7,14,37,32,28,25
294396726,483,122,6,9,21,26,24,36
318937509,878,26,1,1,8,6,4,6
320536498,808,260,14,26,50,63,54,53
332202405,831,94,6,7,23,19,16,23
348538431,849,0,0,0,0,0,0,0
366622912,811,0,0,0,0,0,0,0
405034090,213,114,4,10,31,32,17,20
425206121,839,53,2,6,15,11,10,9
440777904,839,33,4,1,9,5,7,7
452955107,867,86,4,1,17,21,24,19
455206965,894,102,7,8,26,26,20,15
1003831,802,0,0,0,0,0,0,0
1103432,819,29,3,3,6,7,7,3
1230647,831,41,3,2,9,7,4,16
11748495,210,0,0,0,0,0,0,0
13349647,881,55,6,2,6,13,13,15
24733359,740,285,9,20,57,74,65,60
25156751,727,79,4,5,15,17,19,19
26273760,857,24,3,2,10,3,1,5
37435039,754,77,3,9,19,16,15,15
53292822,183,44,7,6,9,10,8,4
54957535,863,268,16,21,66,51,59,55
55727842,188,36,2,4,6,5,6,13
60657338,862,439,27,40,99,95,87,91
60658382,865,26,0,0,6,5,8,7
62573638,850,24,1,1,4,4,6,8
77630842,891,139,14,10,32,24,28,31
82362447,159,18,1,1,5,3,2,6
123222370,884,13,1,1,2,2,3,4
133105082,170,28,3,4,6,4,4,7
144804862,214,32,3,2,7,12,6,2
180730928,185,54,1,4,12,14,8,15
183469904,174,23,1,2,2,9,6,3
184176428,177,31,2,3,7,6,6,7
255682622,556,150,7,14,35,34,22,38
265353588,861,87,6,10,14,16,22,19
271924412,598,45,2,5,9,6,8,15
283308831,795,21,1,0,2,4,5,9
293605127,796,203,13,13,51,40,38,48
296780789,838,8,0,0,1,3,3,1
305536347,834,0,0,0,0,0,0,0
347448707,833,449,23,45,114,108,79,80
348759511,860,25,0,0,4,10,8,3
401309413,134,6,1,1,2,1,1,0
408310006,784,13,0,0,1,2,3,7
409900613,819,17,2,4,2,4,2,3
413162396,794,29,1,5,6,5,8,4
413248763,801,0,0,0,0,0,0,0
423275733,759,48,3,2,13,11,10,9
5506314,790,439,26,38,97,89,94,95
29684896,183,31,0,3,5,7,8,8
35516889,174,13,0,1,5,3,1,3
55092869,844,71,4,3,16,11,18,19
81604794,173,0,0,0,0,0,0,0
105802318,660,286,19,19,68,64,55,61
190390679,207,30,3,1,3,11,8,4
190990336,180,8,0,1,1,3,2,1
308050066,828,12,0,1,4,1,2,4
382631664,446,103,9,17,23,13,19,22
396902326,822,0,0,0,0,0,0,0
432168104,781,0,0,0,0,0,0,0
437242640,756,18,0,2,5,4,1,6
5969274,802,83,7,7,14,23,18,14
14614418,764,61,2,4,17,16,12,10
14679411,771,32,5,4,6,5,2,10
15445551,513,29,0,1,6,11,8,3
92995573,577,4,1,0,2,1,0,0
103683084,730,45,3,2,7,7,12,14
229679814,749,0,0,0,0,0,0,0
280206394,208,3,0,0,0,1,1,1
306900161,350,6,0,1,0,3,1,1
370960295,363,175,4,22,39,39,32,39
376339249,360,0,0,0,0,0,0,0
391051349,394,54,3,6,14,15,11,5
413376180,802,57,0,8,13,17,11,8
48184317,737,82,9,9,14,11,18,21
165725822,701,0,0,0,0,0,0,0
406336313,160,0,0,0,0,0,0,0
36594985,391,28,0,4,10,6,5,3
77468221,226,0,0,0,0,0,0,0
124369049,574,124,3,18,40,31,20,12
167570131,370,51,4,5,10,8,12,12
364107753,43,0,0,0,0,0,0,0
119159743,482,221,14,19,56,40,43,49
269450900,694,70,0,4,15,21,17,13
291572619,718,0,0,0,0,0,0,0
348770361,14,0,0,0,0,0,0,0
456517808,534,103,9,2,22,28,19,23
101220458,7,0,0,0,0,0,0,0
2234723,127,0,0,0,0,0,0,0
4247738,164,9,0,2,4,1,2,0
100100829,589,12,0,1,3,2,1,5
72588909,705,362,13,22,86,81,79,81
231048083,479,236,14,18,45,56,53,50
350716073,479,188,7,13,42,50,42,34
53842685,766,261,19,15,72,61,39,55
306578324,320,175,9,15,43,42,29,37
201796819,429,188,14,18,47,40,34,35
224283342,654,82,4,7,28,19,12,12
4206238,872,113,5,5,24,21,24,34
181463644,187,35,0,2,6,11,9,7
29983149,304,0,0,0,0,0,0,0
231826813,388,0,0,0,0,0,0,0
149837469,733,173,10,9,47,37,33,37
332517282,733,0,0,0,0,0,0,0
369639876,527,47,2,1,11,8,12,13
129781743,608,28,2,1,5,4,9,7
164776925,785,75,4,6,16,16,23,10
1129452,848,468,27,42,92,101,93,113
120585579,677,20,0,0,4,7,5,4
170729895,707,199,11,15,38,43,40,52
200282468,520,231,19,19,52,52,43,46
219423316,510,148,6,10,34,37,32,29
65479458,783,479,32,48,105,107,92,95
66646031,795,418,22,37,93,95,86,85
66668289,829,0,0,0,0,0,0,0
77031414,703,70,6,7,14,16,12,15
77044471,732,0,0,0,0,0,0,0
89502706,793,238,12,17,55,52,58,44
98777963,834,286,17,26,60,59,62,62
121714982,826,415,31,43,108,98,79,56
139419658,783,144,6,14,33,26,25,40
140288359,705,367,25,28,85,84,71,74
151516273,603,306,15,29,77,82,56,47
20072363,663,201,8,20,50,45,38,40
21442712,655,316,18,28,69,80,62,59
220397127,466,0,0,0,0,0,0,0
24588623,648,0,0,0,0,0,0,0
245950209,206,131,0,19,45,41,26,0
284703623,207,64,0,8,19,24,13,0
284863911,232,71,0,12,22,25,12,0
34236395,808,122,7,14,27,26,20,28
345482340,190,25,0,8,7,7,3,0
345535359,215,67,0,13,21,21,12,0
38021254,809,398,20,34,94,99,70,81
401946845,849,251,12,13,52,72,53,49
457172621,307,156,4,11,45,44,31,21
459971813,361,132,4,8,35,41,30,14
123625970,773,372,27,26,82,83,73,81
260370473,506,0,0,0,0,0,0,0
264594607,883,103,3,10,20,27,25,18
271550131,561,0,0,0,0,0,0,0
280110726,257,0,0,0,0,0,0,0
307379977,423,0,0,0,0,0,0,0
333620087,255,57,4,6,15,14,8,10
42827646,268,74,3,2,15,23,16,15
434395855,212,0,0,0,0,0,0,0
443171652,240,5,0,0,2,1,1,1
79635841,224,31,1,3,7,8,4,8
165493409,673,0,0,0,0,0,0,0
280278364,323,0,0,0,0,0,0,0
307490686,209,37,2,7,10,6,4,8
413395842,780,228,13,17,50,61,37,50
72229825,637,0,0,0,0,0,0,0
92902907,211,37,2,4,6,10,7,8
201601338,388,0,0,0,0,0,0,0
135088521,88,0,0,0,0,0,0,0
156380098,595,277,19,27,70,61,54,46
25155310,266,3,0,0,0,1,2,0
25375553,771,39,1,3,8,6,8,13
92352621,684,42,2,2,5,11,11,11
206609630,414,0,0,0,0,0,0,0
211380233,721,0,0,0,0,0,0,0
309791156,399,0,0,0,0,0,0,0
439366537,808,0,0,0,0,0,0,0
38846515,385,21,2,1,3,5,7,3
120610833,685,0,0,0,0,0,0,0
76923707,683,7,0,2,1,0,1,3
76989773,710,9,0,1,2,3,2,1
77044472,730,0,0,0,0,0,0,0
144440290,515,0,0,0,0,0,0,0
149010208,727,38,3,6,9,6,10,4
160148385,438,8,0,1,2,4,1,0
382474101,514,26,2,4,6,7,4,3
120896927,737,0,0,0,0,0,0,0
12862119,844,8,0,1,5,1,1,0
1129033,845,39,1,0,11,12,6,9
170634116,704,34,0,4,8,5,7,10
328350926,889,67,6,6,21,12,13,9
35857242,825,42,2,3,8,9,8,12
382391899,827,31,3,4,15,1,2,6
117979897,812,60,3,4,8,13,16,16
13021029,725,33,3,1,9,4,10,6
139704026,746,0,0,0,0,0,0,0
192826603,630,0,0,0,0,0,0,0
24400247,729,0,0,0,0,0,0,0
43647325,851,7,0,0,4,1,2,0
94986319,806,0,0,0,0,0,0,0
140346195,221,0,0,0,0,0,0,0
206856569,448,0,0,0,0,0,0,0
264679887,672,0,0,0,0,0,0,0
293689266,638,0,0,0,0,0,0,0
293689267,638,0,0,0,0,0,0,0
300932479,265,0,0,0,0,0,0,0
33742828,800,0,0,0,0,0,0,0
309792357,447,0,0,0,0,0,0,0
354518617,595,0,0,0,0,0,0,0
438212183,234,0,0,0,0,0,0,0
46627823,846,23,1,0,6,8,4,4
52449797,742,0,0,0,0,0,0,0
11046410,849,247,13,19,55,55,50,55
927579,871,0,0,0,0,0,0,0
2758565,865,252,9,14,66,68,50,45
19570530,824,0,0,0,0,0,0,0
25354620,754,0,0,0,0,0,0,0
31743416,287,55,4,2,10,11,15,13
31779608,232,19,1,1,2,5,3,7
31961007,316,17,2,3,2,3,4,3
32830028,771,0,0,0,0,0,0,0
34142502,539,134,7,9,35,38,22,23
38936062,311,20,2,1,5,7,5,0
39046291,296,17,2,1,4,5,3,2
41591173,358,0,0,0,0,0,0,0
49899799,841,12,0,0,1,4,4,3
53896096,773,185,7,12,36,52,41,37
53993965,806,39,3,3,7,10,9,7
55746262,406,125,11,12,35,28,14,25
66356824,680,0,0,0,0,0,0,0
70914192,798,62,2,9,12,14,15,10
75377304,842,267,17,17,61,75,54,43
77031413,703,47,3,5,8,13,8,10
79328890,522,47,2,7,13,10,9,6
79492099,506,26,5,2,7,5,6,1
92320552,703,0,0,0,0,0,0,0
92350408,686,16,0,1,1,3,3,8
92359850,800,32,1,1,8,12,8,2
99086567,242,106,6,10,21,27,27,15
99931724,217,14,0,2,5,2,1,4
100099031,553,0,0,0,0,0,0,0
100508429,725,0,0,0,0,0,0,0
101395259,791,0,0,0,0,0,0,0
115244268,675,42,3,7,11,5,7,9
117516791,612,2,0,0,1,1,0,0
118586896,703,82,7,10,23,20,12,10
119327278,679,90,4,9,19,25,13,20
120490566,666,53,2,2,12,17,11,9
124642273,244,0,0,0,0,0,0,0
139349813,601,13,0,1,4,2,4,2
139468902,619,140,7,16,27,30,34,26
140830390,281,12,0,0,0,1,3,8
142875987,683,0,0,0,0,0,0,0
143100813,27,11,1,1,3,2,0,4
143350972,827,0,0,0,0,0,0,0
143848624,187,10,0,2,3,3,2,0
144149848,600,0,0,0,0,0,0,0
144336221,604,14,0,3,3,3,4,1
147406559,565,3,0,0,1,1,1,0
148081648,671,0,0,0,0,0,0,0
148081650,671,0,0,0,0,0,0,0
150390189,371,25,2,1,9,6,4,3
151681127,663,22,0,3,6,3,2,8
153077619,591,331,16,30,72,71,68,74
159638876,663,62,4,9,12,15,14,8
166421485,552,2,0,0,1,1,0,0
166606391,539,29,3,2,8,7,7,2
167208380,319,0,0,0,0,0,0,0
169443390,777,0,0,0,0,0,0,0
176797815,658,19,1,2,5,2,3,6
177350401,239,3,0,0,1,1,1,0
179308939,305,74,7,5,13,15,13,21
179440289,337,0,0,0,0,0,0,0
201233610,403,6,1,2,1,0,1,1
206439308,868,29,3,1,6,8,8,3
206537129,793,0,0,0,0,0,0,0
206537272,758,171,5,7,37,52,35,35
207081058,615,4,0,1,1,1,1,0
207528978,287,0,0,0,0,0,0,0
209313886,719,49,3,6,7,12,12,9
218878052,773,0,0,0,0,0,0,0
220435095,443,0,0,0,0,0,0,0
229115650,491,0,0,0,0,0,0,0
229864787,797,0,0,0,0,0,0,0
231833204,346,55,2,4,11,14,12,12
233964642,376,0,0,0,0,0,0,0
234290005,410,43,2,1,6,13,14,7
238872494,19,0,0,0,0,0,0,0
253929719,709,14,3,2,2,2,1,4
260003467,456,22,1,1,6,6,4,4
260269456,498,11,2,1,3,3,2,0
260353841,514,85,4,11,15,14,19,22
261261490,26,0,0,0,0,0,0,0
262020326,59,11,1,1,3,3,1,2
262530873,598,41,1,4,8,10,9,9
263078716,13,3,0,1,0,1,1,0
270219706,818,65,2,3,15,12,18,15
270421262,774,65,5,6,17,14,8,15
271058763,189,32,2,2,7,7,5,9
271799457,24,2,0,0,0,1,1,0
273571987,40,3,0,1,0,1,0,1
277069829,14,0,0,0,0,0,0,0
277683130,414,8,0,0,2,1,3,2
278829112,680,175,11,12,42,36,27,47
279855551,338,4,0,0,0,1,1,2
280794372,274,20,0,3,7,3,1,6
281666783,432,2,0,0,2,0,0,0
290170195,788,0,0,0,0,0,0,0
291116020,622,12,0,1,2,1,4,4
293844307,872,362,22,33,86,85,67,69
300141210,348,89,5,8,22,20,18,16
306828113,327,19,2,1,3,6,5,2
307084982,311,7,0,1,2,1,2,1
307435285,209,33,4,5,8,6,5,5
309627556,374,0,0,0,0,0,0,0
314826949,209,5,0,1,2,1,0,1
320913313,466,25,0,2,3,6,7,7
325412896,24,7,0,1,2,4,0,0
327668243,301,0,0,0,0,0,0,0
348762908,19,0,0,0,0,0,0,0
358049707,373,14,0,3,3,2,4,2
364398410,400,36,0,4,7,9,7,9
369988687,402,27,1,2,3,7,4,10
373915220,328,16,1,0,4,5,4,2
381856446,470,9,0,2,2,2,1,2
389525208,628,0,0,0,0,0,0,0
394340319,12,0,0,0,0,0,0,0
409469477,249,0,0,0,0,0,0,0
410154584,64,2,0,0,1,1,0,0
421361060,604,0,0,0,0,0,0,0
441026718,791,0,0,0,0,0,0,0
441387582,657,45,0,4,17,8,5,11
1992266045,794,53,1,7,20,9,12,4
394596952,366,180,12,13,37,37,39,42
9070070,835,277,14,22,59,67,58,57
404460906,859,389,19,27,81,95,98,69
409942986,811,359,17,22,83,101,70,66
308018120,825,166,11,18,44,27,25,41
458259927,424,165,5,20,47,43,29,21
154664604,247,22,1,3,4,4,5,5
165618747,852,217,11,20,41,61,45,39
5205367,664,77,5,5,15,19,21,12
