185259483,796,92,10,9,16,24,19,14
307990280,316,171,7,14,33,34,41,42
387178621,118,5,0,1,1,2,1,0
300560295,356,1,1,0,0,0,0,0
318185328,837,76,10,9,17,17,7,16
363326796,159,2,0,0,0,0,1,1
73764693,651,0,0,0,0,0,0,0
31273263,328,2,0,0,1,1,0,0
279955276,326,30,5,1,1,6,5,12
144167463,778,369,17,22,80,86,78,86
364325969,380,115,5,10,26,26,25,23
302038263,285,44,8,8,12,6,5,5
176983267,362,195,11,18,49,45,34,38
308751185,377,169,11,13,37,43,38,27
341550561,118,42,2,2,6,11,11,10
140757590,268,18,1,0,2,5,6,4
140084919,174,90,7,7,17,24,19,16
177118376,342,159,9,16,33,44,30,27
388179896,251,22,1,1,5,5,2,8
177308817,225,0,0,0,0,0,0,0
142013583,258,98,10,10,21,25,15,17
31415131,283,48,6,5,14,12,4,7
146530594,618,5,0,0,0,2,1,2
167719897,326,148,14,10,34,28,32,30
391906858,834,486,31,39,97,120,104,95
349911034,318,0,0,0,0,0,0,0
349642881,463,32,0,1,10,11,7,3
150101472,393,33,1,1,4,10,10,7
22221233,813,97,8,7,20,24,27,11
93997745,176,95,8,11,27,23,16,10
177258700,244,25,0,2,6,4,6,7
189639080,747,15,0,2,2,4,1,6
382069441,427,180,11,16,37,40,33,43
349518145,442,10,0,0,2,1,2,5
289801742,816,210,9,13,45,43,48,52
106309554,645,101,9,14,25,18,15,20
468997317,327,13,0,1,4,3,1,4
167005326,280,0,0,0,0,0,0,0
321312438,422,40,1,3,9,6,7,14
450276745,469,96,3,8,24,26,17,18
135244338,649,300,17,26,65,73,66,53
181226974,644,39,1,2,7,10,11,8
5981829,779,167,4,13,40,45,38,27
293081694,714,28,4,1,5,4,8,6
457427613,427,0,0,0,0,0,0,0
167722431,411,174,10,11,39,37,37,40
167692491,353,202,15,12,35,48,45,47
294206967,462,27,1,1,2,6,9,8
228760807,713,141,13,17,38,26,25,22
295885511,85,8,1,1,1,1,2,2
38586438,365,30,5,2,7,7,3,6
398850090,91,5,0,0,1,2,0,2
73177813,646,51,2,5,12,12,12,8
30313682,294,34,6,1,8,8,4,7
308085294,314,0,0,0,0,0,0,0
300293197,330,0,0,0,0,0,0,0
364302118,403,47,3,6,7,7,9,15
272357134,48,0,0,0,0,0,0,0
318986273,412,86,4,13,30,24,13,2
261677352,139,55,3,4,12,15,9,12
355151781,385,178,12,14,33,41,37,41
276935987,307,78,1,8,21,22,13,13
349480507,359,18,0,0,2,2,7,7
72121778,597,30,0,4,6,7,6,7
390549095,415,125,7,8,42,37,16,15
300443831,276,96,6,8,22,24,18,18
167338355,271,65,3,5,17,13,16,11
294784522,272,116,10,10,24,29,22,21
347752831,830,0,0,0,0,0,0,0
149473467,428,46,5,4,14,8,6,9
278822321,469,190,12,16,34,45,44,39
421191260,735,0,0,0,0,0,0,0
229889119,798,82,4,6,19,22,12,19
434515577,798,331,23,28,79,73,63,65
149976187,358,93,3,8,21,23,15,23
33715938,192,0,0,0,0,0,0,0
294092960,478,23,0,4,3,5,7,4
149629043,349,49,3,5,9,11,10,11
93000166,544,30,3,3,5,8,7,4
167891342,417,122,7,11,27,27,24,26
451960523,435,28,1,2,10,10,4,1
107012110,630,0,0,0,0,0,0,0
135050395,672,10,0,2,1,0,4,3
167123437,351,59,5,5,6,17,13,13
23555025,723,0,0,0,0,0,0,0
320228013,395,0,0,0,0,0,0,0
458859193,413,52,4,4,16,14,5,9
391643922,423,9,1,1,1,2,2,2
151826930,655,71,1,6,14,17,13,20
141606986,256,15,1,1,3,6,3,1
260161144,454,44,2,3,11,12,6,10
355152640,358,24,0,1,3,6,7,7
22390773,592,16,0,1,3,2,6,4
279569718,442,20,2,1,3,5,4,5
454013359,683,19,3,2,4,2,2,6
176937887,853,139,5,7,26,35,37,29
349832824,329,53,6,6,14,7,7,13
294261093,302,56,2,5,19,19,6,5
391927558,69,7,0,1,2,1,1,2
350518984,499,5,0,0,4,1,0,0
293109489,774,97,4,7,15,22,21,28
350478924,450,48,5,1,13,14,8,7
423530755,798,27,1,5,8,6,3,4
294273900,433,123,9,12,27,32,21,22
309659126,409,130,9,6,32,26,25,32
157175641,710,157,14,10,39,46,24,24
302043038,190,15,1,1,5,4,2,2
320855910,348,61,3,7,19,16,11,5
405387285,151,0,0,0,0,0,0,0
278988794,450,30,2,2,5,9,5,7
378885645,353,53,3,4,10,10,13,13
103777040,720,152,7,14,31,27,34,39
150361911,345,37,3,5,10,7,3,9
280738935,482,119,4,10,32,38,20,15
294092966,474,16,1,2,3,4,4,2
466323338,404,2,0,0,0,0,0,2
372909935,361,11,0,1,1,3,4,2
382266319,431,46,2,3,9,11,4,17
38462522,334,0,0,0,0,0,0,0
408512382,766,33,0,2,3,10,10,8
231093356,272,31,1,3,3,7,12,5
132298139,531,0,0,0,0,0,0,0
380127556,195,86,5,11,18,17,15,20
32000625,263,41,2,4,6,8,9,12
162305237,639,307,18,30,71,70,58,60
345899523,763,164,8,8,28,41,35,44
165456443,645,28,1,2,8,5,6,6
278861826,485,73,5,10,13,11,15,19
229811538,798,0,0,0,0,0,0,0
458808688,499,0,0,0,0,0,0,0
392113518,247,26,3,2,8,6,4,3
467062613,471,26,0,1,6,7,8,4
321947833,413,7,0,1,5,1,0,0
294191640,619,37,2,2,12,7,7,7
350030939,369,65,3,4,14,17,14,13
181150051,638,45,4,4,10,6,11,10
415783540,811,0,0,0,0,0,0,0
167304040,327,31,3,3,7,3,5,10
137136194,588,19,0,3,6,6,1,3
141975903,204,39,0,1,11,13,8,6
124205037,719,59,2,5,18,16,10,8
307488184,317,10,0,0,2,3,2,3
82580956,182,5,0,0,1,3,0,1
271701447,139,22,0,1,11,8,2,0
141622065,240,28,2,4,8,6,6,2
398763011,249,28,4,1,6,2,8,7
308851582,392,20,0,1,1,3,8,7
260162199,450,108,10,7,26,27,19,19
25078924,341,26,3,5,6,3,1,8
124604724,729,89,4,11,18,23,14,19
381948745,467,56,4,6,14,11,9,12
181159386,654,38,3,4,9,11,8,3
306130391,361,41,5,3,15,5,4,9
220474209,426,64,2,6,12,17,12,15
141766191,251,123,6,9,23,25,32,28
279615979,465,114,6,6,25,30,29,18
176910080,830,67,7,3,16,18,15,8
102764828,595,0,0,0,0,0,0,0
468162834,363,0,0,0,0,0,0,0
142105466,304,118,8,11,22,26,19,32
141127435,257,127,5,11,25,28,26,32
57652994,697,50,1,7,11,8,11,12
266845051,434,233,7,21,62,71,40,32
462267926,498,62,3,4,19,21,10,5
55524055,391,24,0,1,7,7,7,2
307433122,172,0,0,0,0,0,0,0
452500843,37,1,0,0,1,0,0,0
349790953,395,36,7,3,9,6,4,7
150442264,399,30,0,2,7,8,6,7
32449963,782,32,2,2,7,7,8,6
92902951,245,65,2,7,13,10,14,19
467167691,314,173,8,12,47,58,25,23
415873588,777,90,6,7,22,22,19,14
288027491,38,2,0,0,0,0,0,2
141685465,231,18,0,3,3,3,4,5
178859380,639,68,6,3,12,15,14,18
29777922,307,55,1,2,14,15,12,11
55404385,345,37,3,3,12,7,7,5
124282575,695,57,1,2,18,16,11,9
303441920,269,123,8,15,40,29,15,16
163648025,583,74,5,6,21,19,12,11
355152971,353,52,4,4,14,12,12,6
271596290,62,0,0,0,0,0,0,0
459809633,474,46,3,0,11,16,7,9
308184924,271,22,1,0,8,5,5,3
167654878,381,159,14,13,36,33,31,32
1630690,758,389,15,34,83,91,84,82
437322147,804,5,0,1,2,0,1,1
124095230,697,0,0,0,0,0,0,0
452631268,35,0,0,0,0,0,0,0
370101325,266,119,8,12,25,28,23,23
350480660,479,22,2,3,8,6,1,2
300871545,205,18,5,1,3,5,3,1
219699532,780,203,17,12,51,38,41,44
309658221,420,19,1,4,3,3,1,7
167692429,357,13,1,0,3,3,3,3
459293335,436,0,0,0,0,0,0,0
458859364,413,103,6,9,30,26,16,16
462785373,445,0,0,0,0,0,0,0
446832107,525,30,2,2,6,11,5,4
433277449,126,0,0,0,0,0,0,0
298700310,176,27,1,1,5,8,7,5
279089927,438,205,13,13,43,44,43,49
382517745,360,1,0,0,0,0,1,0
453097744,88,7,1,0,1,0,1,4
402447670,82,52,1,3,8,10,11,19
458474559,491,33,0,1,6,10,11,5
348897766,373,89,5,8,13,20,16,27
140659980,235,13,1,0,3,4,0,5
23328912,654,21,0,2,5,6,4,4
165458777,652,205,12,24,53,40,31,45
29778064,319,92,6,9,19,27,15,16
410654298,329,9,0,1,2,3,2,1
349308842,409,30,1,2,2,7,8,10
303811839,517,3,0,1,1,0,1,0
219912046,498,92,6,7,32,23,7,17
302995864,296,53,4,5,11,10,10,13
5868998,760,46,2,3,6,14,13,8
370101492,248,30,3,6,10,3,2,6
422327572,789,259,10,15,46,60,65,63
97908039,754,185,12,18,43,47,36,29
341193555,369,8,0,2,2,2,0,2
260536927,393,0,0,0,0,0,0,0
317642317,337,48,1,5,14,15,9,4
278956474,483,24,0,1,3,8,8,4
260132330,459,10,0,3,3,2,1,1
55497281,397,14,1,3,1,2,3,4
401227592,544,131,8,11,32,31,21,28
386166904,143,0,0,0,0,0,0,0
425064757,335,24,1,2,5,9,1,6
177077475,268,2,0,1,1,0,0,0
238196979,247,4,0,0,1,1,1,1
287328866,426,31,6,4,6,7,4,4
149573659,419,20,2,1,4,1,4,8
399144800,102,0,0,0,0,0,0,0
162585265,529,111,3,16,28,27,16,21
22457438,786,72,6,7,15,13,20,11
98628827,793,0,0,0,0,0,0,0
158713903,665,82,4,8,19,17,16,18
321455348,387,22,1,0,7,10,2,2
450637853,197,58,2,3,12,13,18,10
142109430,102,26,3,2,10,6,2,3
231075361,328,154,9,11,39,33,30,32
280667311,303,158,7,14,39,39,27,32
167890109,401,56,2,6,9,16,9,14
319936228,392,28,0,0,3,11,8,6
30034081,261,0,0,0,0,0,0,0
309257814,382,0,0,0,0,0,0,0
308457026,397,255,16,22,53,62,53,49
399423563,89,21,1,2,5,5,4,4
147026702,611,94,4,5,15,20,23,27
158673914,662,95,5,4,22,24,15,25
318825030,436,26,0,2,8,11,5,0
347809861,766,151,9,11,34,33,28,36
296449358,189,107,5,10,24,32,21,15
349154435,396,18,0,4,4,2,5,3
260128333,418,4,1,0,1,1,1,0
282051803,41,2,1,0,1,0,0,0
363149298,411,80,3,4,22,26,10,15
382067804,499,20,2,1,5,7,2,3
399253092,87,5,0,0,2,1,2,0
15445546,513,37,2,2,7,12,7,7
452734608,817,0,0,0,0,0,0,0
298079609,337,99,2,9,24,32,22,10
382028425,476,21,2,2,6,4,4,3
279569707,442,34,2,3,7,6,8,8
308451526,414,34,4,4,4,10,5,7
231810776,518,26,3,4,6,3,8,2
147214032,614,75,6,3,16,15,13,22
443494454,534,46,0,6,12,13,9,6
350622185,451,88,4,4,22,24,17,17
408552008,807,79,2,10,18,18,20,11
437297176,728,92,0,7,24,17,20,24
21827849,665,68,2,5,16,16,14,15
382512330,482,160,11,18,37,31,29,34
141333573,38,2,0,0,0,0,0,2
131625230,533,0,0,0,0,0,0,0
220359766,508,0,0,0,0,0,0,0
260131665,470,130,8,10,29,28,24,31
278683641,410,39,3,1,12,12,6,5
309146836,407,15,2,2,2,4,2,3
439519959,380,85,8,6,26,28,11,6
83135408,801,139,6,8,25,39,39,22
260502102,390,10,1,1,0,1,4,3
318512022,361,0,0,0,0,0,0,0
299702740,186,39,3,1,10,10,6,9
390554357,744,147,9,15,38,31,27,27
118313102,143,14,1,2,4,4,2,1
248111238,551,30,0,2,6,7,6,9
142262969,662,23,0,1,5,5,4,8
388129029,322,98,10,4,16,29,22,17
141914317,266,58,2,8,19,12,10,7
94637805,544,134,6,9,24,39,28,28
167526485,428,24,1,2,5,6,4,6
141809359,236,2,0,0,1,0,1,0
258314976,595,58,5,4,13,10,10,16
324675819,423,30,1,3,11,8,4,3
350479101,437,14,1,1,4,3,2,3
141268467,124,10,0,1,3,3,1,2
382188882,496,6,0,1,3,0,1,1
89787778,140,31,1,4,6,8,5,7
358111274,199,0,0,0,0,0,0,0
248074315,625,28,1,6,9,5,4,3
178889597,652,63,5,4,17,15,14,8
162585282,532,143,11,10,42,33,26,21
438942374,262,22,0,1,6,6,6,3
467238286,431,115,8,14,30,28,21,14
333127661,513,53,4,2,15,13,10,9
281924357,30,0,0,0,0,0,0,0
142148228,201,13,0,0,2,4,4,3
356524567,372,45,1,2,9,6,8,19
405177882,574,16,1,1,5,2,3,4
364392434,383,58,3,7,17,12,6,13
286191384,720,87,5,9,20,22,17,14
350443417,459,89,4,4,21,19,18,23
458199516,513,0,0,0,0,0,0,0
178723395,590,30,1,4,8,6,4,7
77557473,756,139,10,14,29,29,29,28
322078735,417,42,1,5,14,8,8,6
349156098,357,51,0,2,11,19,12,7
22481474,751,77,5,6,12,19,18,17
403757320,544,27,1,7,6,4,2,7
364395234,372,24,2,3,7,3,1,8
99028324,731,11,0,1,1,1,4,4
1630438,839,378,23,32,84,86,74,79
58466459,740,33,2,2,8,8,6,7
167694820,320,33,4,2,9,9,6,3
391550834,179,0,0,0,0,0,0,0
397361078,600,127,8,11,29,25,26,28
219373406,494,131,10,8,27,27,28,31
23559851,698,106,6,9,21,21,22,27
271999940,26,3,0,0,0,1,0,2
279323859,435,104,6,13,22,14,20,29
38423705,345,66,1,4,13,12,13,23
158450472,642,22,0,4,3,2,6,7
443494351,531,38,1,6,16,9,4,2
384031569,148,4,0,0,2,1,1,0
376915487,360,45,4,5,12,12,7,5
269347089,452,153,4,16,41,37,30,25
102169275,636,12,2,1,4,5,0,0
374859582,439,74,4,6,18,14,14,18
152147549,643,151,10,22,28,38,25,28
167554898,386,19,3,0,5,6,4,1
349480752,367,26,1,1,6,7,5,6
349762699,336,2,0,0,0,1,1,0
32150630,267,28,3,4,6,6,5,4
99028319,733,19,3,3,7,2,1,3
181862539,843,97,3,9,23,27,16,19
452575636,29,2,1,1,0,0,0,0
402107145,722,210,10,17,37,57,46,43
303427297,492,13,0,1,2,6,4,0
131239334,708,119,5,12,24,26,24,28
81702112,584,70,4,4,11,17,15,19
309402205,318,35,2,1,7,10,5,10
452172479,274,35,2,2,8,8,4,11
452406965,31,2,0,0,0,0,0,2
142105299,290,6,1,1,2,0,0,2
399421408,85,10,0,1,2,4,1,2
41170667,316,129,6,13,22,23,32,33
272058503,344,23,1,3,4,4,7,4
380117288,317,73,4,8,20,17,14,10
307216760,285,84,9,8,20,17,15,15
308991822,352,7,1,2,1,1,1,1
349484636,450,31,1,4,8,6,4,8
167795859,428,18,1,2,1,8,6,0
32050581,313,17,1,2,5,3,1,5
55652785,396,68,3,4,11,14,16,20
306580215,332,19,1,2,6,5,3,2
237915523,390,83,3,13,10,18,16,23
323292655,10,4,0,2,1,0,0,1
394657952,53,8,0,0,0,2,2,4
358022169,63,0,0,0,0,0,0,0
150101799,366,11,1,0,1,2,4,3
149160359,321,81,5,8,17,20,17,14
425594181,762,6,0,0,2,1,2,1
453095485,303,25,0,2,5,11,3,4
312907176,253,0,0,0,0,0,0,0
360205899,157,0,0,0,0,0,0,0
148158540,676,126,6,8,21,29,30,32
405533713,720,67,4,4,15,16,18,10
308828048,217,74,5,5,18,18,15,13
438682877,614,247,12,19,64,57,45,50
159864583,631,36,2,2,12,11,5,4
460820330,730,30,1,4,7,7,6,5
309528896,408,26,1,2,7,7,7,2
159493588,708,163,9,12,33,28,41,40
243475355,636,147,9,13,29,28,34,34
323727556,31,4,0,0,1,2,1,0
179410793,614,47,5,1,17,14,10,0
361388647,69,12,0,1,1,0,1,9
453784977,611,196,14,20,51,41,35,35
383858742,604,314,14,26,73,70,67,64
373844472,273,17,0,1,4,5,4,3
150101476,393,39,1,3,8,7,10,10
260192157,466,45,1,4,10,15,10,5
434664688,350,16,1,2,3,3,6,1
461271719,668,231,15,18,57,46,46,49
141978095,140,8,1,0,1,1,2,3
166319733,682,180,17,13,36,46,29,39
338465029,231,39,0,4,14,10,5,6
365717153,687,11,3,2,2,3,1,0
242323067,606,40,0,4,10,11,9,6
141943694,172,4,1,0,1,0,1,1
38707340,441,105,9,8,18,29,17,24
243643549,602,136,9,17,28,26,19,37
177118177,351,0,0,0,0,0,0,0
242149417,648,166,4,21,44,34,27,36
319936861,394,130,8,8,37,38,23,16
160159932,646,240,8,16,57,58,54,47
75490265,716,8,2,0,0,2,2,2
307085577,304,0,0,0,0,0,0,0
243391171,594,238,11,20,45,53,48,61
243662768,616,70,5,5,14,14,13,19
278895603,526,86,4,12,19,20,13,18
270507305,26,0,0,0,0,0,0,0
291651765,359,44,0,4,8,15,10,7
306410072,421,53,1,4,17,18,10,3
176871438,195,9,0,0,0,3,5,1
394452884,29,6,0,1,0,3,1,1
407661994,273,4,0,0,1,2,1,0
219201178,502,24,4,1,6,7,3,3
451112995,425,16,2,1,5,3,1,4
418295363,42,0,0,0,0,0,0,0
307783750,94,26,3,1,4,6,8,4
280909668,19,0,0,0,0,0,0,0
323255579,424,62,3,6,16,18,10,9
120016,770,265,20,24,58,61,47,55
404927661,325,8,1,1,2,1,2,1
393491149,429,100,7,8,21,20,18,26
370085638,182,2,0,0,0,0,1,1
48227278,712,35,0,2,7,15,7,4
332607409,374,1,0,0,1,0,0,0
369506001,411,23,2,2,5,5,4,5
404804908,250,11,0,1,2,2,3,3
60735803,707,16,0,2,4,6,3,1
418532689,21,3,1,0,0,1,1,0
363847487,615,45,2,3,17,9,5,9
394099697,63,17,2,2,5,3,3,2
83391903,744,37,1,5,14,6,4,7
350298314,434,5,0,0,2,1,0,2
394728064,53,0,0,0,0,0,0,0
438790187,599,0,0,0,0,0,0,0
337370789,296,0,0,0,0,0,0,0
306635088,299,6,0,0,2,1,2,1
83833793,743,135,11,19,29,30,23,23
210636260,207,99,5,10,27,26,17,14
31511621,317,0,0,0,0,0,0,0
260659986,409,24,2,0,3,6,8,5
61120063,746,351,17,24,80,79,75,76
278289141,15,0,0,0,0,0,0,0
332600127,385,41,2,7,8,7,9,8
420581415,195,9,0,0,2,3,3,1
167722708,401,1,0,0,0,1,0,0
412942849,160,0,0,0,0,0,0,0
140760434,143,0,0,0,0,0,0,0
128886984,587,161,8,12,38,42,28,33
107548305,755,373,21,30,83,87,73,79
323968843,20,6,1,0,1,0,0,4
370678161,356,33,0,1,8,13,7,4
453785266,614,58,5,8,16,9,8,12
47831368,656,204,10,17,43,43,46,45
220029715,778,28,4,4,6,5,5,4
401626459,421,44,2,1,10,14,7,10
454855280,68,0,0,0,0,0,0,0
448852739,262,31,3,2,8,7,6,5
112099606,757,22,2,5,7,5,2,1
379783522,336,32,1,4,8,6,5,8
357911163,47,2,0,0,0,2,0,0
272467271,38,3,1,0,1,0,1,0
129116176,571,82,4,9,19,24,16,10
83939434,771,242,10,18,47,52,51,64
73455146,586,138,13,14,38,26,25,22
83449549,780,65,2,5,12,22,13,11
287669537,594,138,7,9,22,42,33,25
160150808,624,117,8,8,29,28,24,20
159864610,624,27,3,2,7,6,3,6
166624433,614,76,5,7,20,20,13,11
260504147,474,24,0,2,8,5,3,6
55383975,339,0,0,0,0,0,0,0
451282261,435,132,5,18,42,32,20,15
112098034,727,55,5,4,18,12,6,10
141124793,227,6,0,0,0,3,3,0
127955334,610,30,1,0,3,8,8,10
48227288,712,88,1,9,20,23,17,18
394272819,69,44,4,2,9,12,13,4
179637488,314,0,0,0,0,0,0,0
394508465,87,9,0,0,0,2,4,3
166660531,624,124,5,15,27,22,28,27
411712609,522,235,13,21,64,61,43,33
309434176,29,2,0,0,0,0,1,1
160484494,628,62,5,3,13,8,13,20
310556491,387,38,3,4,11,12,4,4
203387944,774,38,2,4,8,7,8,9
261089147,26,6,1,2,1,0,0,2
260541250,453,110,7,13,22,26,24,18
350743714,452,7,0,0,1,3,2,1
451211626,716,38,3,2,4,9,9,11
359308549,165,0,0,0,0,0,0,0
311925584,342,2,0,0,0,1,0,1
258519658,605,246,14,24,54,49,50,55
91961,760,15,2,0,2,4,6,1
55659311,375,6,0,1,2,2,1,0
158979332,649,239,11,19,56,56,47,50
396004353,75,6,0,0,2,2,1,1
30540538,667,59,4,6,11,11,14,13
30382918,604,105,2,4,21,28,26,24
271225404,732,44,4,3,5,13,13,6
278296621,15,2,0,0,0,0,0,2
31134762,737,13,0,0,4,6,3,0
185466937,764,300,19,20,76,72,56,57
75969405,684,58,3,3,13,17,16,6
76658755,734,27,0,2,4,8,7,6
261335113,25,1,0,0,0,0,0,1
261105201,14,5,1,0,2,0,1,1
359618989,252,66,2,1,10,19,16,18
300161053,177,0,0,0,0,0,0,0
404144841,595,63,6,5,15,11,12,14
30287190,752,42,2,3,10,13,7,7
278413303,15,13,1,1,3,1,2,5
30993392,642,37,3,4,13,6,4,7
450798369,378,0,0,0,0,0,0,0
76698707,753,161,12,15,39,40,26,29
350445771,477,0,0,0,0,0,0,0
122285268,670,167,13,9,37,47,31,30
357713892,55,4,0,1,2,1,0,0
270348090,713,21,2,3,5,5,4,2
359767082,85,15,1,0,4,5,1,4
35349987,493,2,0,0,0,0,1,1
179966966,633,223,15,13,54,57,43,41
55602946,385,20,2,2,5,3,4,4
363885457,593,256,14,27,58,62,51,44
150187916,408,205,11,19,50,51,41,33
309598681,772,128,7,9,36,27,24,25
410578942,102,7,0,0,2,3,1,1
258837989,541,68,5,6,13,14,13,17
331183881,362,31,1,4,8,4,6,8
307927495,352,10,0,0,0,1,4,5
243642384,602,88,5,9,19,20,17,18
449650980,343,54,3,2,9,16,11,13
160697480,618,52,2,4,13,9,7,17
83914837,784,167,8,16,40,39,34,30
312102715,306,83,2,9,29,23,13,7
48318875,714,201,16,21,43,36,43,42
260708271,417,173,9,11,37,40,38,38
243192504,537,33,2,1,10,8,5,7
398363472,101,2,0,0,0,1,1,0
307610438,683,0,0,0,0,0,0,0
300104749,407,2,0,0,0,0,1,1
150300654,436,12,0,1,4,1,1,5
304458680,387,111,6,15,32,24,19,15
357512000,54,22,1,1,3,7,5,5
270288280,723,383,15,32,82,101,75,78
179368346,638,45,2,8,12,12,5,6
309350921,6,0,0,0,0,0,0,0
306576384,326,17,0,0,3,5,3,6
241532550,342,18,3,1,7,5,2,0
150357064,356,31,1,3,4,9,8,6
47309500,451,93,5,6,23,26,23,10
323020176,216,8,0,0,2,2,2,2
255350388,182,0,0,0,0,0,0,0
338104678,573,172,3,15,41,46,36,31
294200378,332,64,3,6,10,15,16,14
16288184,756,0,0,0,0,0,0,0
323442776,10,0,0,0,0,0,0,0
384534266,12,6,0,1,3,2,0,0
279087522,487,47,1,4,11,9,10,12
341258182,602,75,4,6,19,18,14,14
263035184,616,45,4,5,9,11,10,6
291320884,483,102,3,11,17,25,21,25
279217728,449,34,0,3,10,9,4,8
167201539,300,3,0,1,1,0,0,1
41561453,555,159,7,8,43,41,25,35
177631209,203,25,1,2,5,5,7,5
271893367,29,0,0,0,0,0,0,0
374447935,215,32,2,0,9,7,3,11
384742846,12,0,0,0,0,0,0,0
298372701,170,14,2,0,3,2,4,3
430263572,504,53,0,4,15,16,9,9
151300352,745,152,6,17,40,44,28,17
301160638,298,55,5,2,11,13,9,15
30450412,542,0,0,0,0,0,0,0
284783117,394,39,1,5,13,10,5,5
348555861,180,0,0,0,0,0,0,0
407147727,22,1,0,0,0,1,0,0
279692257,208,22,1,1,4,8,5,3
349059354,351,39,5,2,8,8,8,8
198076334,409,88,8,5,20,21,19,15
357040925,58,12,0,1,4,1,2,4
402918060,42,3,0,1,2,0,0,0
305674644,381,188,16,13,43,43,35,38
306987941,365,98,4,8,17,27,22,20
381979901,455,28,4,3,10,7,2,2
255319384,194,0,0,0,0,0,0,0
206912019,479,110,5,13,25,25,20,22
423987361,308,4,0,0,2,2,0,0
454058066,354,32,5,2,8,5,7,5
389070884,690,362,13,29,90,98,66,66
343757299,39,1,0,0,0,0,0,1
342782002,387,0,0,0,0,0,0,0
418720347,18,3,0,0,0,2,1,0
202445608,689,180,7,15,54,47,28,29
357662316,48,0,0,0,0,0,0,0
125115082,604,97,5,11,26,25,21,9
262614966,391,230,19,24,56,45,40,46
280055342,216,52,6,5,17,15,4,5
341029467,458,0,0,0,0,0,0,0
125857387,596,115,10,13,31,25,15,21
38494096,687,78,3,8,22,25,13,7
301247295,291,0,0,0,0,0,0,0
257737073,6,2,0,0,0,1,1,0
220402294,455,160,13,9,38,37,34,29
300324638,357,45,2,5,7,10,9,12
442829369,227,27,0,6,8,5,5,3
309619055,374,1,0,0,0,1,0,0
25078120,304,127,9,8,26,31,29,24
167656297,425,48,1,5,10,12,8,12
220397947,457,34,2,2,7,8,9,6
342694097,708,156,5,10,46,46,28,21
124350360,295,2,0,0,0,0,1,1
306272819,443,37,2,2,9,10,9,5
370676773,381,231,11,15,66,63,49,27
447493530,381,42,4,1,9,10,12,6
379865347,666,79,2,7,25,17,17,11
279323519,389,40,3,5,9,12,10,1
24133365,228,33,1,3,4,10,7,8
293151358,309,80,6,7,22,15,9,21
379806358,151,41,1,4,11,6,8,11
67267845,255,48,2,1,13,10,9,13
238229705,142,0,0,0,0,0,0,0
272086869,31,0,0,0,0,0,0,0
388128308,314,19,2,2,3,3,4,5
190863171,738,132,4,15,38,36,19,20
207511576,477,102,3,5,31,31,18,14
214716930,205,9,0,0,0,1,3,5
261138857,33,4,0,0,0,2,2,0
102643159,705,262,13,21,68,69,51,40
396655059,35,0,0,0,0,0,0,0
388244501,7,6,1,0,1,2,1,1
336931938,366,111,2,10,28,25,21,25
24194061,240,32,0,5,9,6,9,3
465088681,678,107,10,12,31,26,14,14
426541180,50,3,0,0,0,1,1,1
90836525,457,237,9,17,61,70,45,35
125958765,602,317,12,29,81,88,56,51
305675525,396,183,9,11,45,39,40,39
207693951,457,58,3,8,15,12,11,9
349763482,343,6,1,0,1,2,1,1
255513991,179,71,4,4,16,18,16,13
159803421,686,76,2,9,15,18,17,15
255567460,508,9,0,1,2,1,2,3
394699148,6,0,0,0,0,0,0,0
388203226,24,1,1,0,0,0,0,0
455463415,409,40,4,2,16,8,4,6
350025490,379,34,2,4,7,8,5,8
304071827,357,11,1,0,2,3,1,4
360571125,511,61,4,3,15,16,14,9
426422372,27,1,0,0,1,0,0,0
149030418,205,17,1,2,1,3,7,3
349521875,379,18,0,0,2,6,8,2
297701617,379,0,0,0,0,0,0,0
316207527,172,15,2,2,4,2,3,2
216728030,162,15,0,1,7,4,1,2
121455954,609,74,2,4,25,23,12,8
407824089,20,0,0,0,0,0,0,0
410418820,12,0,0,0,0,0,0,0
217059369,637,66,2,12,16,12,14,10
446872386,338,14,0,1,5,5,0,3
261136311,22,4,0,1,1,0,0,2
278826516,508,14,1,2,2,4,2,3
32959497,753,7,3,0,3,0,0,1
306107122,391,24,0,2,12,6,1,3
269852699,24,2,1,1,0,0,0,0
348717439,20,7,0,0,0,4,3,0
359987981,37,13,1,1,2,6,3,0
213514265,247,0,0,0,0,0,0,0
363933313,161,6,0,0,1,0,3,2
395429348,404,54,1,5,8,17,15,8
290410988,8,0,0,0,0,0,0,0
216995338,588,10,0,0,1,2,5,2
189084771,178,0,0,0,0,0,0,0
133701671,152,6,0,0,1,1,2,2
222945452,185,45,3,2,10,14,8,8
293480903,20,0,0,0,0,0,0,0
279156705,426,127,5,8,25,37,21,31
407823917,24,0,0,0,0,0,0,0
448727889,137,0,0,0,0,0,0,0
222173967,346,14,2,0,6,2,2,2
294197236,308,38,7,2,10,9,4,6
141708335,122,9,0,0,1,2,2,4
294059372,111,23,3,1,5,6,7,1
303264387,423,44,7,3,12,12,5,5
276836579,14,2,0,0,1,0,0,1
418527327,23,7,1,1,0,2,1,2
339566276,640,167,8,16,45,39,37,22
421285598,536,48,2,5,13,7,6,15
402918064,40,0,0,0,0,0,0,0
349643889,454,18,1,3,5,4,1,4
343285974,694,0,0,0,0,0,0,0
167812449,427,5,0,1,1,2,1,0
325564366,14,3,0,0,0,1,0,2
306981513,369,26,1,2,8,9,1,5
267239205,201,54,6,8,11,9,9,11
245527958,628,382,14,34,99,95,76,64
216190934,147,22,0,3,8,6,4,1
247145147,557,2,0,0,0,0,0,2
152377056,191,47,4,5,8,13,8,9
94257578,256,51,0,7,12,12,8,12
218821972,567,0,0,0,0,0,0,0
455509774,407,85,5,4,26,25,13,12
161988269,749,157,7,11,50,47,27,15
442567883,248,19,2,1,2,5,5,4
301956407,294,14,0,0,6,4,2,2
340100436,311,19,1,0,2,2,1,13
448913059,359,187,7,16,52,59,35,18
122645363,632,45,0,6,12,11,7,9
311103813,49,9,3,2,3,1,0,0
50380257,231,16,1,2,3,3,3,4
456609929,454,46,1,3,9,12,13,8
464422047,358,53,6,4,17,11,8,7
254003502,643,221,13,15,42,51,48,52
238197709,247,0,0,0,0,0,0,0
112401201,761,214,12,17,56,41,45,43
265435357,32,20,2,1,2,4,4,7
396170777,117,15,2,3,4,3,1,2
303909865,149,20,1,4,7,2,2,4
344031627,446,39,1,2,10,13,7,6
360824561,419,19,3,0,5,6,3,2
339666028,327,196,12,16,42,51,42,33
422038373,429,3,0,0,1,1,1,0
380645083,673,44,3,2,12,11,8,8
279322914,420,0,0,0,0,0,0,0
6667908,499,11,0,0,3,5,2,1
201747686,458,42,1,1,12,9,11,8
167792080,403,0,0,0,0,0,0,0
280052690,60,0,0,0,0,0,0,0
31690845,723,0,0,0,0,0,0,0
278866211,509,20,2,2,7,4,3,2
196954401,687,75,6,10,23,15,12,9
407584737,14,0,0,0,0,0,0,0
382308684,324,22,1,3,9,3,1,5
306723230,361,37,0,2,8,11,9,7
424796997,533,0,0,0,0,0,0,0
280095254,233,0,0,0,0,0,0,0
380659334,357,95,6,3,20,22,23,21
113567527,689,40,1,0,6,10,8,15
91246422,654,107,3,8,29,25,21,21
254045302,625,28,4,1,5,5,4,9
219967673,490,28,2,3,5,6,4,8
254258206,706,77,6,4,14,16,20,17
113061684,672,388,25,33,87,85,75,83
181341926,623,173,10,14,36,42,36,35
253715855,662,38,6,4,10,9,5,4
263925187,703,79,4,4,20,22,13,16
383427491,15,0,0,0,0,0,0,0
396903513,534,102,4,6,30,27,17,18
341309569,389,13,0,0,2,3,5,3
270341486,10,0,0,0,0,0,0,0
25858367,734,70,3,7,19,16,9,16
61724376,579,55,2,7,11,21,7,7
101233501,530,35,1,4,13,4,5,8
394230860,203,5,0,0,1,3,1,0
211116547,700,92,8,3,24,27,19,11
98064760,628,24,0,2,7,6,6,3
87260967,556,95,6,7,20,21,23,18
292474331,100,49,5,2,12,18,8,4
61898904,610,21,1,1,4,4,4,7
55652896,388,4,0,0,0,1,1,2
167697604,417,8,2,1,2,1,1,1
270204401,64,4,1,0,0,1,2,0
365366508,329,94,6,3,23,24,19,19
219927211,578,30,3,3,6,6,5,7
253826623,640,44,1,2,5,12,15,9
182894226,608,189,10,18,42,36,36,47
371839073,130,2,1,1,0,0,0,0
253749178,644,90,7,8,20,20,17,18
327785134,30,10,1,1,2,2,2,2
30816076,688,18,0,1,5,6,2,4
120393264,478,141,13,11,35,28,30,24
404156386,509,50,4,3,11,12,11,9
425675208,569,24,1,3,6,5,5,4
390996644,738,106,3,7,25,23,24,24
319606464,489,34,2,1,7,7,5,12
419744996,230,34,3,2,7,7,7,8
358108063,76,1,0,0,0,0,1,0
407165509,16,5,0,1,0,2,1,1
113565705,680,271,18,34,67,60,56,36
280685089,20,0,0,0,0,0,0,0
292013448,591,46,2,4,11,7,8,14
231081369,325,0,0,0,0,0,0,0
118271404,494,172,7,14,36,38,38,39
339752629,575,209,15,16,38,52,45,43
382312052,336,28,0,4,5,6,6,7
90911675,636,73,2,7,9,14,24,17
49534600,497,22,2,2,5,5,2,6
181233908,217,27,1,4,7,7,4,4
380783252,443,0,0,0,0,0,0,0
318649597,4,0,0,0,0,0,0,0
253844234,631,36,3,1,5,10,10,7
2372579,686,118,7,10,22,30,27,22
380822025,719,14,1,1,4,6,1,1
61381436,559,22,3,1,6,5,4,3
351336681,413,18,1,0,4,5,5,3
6400274,566,71,5,6,23,17,12,8
238892775,264,142,6,6,34,37,33,26
349797905,567,72,4,5,22,17,15,9
246745789,601,298,20,23,76,62,57,60
409934687,69,1,0,0,0,1,0,0
193831684,701,46,2,3,13,10,9,9
259901124,261,113,8,4,32,33,18,18
253657883,608,46,4,4,13,8,10,7
169316288,721,0,0,0,0,0,0,0
261746657,22,4,0,1,1,1,1,0
229810745,262,68,5,4,19,13,15,12
120341889,475,70,3,10,22,13,11,11
401606923,26,0,0,0,0,0,0,0
396215041,32,3,0,0,0,1,0,2
200135791,486,28,0,4,10,7,2,5
97833468,621,152,13,13,35,33,24,34
211215485,692,157,9,12,32,40,32,32
316582319,638,203,11,17,46,43,36,50
118200081,503,85,3,4,21,18,20,19
56777828,599,325,15,21,76,79,66,68
118271395,492,175,5,16,42,41,38,33
300446210,353,0,0,0,0,0,0,0
61135882,577,12,1,3,3,2,0,3
320264006,467,15,0,0,3,3,4,5
345170707,32,0,0,0,0,0,0,0
80059889,614,62,5,5,11,18,16,7
253781040,649,330,19,25,76,78,71,61
276315375,681,87,5,7,18,19,20,18
320054835,474,14,0,0,4,5,4,1
76758733,485,48,4,4,12,10,11,7
304101379,211,91,5,6,21,20,16,23
180416826,108,3,0,0,1,2,0,0
370134610,443,15,1,2,4,3,4,1
365956683,373,96,10,7,20,19,23,17
128790976,597,15,2,2,4,2,3,2
404123632,539,64,2,7,16,12,12,15
211170874,723,32,4,5,8,6,2,7
387107961,400,52,3,6,13,15,7,8
425549135,692,68,2,10,15,15,13,13
101845679,530,50,1,5,13,11,8,12
273697554,18,4,1,2,1,0,0,0
161083755,565,164,5,12,42,49,27,29
169573910,723,205,10,21,39,45,46,44
469441650,674,175,7,13,45,54,32,24
61730680,602,172,12,11,43,37,37,32
101654574,585,4,1,1,1,1,0,0
394657039,19,0,0,0,0,0,0,0
263074592,13,1,0,0,1,0,0,0
80252615,576,63,4,7,15,15,12,10
340110295,575,311,20,34,69,72,66,50
50273697,195,98,12,7,22,21,19,17
303843296,356,194,9,20,47,42,37,39
30914235,688,42,1,4,12,12,8,5
320173862,441,47,6,3,9,11,7,11
277373390,709,143,9,12,34,32,24,32
180412528,42,3,0,0,1,1,1,0
60433558,739,95,6,14,26,19,12,18
90716944,624,6,0,0,1,2,2,1
158301961,515,25,0,1,2,9,9,4
93316328,145,38,4,3,6,7,7,11
342025025,30,6,0,0,1,2,2,1
339185356,128,5,0,0,1,1,1,2
277473207,172,10,0,1,1,2,2,4
73884611,95,17,2,2,4,4,2,3
336778418,207,71,0,12,15,25,19,0
60987622,218,90,0,21,29,25,15,0
456905229,188,42,0,7,18,8,9,0
414807623,220,7,0,1,1,3,2,0
336767770,170,31,0,9,8,7,7,0
101302325,57,1,0,0,0,0,1,0
436869712,111,0,0,0,0,0,0,0
29053989,172,7,0,0,2,3,2,0
22843856,120,8,0,1,2,3,2,0
346541355,150,10,0,2,3,4,1,0
349294422,101,53,0,12,18,14,9,0
26432264,15,6,0,1,0,2,3,0
436863045,41,0,0,0,0,0,0,0
436873913,182,7,0,2,4,1,0,0
26533207,6,2,0,0,0,1,1,0
306263608,178,0,0,0,0,0,0,0
367448265,10,1,0,0,1,0,0,0
268221892,152,48,0,11,13,13,11,0
171084337,162,7,0,2,3,0,2,0
58108085,177,35,0,4,10,14,7,0
367106469,5,0,0,0,0,0,0,0
116853937,130,20,0,4,7,6,3,0
722865779,165,0,0,0,0,0,0,0
59739922,172,27,0,9,9,4,5,0
3311888,17,2,0,0,1,1,0,0
115980439,155,0,0,0,0,0,0,0
2595273,114,17,0,2,5,6,4,0
59834339,177,1,0,0,0,1,0,0
467722869,8,0,0,0,0,0,0,0
58540876,166,41,0,6,8,17,10,0
62257830,175,23,0,6,7,6,4,0
3034524,138,12,0,2,5,5,0,0
2236015,105,15,0,2,8,4,1,0
117101700,138,6,0,0,1,2,3,0
408651394,166,7,0,1,3,0,3,0
661540044,161,88,0,15,21,30,22,0
408651399,164,9,0,0,1,6,2,0
85785338,118,6,0,3,2,1,0,0
312353805,163,7,0,3,0,2,2,0
117099990,163,5,0,2,1,0,2,0
62702862,167,80,0,16,29,24,11,0
4164713,30,11,0,2,2,5,2,0
400621146,169,20,0,2,6,8,4,0
86396382,169,30,0,7,11,8,4,0
130158363,196,16,0,4,3,5,4,0
239187696,138,19,0,1,7,9,2,0
126232983,172,0,0,0,0,0,0,0
172421004,161,57,0,9,21,19,8,0
130158361,196,16,0,6,7,1,2,0
4299830,172,0,0,0,0,0,0,0
138333980,76,0,0,0,0,0,0,0
165797593,38,1,0,0,1,0,0,0
90935391,168,3,0,0,2,1,0,0
172171873,159,27,0,6,8,8,5,0
240154683,53,10,0,3,3,2,2,0
172036040,166,31,0,3,12,10,6,0
172224309,33,8,0,2,1,3,2,0
240122720,112,14,0,4,4,4,2,0
257241363,169,0,0,0,0,0,0,0
371165722,164,6,0,0,0,3,3,0
240155327,25,1,0,0,0,1,0,0
101547609,6,0,0,0,0,0,0,0
149438705,54,0,0,0,0,0,0,0
172933154,80,2,0,0,0,1,1,0
172517058,157,8,0,2,1,4,1,0
117378874,26,3,0,1,0,1,1,0
172529744,4,0,0,0,0,0,0,0
332064670,115,0,0,0,0,0,0,0
233635280,49,8,0,4,2,1,1,0
126325291,154,44,0,7,11,16,10,0
101546875,12,0,0,0,0,0,0,0
260124760,214,64,1,5,17,16,7,18
315120782,779,97,5,7,20,25,13,27
308307606,371,0,0,0,0,0,0,0
400525177,167,18,2,2,4,7,3,0
106055469,629,0,0,0,0,0,0,0
101497151,744,93,5,6,14,20,24,24
437241830,786,236,13,24,46,54,43,56
157754133,793,72,2,9,13,17,19,12
179238861,768,177,7,18,40,44,43,25
344175457,529,0,0,0,0,0,0,0
140132301,200,106,9,7,21,29,23,17
55222620,840,25,2,1,4,5,6,7
89787749,140,0,0,0,0,0,0,0
72605231,615,0,0,0,0,0,0,0
167983141,781,5,0,2,1,0,0,2
55222619,841,15,3,1,2,4,4,1
286310830,835,61,3,6,8,12,15,17
334886280,791,19,3,3,4,5,4,0
192990023,742,194,28,22,47,36,33,28
122330743,123,23,3,4,7,3,1,5
35655828,192,9,1,2,2,1,2,1
36077464,190,95,7,10,20,27,16,15
22146154,800,23,1,2,6,7,3,4
269342892,138,14,0,1,4,3,2,4
148612685,818,69,4,7,19,11,10,18
71298511,732,160,11,15,37,38,28,31
374366829,843,30,3,2,3,5,9,8
40534599,811,87,3,3,14,27,17,23
192087959,198,22,1,2,8,5,3,3
29914747,686,181,11,17,38,38,35,42
148544875,852,17,1,4,2,5,3,2
281494100,478,49,3,8,8,11,11,8
157774304,810,10,0,0,3,4,3,0
145116411,187,0,0,0,0,0,0,0
30828562,215,5,0,0,2,2,1,0
5092088,550,41,3,2,10,13,10,3
73201833,652,93,5,10,24,23,11,20
193271278,733,36,1,2,12,13,3,5
73386477,669,137,9,15,36,26,18,33
350141132,380,9,1,1,4,2,0,1
275083922,522,0,0,0,0,0,0,0
294327312,450,53,3,8,11,14,10,7
48063034,693,0,0,0,0,0,0,0
30122338,189,18,1,0,1,6,6,4
49003142,700,0,0,0,0,0,0,0
45599777,674,11,0,2,5,3,1,0
269562415,144,40,3,2,9,9,5,12
48063032,689,0,0,0,0,0,0,0
437248515,800,16,0,0,2,5,6,3
11561667,726,0,0,0,0,0,0,0
49418981,818,61,5,9,11,11,14,11
437230910,786,58,4,1,15,9,9,20
53997651,728,36,2,3,10,8,7,6
31810287,190,7,0,0,2,1,0,4
168384614,712,158,11,11,33,37,29,37
423524230,790,34,2,1,7,8,8,8
53189332,856,0,0,0,0,0,0,0
307488085,332,107,8,14,22,23,19,21
74528318,201,11,0,1,4,2,1,3
385231167,778,48,2,2,9,10,9,16
36734222,891,0,0,0,0,0,0,0
140064648,161,84,6,10,22,19,13,14
410392940,814,344,19,39,77,76,69,64
48335665,692,29,5,4,7,4,5,4
193136669,761,147,6,10,33,36,29,33
35009375,810,127,11,12,28,26,20,30
106403786,623,26,1,2,5,7,3,8
140691463,24,1,1,0,0,0,0,0
219310882,787,64,4,4,19,16,12,9
308076113,867,93,6,5,22,21,21,18
393837491,814,5,0,2,1,0,1,1
335499997,814,0,0,0,0,0,0,0
410299018,786,406,21,39,88,91,86,81
157788279,833,167,14,13,24,44,41,31
70717462,678,0,0,0,0,0,0,0
49175300,719,341,15,38,68,72,68,80
260609205,467,32,4,0,9,9,2,8
286396160,855,0,0,0,0,0,0,0
340135575,415,214,19,21,51,50,40,33
158150633,643,39,1,2,8,12,11,5
44988465,696,0,0,0,0,0,0,0
47380518,821,158,15,15,39,34,28,27
22120766,802,108,5,6,17,28,23,29
270742379,190,57,7,9,10,10,11,10
158329676,643,65,5,5,10,13,18,14
219187649,828,0,0,0,0,0,0,0
315002523,746,0,0,0,0,0,0,0
75818403,196,65,7,3,14,16,16,9
177175199,218,34,4,1,8,13,4,4
19271382,401,20,2,2,4,2,0,10
193092806,748,44,1,5,7,9,11,11
5703872,317,13,1,1,5,2,0,4
73723286,664,0,0,0,0,0,0,0
23324827,712,13,0,3,2,2,3,3
71546916,681,33,2,2,4,10,11,4
102691227,635,47,2,7,13,10,7,8
375477302,231,20,3,2,7,5,3,0
410359089,781,383,20,38,92,88,72,73
149990841,350,12,1,2,3,3,1,2
291466214,535,36,2,1,8,11,7,7
48476907,716,21,1,3,4,3,2,8
168312820,739,4,1,0,2,0,0,1
286310836,835,31,1,3,6,7,7,7
308404140,314,134,11,14,27,23,28,31
187930369,767,26,1,5,6,7,5,2
148611095,846,24,0,2,8,3,4,7
48372732,700,160,8,10,33,34,30,45
24972851,686,79,4,7,17,16,13,22
106470229,623,16,1,1,4,2,2,6
102978235,643,34,0,2,6,3,8,15
74627376,208,57,3,5,14,17,9,9
53178352,838,106,4,11,28,28,16,19
102195674,589,10,1,1,4,3,1,0
189349514,735,0,0,0,0,0,0,0
400445441,154,49,4,5,11,10,9,10
349970685,377,60,6,1,16,14,12,11
47352608,839,233,7,20,56,50,45,55
322732889,843,224,21,19,47,50,48,39
434479378,807,418,25,37,92,95,73,96
140066660,152,75,4,6,18,18,16,13
105992935,647,0,0,0,0,0,0,0
179295564,800,40,2,2,9,12,8,7
436802660,140,53,1,3,14,13,8,14
92743594,148,16,1,1,2,5,3,4
22079739,740,61,2,5,17,16,9,12
281731203,852,0,0,0,0,0,0,0
30562668,192,21,2,2,5,4,1,7
380618882,799,78,5,9,18,15,18,13
67474119,708,89,4,11,26,27,13,8
86182628,800,0,0,0,0,0,0,0
77139245,791,135,8,13,27,33,32,22
14826027,831,0,0,0,0,0,0,0
61285257,613,191,13,16,36,46,35,45
63309085,194,97,2,13,28,30,20,4
380618779,845,214,13,19,54,62,44,22
388843945,812,64,1,7,11,18,14,13
149470723,564,27,0,2,3,6,10,6
135085261,774,86,7,10,17,19,17,16
157018051,343,2,0,0,1,1,0,0
347329162,10,0,0,0,0,0,0,0
367683204,23,1,0,0,0,1,0,0
392963260,798,4,2,0,1,0,1,0
175402069,826,63,5,2,16,14,11,15
390651552,817,0,0,0,0,0,0,0
339540793,801,71,3,4,11,12,20,21
409343223,354,30,2,5,7,6,5,5
388940613,835,406,19,41,90,91,73,92
292115251,858,61,2,4,18,14,8,15
376923942,859,8,0,2,2,1,0,3
422251657,836,49,3,2,9,8,10,17
365089053,826,363,28,32,81,73,70,79
393639812,825,72,1,4,13,13,19,22
92132777,780,35,3,2,12,9,5,4
366786599,820,397,26,31,89,92,81,78
95525589,779,56,3,6,12,16,9,10
95525590,781,55,0,4,15,13,6,17
92132775,780,26,2,2,5,7,7,3
390632932,821,404,23,28,82,84,88,99
389510663,775,58,2,5,11,19,14,7
27112021,2,0,0,0,0,0,0,0
365198355,828,106,7,6,15,23,22,33
365070861,835,390,35,33,74,74,79,95
422332463,794,362,18,22,76,97,66,83
422246362,758,94,3,11,20,16,19,25
365069916,850,92,3,7,13,29,24,16
399181042,805,173,12,21,44,38,36,22
286036831,865,529,27,48,122,111,109,112
72534221,756,43,2,4,6,5,12,14
88118399,831,337,20,28,75,84,63,67
365203184,802,52,5,5,11,10,9,12
66715008,846,205,14,18,45,38,43,47
393672471,794,0,0,0,0,0,0,0
365070128,813,3,1,0,1,0,0,1
365059891,824,12,0,0,2,3,2,5
392909786,816,113,7,12,30,22,25,17
422252417,800,182,7,11,42,39,44,39
51288359,156,35,3,3,18,5,3,3
296672022,416,53,3,6,14,16,9,5
339568213,627,146,9,18,40,41,24,14
67982365,232,22,1,0,6,7,5,3
314527844,193,35,5,7,7,6,5,5
279319810,465,17,1,3,5,5,3,0
177283727,248,4,1,0,2,1,0,0
364200513,221,14,0,2,4,3,2,3
150031040,371,0,0,0,0,0,0,0
233558430,610,9,1,0,2,1,1,4
220569051,445,63,3,7,13,16,11,13
231275247,520,11,0,0,4,3,2,2
270622440,608,86,4,4,11,17,28,22
441464221,788,32,2,4,11,7,4,4
355601117,432,24,2,5,7,5,4,1
270411008,695,11,0,1,4,5,1,0
231010756,427,28,2,2,6,4,4,10
67559369,712,23,2,0,6,5,4,6
97467902,744,62,6,7,10,13,10,16
29847695,811,43,4,4,9,7,9,10
322493523,724,109,5,6,21,26,27,24
219222201,11055,1700,69,177,362,360,345,387
115693377,647,6,1,0,0,1,2,2
63785934,715,144,11,12,27,28,28,38
55369219,382,20,2,0,7,4,2,5
52079677,310,9,0,0,3,2,2,2
54018297,832,190,3,13,52,53,37,32
98658304,793,0,0,0,0,0,0,0
306773020,323,32,2,2,8,11,2,7
198011271,476,73,5,5,15,21,15,12
279949020,443,3,1,0,0,0,1,1
114471605,798,12,0,0,2,3,5,2
31850842,297,34,2,3,8,7,8,6
300972613,554,71,6,7,13,21,12,12
9054370,832,56,2,6,19,14,8,7
316769815,717,60,3,5,12,15,16,9
69888530,778,65,7,5,17,14,9,13
220523550,362,5,0,1,1,1,1,1
219238496,8461,497,20,48,102,109,111,107
396721448,488,0,0,0,0,0,0,0
3816260,840,33,3,4,8,10,5,3
308225941,652,46,2,3,10,15,6,10
231061733,455,118,7,6,22,23,26,34
231840927,293,7,1,1,3,0,1,1
382069435,426,0,0,0,0,0,0,0
234518605,391,13,0,1,2,5,3,2
215336287,690,124,7,11,26,28,25,27
259543079,502,2,0,1,1,0,0,0
3921749,787,27,0,0,5,9,5,8
234347951,281,14,0,2,2,4,4,2
279741942,430,11,0,1,2,2,4,2
251858265,698,58,5,7,13,10,13,10
219998089,523,35,2,2,11,8,6,6
142177867,565,43,2,3,11,12,11,4
63941711,775,120,6,13,27,19,21,34
299135660,813,50,3,7,17,15,6,2
38937499,308,8,1,0,2,2,3,0
219984354,465,95,8,8,24,17,16,22
197908268,444,30,2,1,7,13,7,0
123405765,680,42,4,5,11,8,6,8
164681172,755,52,4,4,12,12,6,14
231833061,292,2,0,0,0,0,0,2
28051929,754,30,3,0,6,5,6,10
268529943,798,0,0,0,0,0,0,0
10756751,805,188,12,22,47,37,34,36
9209932,770,0,0,0,0,0,0,0
382323697,807,0,0,0,0,0,0,0
220015845,510,20,3,2,4,6,4,1
115275539,663,0,0,0,0,0,0,0
120566395,606,0,0,0,0,0,0,0
350954272,489,135,4,11,33,38,23,26
231851620,364,40,2,5,12,7,8,6
389754103,637,75,2,6,18,16,9,24
197931263,492,49,5,3,9,12,8,12
39018208,333,13,1,1,4,5,2,0
237342298,543,26,3,4,5,4,4,6
49677785,798,0,0,0,0,0,0,0
220567625,340,14,0,1,4,5,3,1
164752991,783,0,0,0,0,0,0,0
389669796,246,3,0,0,0,2,1,0
33912852,748,83,6,11,24,14,17,11
389754101,626,102,16,10,24,17,17,18
197886566,428,53,3,6,13,10,14,7
231279823,473,0,0,0,0,0,0,0
146761368,578,71,3,2,14,13,21,18
178171080,734,48,4,4,9,10,9,12
77030554,705,44,4,5,18,10,5,2
100918213,656,60,7,4,15,12,7,15
111267340,580,114,10,11,27,23,23,20
220430912,439,115,9,9,25,22,18,32
234494090,378,22,0,1,8,4,4,5
41865879,617,118,7,12,34,27,18,20
91638523,603,76,6,8,20,16,13,13
327996089,714,60,6,3,14,16,12,9
13092260,744,18,2,2,5,3,4,2
402112785,677,217,12,16,50,53,39,47
259675295,523,50,6,2,12,10,11,9
332488398,720,59,2,4,15,12,13,13
33665328,717,94,6,3,21,21,19,24
3815360,798,0,0,0,0,0,0,0
38699825,448,89,5,10,23,23,16,12
244163413,843,108,6,5,20,37,22,18
266735682,779,177,11,10,43,38,35,40
401889117,608,16,0,0,3,3,5,5
159897979,672,33,1,2,10,8,7,5
349835367,378,74,7,5,13,14,17,18
220521199,335,105,12,7,23,27,19,17
197887879,430,0,0,0,0,0,0,0
215403644,605,95,4,11,25,23,16,16
116417661,677,73,8,6,17,12,13,17
10838695,786,129,10,10,26,27,27,29
391902612,21,2,0,0,0,0,0,2
401869914,566,119,5,5,31,37,19,22
100029948,585,52,2,3,9,13,15,10
129764561,639,139,9,10,31,35,27,27
79548760,581,9,0,0,1,3,4,1
207200487,477,56,5,8,20,10,5,8
183596242,642,103,9,8,18,18,22,28
206468815,455,20,1,1,5,4,5,4
259589049,500,24,1,2,6,5,4,6
198037741,481,122,6,8,29,25,22,32
287351976,23,4,1,1,0,0,0,2
301022235,562,142,5,13,34,26,28,36
91542943,670,38,1,4,6,10,9,8
266770712,767,193,16,15,39,47,36,40
259373684,515,3,0,0,1,1,1,0
281498280,447,44,1,5,8,7,12,11
117549840,491,59,5,7,10,12,14,11
358232450,436,123,5,8,27,36,22,25
270622446,618,121,9,11,26,24,26,25
24704862,332,18,0,1,3,4,5,5
349907707,371,35,0,0,6,14,8,7
31653503,303,34,0,1,6,11,12,4
300654002,282,74,3,5,16,18,16,16
273792220,351,15,1,3,5,3,3,0
339607421,521,39,3,2,8,7,11,8
114819301,827,28,3,4,2,4,7,8
69949079,787,90,5,7,25,23,15,15
31796120,263,23,1,2,4,7,7,2
4629065,818,56,3,4,15,8,9,17
200440270,624,58,4,4,17,6,10,17
121078334,748,70,2,6,19,13,12,18
301407485,821,179,12,14,37,41,43,32
200363295,555,41,1,6,5,5,8,16
77158150,666,80,8,10,19,16,12,15
381167995,862,349,22,30,82,74,71,70
144598282,24355,3017,94,358,665,732,567,601
231809798,540,46,4,7,12,9,6,8
453828066,782,40,0,2,4,7,12,15
461713146,828,201,11,15,39,46,37,53
404477044,792,38,2,3,9,10,6,8
35743561,815,216,17,18,42,50,40,49
318887874,891,197,12,18,46,43,33,45
261332760,30,1,0,0,0,0,0,1
77209028,612,73,4,9,15,11,17,17
301405723,833,239,10,21,53,59,51,45
65448527,726,158,9,17,48,36,19,29
259701720,528,119,10,8,28,24,22,27
347545091,606,100,4,5,31,28,17,15
144539611,724,28,1,2,4,4,7,10
323295967,588,0,0,0,0,0,0,0
121156576,773,73,3,4,17,16,14,19
12631605,811,0,0,0,0,0,0,0
425077106,756,161,12,14,38,27,30,40
146688260,570,122,10,10,33,31,19,19
387544749,203,28,0,7,10,7,4,0
200297691,553,94,5,4,16,20,24,25
170635351,675,42,3,1,11,12,8,7
347545020,555,68,4,9,14,14,16,11
302457456,782,220,12,15,53,57,40,43
166874908,688,125,5,11,24,23,24,38
35101462,819,55,6,3,11,11,11,13
318868368,869,0,0,0,0,0,0,0
7695666,600,10,0,1,2,2,2,3
274039311,764,0,0,0,0,0,0,0
161638713,562,65,5,4,17,16,10,13
98853987,810,132,7,14,38,26,20,27
250387838,782,34,1,2,7,7,9,8
143022688,2184,87,2,13,25,26,7,14
219362976,522,20,1,3,6,4,4,2
66572840,815,54,4,3,10,13,12,12
142929481,654,81,3,3,19,21,18,17
88479623,747,97,4,7,27,25,20,14
369370898,591,70,6,14,13,13,16,8
219421171,539,30,0,0,4,7,6,13
98853990,805,129,5,15,22,28,29,30
279097963,805,59,4,7,18,13,7,10
33834253,255,81,5,3,15,21,23,14
38588414,809,61,3,3,13,12,18,12
178352046,741,0,0,0,0,0,0,0
12529950,801,11,1,1,3,2,1,3
4723156,776,10,0,1,2,1,2,4
259470701,557,38,5,3,5,3,3,19
88571421,719,31,3,2,10,7,4,5
88380001,776,15,1,0,5,3,2,4
121048789,751,75,1,8,19,12,15,20
251087387,834,51,9,3,9,9,9,12
178242590,827,68,8,3,17,13,14,13
422844353,180,3,0,0,0,2,1,0
178284729,741,11,0,2,4,1,2,2
4742129,799,62,3,4,12,14,14,15
142852841,728,28,0,2,5,8,8,5
153742549,579,37,3,1,3,8,13,9
361993750,332,6,1,1,1,1,2,0
44890224,756,0,0,0,0,0,0,0
453828065,787,0,0,0,0,0,0,0
161577376,552,17,1,1,4,2,2,7
358335586,463,118,7,13,21,26,23,28
89045042,726,13,1,4,1,3,3,1
231293332,523,45,3,8,11,7,7,9
257691369,463,3,0,0,0,1,1,1
153709888,609,27,4,1,8,7,3,4
279454212,804,4,1,1,1,1,0,0
153741139,583,26,3,2,5,6,4,6
170749770,680,36,2,2,11,8,8,5
302384263,801,8,1,0,3,3,0,1
159984211,656,0,0,0,0,0,0,0
35744583,825,0,0,0,0,0,0,0
64108432,750,31,2,3,7,7,7,5
237944385,611,9,0,0,2,4,3,0
317411334,599,47,3,2,10,9,11,12
201497357,699,100,8,6,18,26,21,21
291385340,190,6,0,0,0,3,3,0
124033255,801,0,0,0,0,0,0,0
11286209,565,90,2,5,31,25,16,11
238162238,551,53,3,1,16,12,7,14
264594193,905,134,8,7,35,30,22,32
142677613,269,25,2,5,8,4,4,2
301485937,418,26,1,2,4,5,6,8
124199788,273,7,1,0,2,0,1,3
96799506,674,28,2,2,5,6,6,7
264537668,238,0,0,0,0,0,0,0
156577475,219,0,0,0,0,0,0,0
142409400,254,26,3,1,5,10,3,4
255587619,498,0,0,0,0,0,0,0
238896431,570,23,0,1,4,6,5,7
167671107,624,21,1,0,4,5,6,5
60479151,762,118,10,12,30,24,18,24
53059882,693,26,0,2,2,5,7,10
207004093,512,0,0,0,0,0,0,0
12158853,248,10,0,2,0,3,2,3
50528312,864,61,3,4,9,14,15,16
264592553,466,11,1,1,3,4,2,0
365694569,206,13,0,4,7,2,0,0
39818458,235,5,0,0,1,1,1,2
35481236,278,51,3,3,9,16,13,7
37248140,253,0,0,0,0,0,0,0
172361463,768,16,1,0,4,1,3,7
299906906,721,40,4,3,12,10,5,6
52641430,761,16,1,1,4,5,2,3
255744818,535,0,0,0,0,0,0,0
220315592,882,52,0,4,16,17,9,6
427398881,560,31,3,5,5,4,6,8
464838153,365,39,3,5,7,8,8,8
42991745,263,42,0,4,8,15,5,10
157751050,556,28,1,3,8,6,5,5
143117999,282,0,0,0,0,0,0,0
443174527,266,0,0,0,0,0,0,0
32759110,769,11,0,1,2,0,1,7
172462064,738,4,1,1,2,0,0,0
435936714,216,0,0,0,0,0,0,0
427394772,857,52,2,9,13,12,7,9
25188036,261,19,2,2,5,3,4,3
231972938,627,27,1,1,3,6,7,9
140212820,694,103,8,5,22,23,17,28
143171265,687,23,2,2,5,5,4,5
33742428,734,282,10,21,67,71,60,53
14081980,607,50,1,6,13,9,9,12
52276229,709,19,2,2,0,3,4,8
156241056,191,32,0,5,9,12,6,0
117739806,700,34,3,3,7,7,7,7
317191077,789,70,6,6,20,11,11,16
267195931,632,34,4,1,9,7,6,7
322650462,747,116,7,13,24,21,27,24
443117794,273,2,0,0,0,1,1,0
168191566,259,29,1,1,3,8,9,7
436158814,210,5,0,1,2,1,1,0
11756637,247,9,0,1,1,1,2,4
156758188,685,154,12,15,29,36,31,31
176406202,369,56,3,8,20,11,8,6
220318793,816,27,1,2,6,10,6,2
282270717,234,39,1,3,6,16,8,5
53122807,714,0,0,0,0,0,0,0
38678931,395,7,0,1,1,2,1,2
72782654,224,19,2,0,11,4,2,0
42828781,261,45,3,5,10,16,6,5
167747439,630,26,0,1,4,4,9,8
123902605,776,66,8,5,19,14,10,10
231822771,586,56,9,7,16,5,7,12
232030067,645,23,1,3,3,8,7,1
160328766,715,32,1,2,6,4,6,13
49701947,769,18,1,3,6,3,1,4
255700967,522,31,0,3,8,7,5,8
279640088,869,94,6,7,25,25,16,15
24397947,717,0,0,0,0,0,0,0
290044434,784,0,0,0,0,0,0,0
52641431,761,26,3,2,5,8,8,0
33864821,262,36,4,3,7,10,8,4
220082557,830,74,2,4,18,17,16,17
287841093,827,13,1,1,2,3,2,4
176591772,752,28,0,0,8,12,6,2
31303242,750,62,4,8,19,14,8,9
180943676,566,14,0,1,4,5,3,1
231205049,787,0,0,0,0,0,0,0
443055162,261,5,1,0,1,1,1,1
33419790,789,118,6,11,38,36,15,12
172742334,776,17,0,3,4,3,2,5
78568736,341,15,1,1,1,3,5,4
38023570,758,33,2,4,7,10,5,5
37606218,748,41,0,3,6,9,10,13
234211934,269,28,2,6,7,4,4,5
355357949,555,37,3,4,8,7,10,5
31054255,790,25,2,4,5,3,5,6
322900369,252,0,0,0,0,0,0,0
52924466,752,1,0,1,0,0,0,0
232185093,208,7,0,1,3,2,1,0
123573766,842,13,0,1,4,4,2,2
365570620,212,0,0,0,0,0,0,0
124106762,266,1,0,0,1,0,0,0
146879345,260,30,3,3,8,6,4,6
100917608,643,81,3,4,13,22,22,17
255565860,529,32,2,6,10,5,2,7
436243444,234,25,0,0,10,11,4,0
438071843,221,6,0,2,2,1,1,0
119461266,259,24,2,1,6,6,5,4
147185619,255,0,0,0,0,0,0,0
436103335,213,27,0,5,6,8,8,0
317330474,828,5,0,0,1,2,2,0
319467578,520,38,2,3,9,11,5,8
284909275,229,3,0,1,1,0,1,0
33689349,781,59,2,3,12,17,13,12
140659978,233,8,0,0,2,1,2,3
350297040,459,11,0,1,1,2,3,4
345835653,206,0,0,0,0,0,0,0
153166843,721,91,1,5,16,23,22,24
346429188,344,76,5,6,15,12,15,23
37601240,738,174,13,19,36,36,36,34
424992973,781,28,0,1,2,4,8,13
234933888,218,19,0,5,7,4,1,2
144695651,207,19,0,1,6,8,4,0
48658291,777,64,2,3,12,16,14,17
147975720,662,0,0,0,0,0,0,0
255548311,532,11,3,0,2,3,3,0
138857475,546,9,0,0,2,1,3,3
234874474,242,35,0,8,9,11,6,1
235073057,640,0,0,0,0,0,0,0
143234741,677,27,3,0,7,5,4,8
219403686,521,55,4,5,15,13,8,10
307016006,192,34,0,3,6,15,10,0
134283998,581,177,13,10,46,41,34,33
88916475,857,57,5,2,16,16,10,8
125497512,279,82,5,10,19,17,18,13
32932888,275,88,4,9,16,26,18,15
51155192,369,38,2,2,9,9,9,7
155813907,363,36,0,3,10,9,7,7
388086679,798,76,7,6,14,12,12,25
443969553,836,0,0,0,0,0,0,0
173432542,195,0,0,0,0,0,0,0
143318403,768,193,16,17,45,35,32,48
425223388,844,61,1,4,10,16,17,13
33194538,284,38,2,4,9,12,2,9
55489734,271,26,1,3,8,9,3,2
150282779,231,54,2,3,7,13,13,16
6518047,753,135,10,8,23,30,28,36
262696097,837,99,5,9,22,26,20,17
149319411,208,24,2,3,6,6,1,6
440796977,757,0,0,0,0,0,0,0
98478039,658,0,0,0,0,0,0,0
80659292,174,0,0,0,0,0,0,0
112236473,193,7,0,0,1,3,3,0
142080812,246,54,4,3,10,10,14,13
78450017,295,22,2,1,8,5,4,2
128902999,230,0,0,0,0,0,0,0
124651221,286,0,0,0,0,0,0,0
318573150,869,74,3,5,15,13,17,21
169770571,837,52,2,3,15,11,14,7
177723489,242,0,0,0,0,0,0,0
155884454,763,72,1,11,19,17,9,15
22766107,718,22,1,0,6,7,6,2
51104846,879,74,5,5,25,19,8,12
468958384,818,168,8,11,34,31,35,49
126446153,222,49,1,3,14,16,11,4
134522557,212,4,0,0,0,0,1,3
126586580,229,30,2,4,6,8,7,3
125501325,271,25,4,2,2,2,4,11
155884449,761,0,0,0,0,0,0,0
124712820,281,19,1,2,3,3,5,5
124712813,281,28,1,0,8,8,4,7
319558164,516,15,1,1,2,6,2,3
27654882,794,59,3,5,13,16,12,10
455178154,875,120,7,12,41,29,18,13
132448273,198,0,0,0,0,0,0,0
296184440,268,20,2,1,5,9,2,1
114547549,222,48,2,2,13,14,8,9
11070365,828,150,6,15,33,29,30,37
259070502,242,89,5,7,18,21,13,25
19193162,868,84,4,5,26,20,16,13
14709809,541,47,2,5,10,5,9,16
165148663,628,0,0,0,0,0,0,0
173756330,222,22,1,3,6,2,6,4
271013213,821,121,8,13,16,29,31,24
440788366,801,90,2,4,15,25,21,23
177960771,845,76,7,3,11,17,20,18
66102144,851,63,1,7,18,17,6,14
18915591,799,100,8,6,23,27,18,18
319011894,858,35,0,3,6,10,7,9
306651396,275,39,2,2,8,12,9,6
452895993,861,64,6,10,18,13,6,11
7211118,838,187,18,16,40,46,43,24
21184505,749,0,0,0,0,0,0,0
278826996,519,5,1,1,1,2,0,0
125175122,838,69,0,1,9,17,22,20
80556181,235,23,1,2,8,8,3,1
319863494,486,38,4,6,11,8,6,3
60284401,829,91,5,9,15,20,18,24
425166925,868,218,15,22,52,47,44,38
124950413,270,8,0,0,2,2,2,2
50758245,887,77,1,6,15,18,24,13
281341249,243,63,6,8,10,12,10,17
148920245,217,0,0,0,0,0,0,0
64608449,748,95,8,12,20,19,18,18
93681365,865,0,0,0,0,0,0,0
437212966,798,27,3,4,5,6,4,5
173077938,397,35,1,0,14,10,4,6
306763456,252,0,0,0,0,0,0,0
262758522,811,0,0,0,0,0,0,0
173038281,744,8,1,0,1,1,2,3
468948126,856,75,2,3,14,19,18,19
452845139,841,29,1,2,9,4,4,9
80650858,194,35,1,2,5,5,9,13
130876312,206,30,3,3,9,7,2,6
129268651,239,3,0,0,1,0,0,2
66509654,255,15,4,0,3,1,1,6
64783257,203,15,1,2,6,3,1,2
284613090,799,33,5,4,7,5,4,8
168426455,283,29,3,1,9,9,6,1
63579446,474,36,2,1,11,8,6,8
425172025,827,31,3,3,12,7,3,3
182469311,206,11,0,0,2,2,2,5
468958374,821,150,5,11,32,30,35,37
307304908,263,48,3,5,10,11,11,8
150284425,217,22,1,3,7,1,3,7
332079835,824,0,0,0,0,0,0,0
455153566,821,166,8,11,43,39,30,35
409319605,258,64,5,7,14,17,11,10
66602813,471,37,1,2,6,8,10,10
123153249,449,74,4,4,9,15,20,22
147102369,216,14,4,2,3,2,3,0
173756896,214,11,0,1,2,2,2,4
22937402,622,0,0,0,0,0,0,0
175969976,817,85,7,5,21,16,12,24
63192395,605,90,3,6,23,23,18,17
156325724,330,25,2,4,7,4,3,5
145762697,230,7,0,0,4,2,1,0
178051504,260,68,6,12,14,14,9,13
56023695,233,46,1,5,11,13,3,13
48880872,807,32,3,1,6,6,6,10
238896417,561,16,0,1,4,4,4,3
18914916,832,0,0,0,0,0,0,0
1190662,848,0,0,0,0,0,0,0
398221405,696,27,1,3,4,6,6,7
12012992,728,43,4,1,11,14,5,8
60655023,820,118,6,10,27,31,17,27
415345299,830,0,0,0,0,0,0,0
38125059,736,0,0,0,0,0,0,0
453059861,824,105,3,9,21,24,18,30
182776916,224,46,3,4,6,8,10,15
81609273,179,0,0,0,0,0,0,0
423363853,803,6,1,0,2,1,0,2
386431674,824,13,0,0,2,4,4,3
60979860,868,72,2,7,13,22,15,13
290476605,857,0,0,0,0,0,0,0
2020964,788,0,0,0,0,0,0,0
289670788,846,78,6,4,15,21,13,19
176774858,781,0,0,0,0,0,0,0
271864083,755,0,0,0,0,0,0,0
185805011,273,57,7,3,12,18,12,5
22538139,652,55,1,4,10,17,13,10
62761513,867,118,11,10,28,27,23,19
56332484,238,0,0,0,0,0,0,0
80025900,190,18,2,3,5,4,2,2
175182754,198,18,0,0,4,4,6,4
410245402,782,92,5,7,27,22,14,17
405391996,827,48,3,0,16,18,5,6
283698250,779,53,6,4,17,10,8,8
2353789,780,46,1,5,11,11,7,11
289596375,865,67,4,4,14,21,16,8
146601322,874,197,9,6,47,42,37,56
413024324,815,42,0,2,7,13,11,9
270648838,854,26,1,2,6,6,4,7
93911780,182,0,0,0,0,0,0,0
393344055,203,59,2,7,13,8,12,17
408351795,814,69,8,4,16,21,13,7
348759510,847,17,1,1,3,6,3,3
186544053,224,1,0,0,1,0,0,0
78151317,835,131,7,12,29,30,26,27
46908113,820,41,0,2,11,15,7,6
377060843,854,17,2,0,4,5,3,3
386437695,849,62,6,10,17,14,6,9
74528791,202,30,2,2,7,9,2,8
1202347,732,42,1,5,10,11,12,3
55252407,224,0,0,0,0,0,0,0
415434817,819,218,11,18,54,54,38,43
262605041,809,22,1,3,4,4,6,4
146039664,220,3,0,0,1,1,1,0
312111256,823,0,0,0,0,0,0,0
423279462,807,77,3,7,20,19,14,14
119058688,847,0,0,0,0,0,0,0
47175622,841,88,8,8,16,16,21,19
51947865,822,0,0,0,0,0,0,0
185980914,227,37,0,1,13,11,6,6
51325134,865,58,3,4,8,15,15,13
277712294,850,16,1,1,5,3,4,2
415528958,804,34,2,2,8,10,10,2
347506869,799,91,8,10,20,23,18,12
142742998,875,63,2,4,11,21,20,5
14307980,810,133,6,6,17,31,42,31
146601318,878,197,13,18,46,45,39,36
386262459,813,19,0,1,6,3,3,6
5364915,824,42,5,8,10,8,4,7
55408994,199,4,0,0,0,1,2,1
305536358,854,94,5,4,21,27,20,17
78234838,845,81,4,8,21,18,15,15
408351887,824,0,0,0,0,0,0,0
289597948,804,46,4,3,8,15,11,5
29697290,208,0,0,0,0,0,0,0
96106862,835,40,3,2,6,7,8,14
145586291,204,10,0,0,1,3,5,1
191926695,216,17,1,1,10,5,0,0
95867802,850,191,18,16,38,36,36,47
449351034,579,0,0,0,0,0,0,0
83113607,782,47,3,2,11,10,7,14
21639186,589,29,1,2,8,5,3,10
389667572,262,8,1,0,2,1,1,3
371108287,325,33,1,4,5,9,6,8
450918869,379,16,0,1,6,7,1,1
141663326,564,13,1,1,2,5,3,1
275697259,609,84,4,6,19,19,21,15
101462,750,12,3,3,3,1,0,2
258839862,588,38,1,2,8,7,3,17
438790188,601,0,0,0,0,0,0,0
276458481,660,0,0,0,0,0,0,0
243391162,593,230,11,25,54,47,42,51
412941718,158,24,1,1,8,7,4,3
423220124,404,80,5,11,22,19,12,11
47402214,355,0,0,0,0,0,0,0
349483495,423,47,3,1,9,12,9,13
407067592,19,9,2,2,1,1,0,3
327850372,663,0,0,0,0,0,0,0
254039358,659,63,3,7,15,17,16,5
410276444,485,0,0,0,0,0,0,0
406238813,489,2,0,0,0,0,0,2
113501026,710,0,0,0,0,0,0,0
58229181,181,0,0,0,0,0,0,0
25226885,840,75,5,3,20,19,14,14
229057817,710,95,8,11,17,19,17,23
126602778,566,151,12,17,29,35,27,31
143924219,553,23,0,2,10,7,1,3
279314488,630,85,7,4,19,16,16,23
403153647,448,42,2,2,14,15,2,7
139188326,594,127,12,13,30,20,24,28
441422220,676,67,3,2,18,18,13,13
139699256,547,73,4,5,22,21,10,11
33862174,22,0,0,0,0,0,0,0
214198381,651,68,4,8,13,19,14,10
394585218,313,27,3,0,7,10,4,3
265591866,395,87,2,10,22,21,15,17
265489698,403,46,5,1,11,9,7,13
277649549,370,11,0,1,1,2,2,5
262958558,27,2,0,0,0,1,1,0
389476160,602,93,5,3,15,25,24,21
253928535,699,57,5,1,12,15,14,10
265613590,494,20,2,1,5,5,4,3
389726435,574,87,4,8,25,20,12,18
139825840,532,66,5,10,19,11,10,11
201256771,421,57,4,6,10,15,8,14
234491752,389,112,4,13,25,25,23,22
79225651,494,63,5,9,15,11,9,14
278784173,642,22,0,1,5,5,4,7
219308281,506,101,7,8,25,23,16,22
144000467,476,21,1,3,5,4,4,4
139841210,555,56,2,5,12,11,12,14
394006752,460,101,9,12,26,16,17,21
126945917,601,159,6,15,39,36,31,32
139721086,524,24,2,2,2,6,7,5
441406061,728,164,9,12,37,42,33,31
152223725,676,70,5,2,12,17,18,16
89018905,567,68,6,8,16,15,15,8
70442570,682,49,2,4,11,10,10,12
92628706,671,5,0,1,3,1,0,0
269762258,12,2,0,1,1,0,0,0
201234926,261,0,0,0,0,0,0,0
115115136,594,32,6,1,10,5,2,8
181043970,258,56,6,4,9,12,10,15
92349924,702,9,0,1,0,3,5,0
144462697,589,132,7,11,36,39,22,17
63280198,708,258,20,21,67,54,40,56
253922296,712,29,2,2,9,7,4,5
269829384,763,0,0,0,0,0,0,0
220388567,433,29,1,1,5,7,4,11
206556127,811,72,1,8,17,23,14,9
266996791,482,108,7,14,19,23,23,22
326356701,775,160,5,11,39,32,33,40
201176965,468,105,4,11,26,22,23,19
231828370,342,0,0,0,0,0,0,0
237332597,407,23,3,3,5,4,5,3
160036449,640,130,9,10,36,31,23,21
126763885,529,9,0,0,2,3,3,1
278706358,636,36,2,5,9,9,4,7
126944775,603,91,5,9,19,24,19,15
139128537,573,54,2,8,16,14,7,7
261656371,19,0,0,0,0,0,0,0
406276109,360,4,0,1,0,1,1,1
214517366,638,128,6,17,32,29,24,20
197760286,733,0,0,0,0,0,0,0
219328784,517,175,15,18,40,37,32,33
204497617,691,95,6,10,23,20,16,20
201293780,441,71,3,5,14,10,15,24
206462116,781,88,3,4,16,22,26,17
358457398,27,10,2,1,0,2,3,2
270166263,745,5,2,0,2,1,0,0
214299966,640,24,2,2,7,4,5,4
121420805,543,138,3,6,31,33,32,33
197570458,663,7,0,0,3,3,1,0
147201138,637,129,5,7,30,33,25,29
301980639,734,12,1,2,4,3,0,2
44623916,644,201,10,19,42,45,44,41
62762261,693,30,1,2,8,6,6,7
219322317,424,6,0,0,3,3,0,0
381854774,451,18,0,3,4,4,5,2
300903537,679,28,1,0,7,8,7,5
117544915,623,121,5,15,30,24,25,22
197766143,419,83,6,6,19,15,18,19
54001270,691,80,3,6,16,24,16,15
29478974,794,14,2,1,3,4,1,3
231714759,415,58,3,6,16,14,11,8
229808144,262,11,0,1,5,4,1,0
97402522,699,36,2,8,9,6,6,5
92594505,682,2,0,0,1,1,0,0
325205605,230,52,3,3,7,8,12,19
207080350,605,28,3,2,7,6,5,5
350190639,402,10,0,2,1,1,2,4
231860752,359,26,1,1,8,8,3,5
219338651,409,112,10,9,31,17,15,30
401926767,860,23,2,1,4,6,5,5
279537689,785,0,0,0,0,0,0,0
56127811,814,62,2,5,15,12,15,13
445921773,203,27,0,5,13,5,4,0
231973885,593,104,5,12,22,25,20,20
231921891,557,71,3,5,17,21,10,15
31107108,318,58,2,3,8,11,15,19
244252435,816,13,0,2,5,3,2,1
9381557,805,104,7,5,17,26,28,21
310308203,348,74,5,5,16,19,17,12
117879940,825,88,6,11,18,13,20,20
117925262,771,78,3,5,20,19,16,15
220402290,462,62,5,8,14,10,7,18
213047427,821,7,0,0,1,1,2,3
333642126,813,20,3,1,4,2,6,4
146522930,791,105,7,4,20,34,21,19
245863693,197,26,0,2,6,14,4,0
117648603,773,165,14,14,31,40,35,31
250196734,846,21,3,4,2,3,5,4
167673218,649,92,7,9,15,23,20,18
146439804,776,242,8,21,56,62,48,47
139701741,776,83,11,8,18,14,13,19
426588729,198,10,0,0,5,4,1,0
219173590,557,85,4,12,23,17,12,17
13325340,740,183,13,11,36,47,38,38
464772659,190,0,0,0,0,0,0,0
121595243,792,62,10,5,17,11,10,9
248403190,812,158,8,15,38,33,30,34
32702481,745,25,3,4,6,7,4,1
9380768,810,90,6,12,18,14,17,23
20176492,661,151,6,11,31,44,33,26
178858648,707,55,3,4,13,13,10,12
37817410,844,92,8,6,25,23,13,17
146597035,776,36,2,6,8,8,5,7
1220444,675,164,12,12,39,34,31,36
362043085,212,2,0,1,1,0,0,0
146344020,753,62,2,5,10,16,11,18
299096773,817,57,1,4,14,12,11,15
283677584,207,22,0,4,10,3,5,0
442918617,861,141,8,12,34,49,17,21
393803650,785,202,12,19,47,50,34,40
167756615,652,35,1,3,9,7,6,9
67719432,811,129,13,14,40,25,20,17
24522770,816,37,0,7,8,4,8,10
399664959,216,6,0,2,1,2,1,0
179034615,699,0,0,0,0,0,0,0
471013547,216,0,0,0,0,0,0,0
178996712,737,24,0,2,5,5,4,8
468887783,197,7,0,2,2,2,1,0
167717848,624,63,5,7,15,11,9,16
55999432,814,0,0,0,0,0,0,0
149861542,728,126,8,3,22,31,29,33
43648757,842,17,0,2,3,2,3,7
20095466,663,75,6,5,14,15,23,12
38677487,826,31,2,2,6,3,6,12
316918055,824,45,6,5,6,14,9,5
77437462,669,0,0,0,0,0,0,0
399729481,202,0,0,0,0,0,0,0
146559015,763,0,0,0,0,0,0,0
432610098,195,7,0,2,2,2,1,0
24433067,733,99,4,8,23,25,22,17
311128363,190,38,0,5,8,14,11,0
373364179,214,15,0,5,2,6,2,0
9433212,804,17,1,2,2,4,5,3
56128191,813,7,0,2,1,2,1,1
13062697,720,0,0,0,0,0,0,0
178938417,728,0,0,0,0,0,0,0
67688552,782,90,2,10,28,17,13,20
200440175,595,51,5,2,6,11,9,18
146559012,762,35,3,3,8,8,6,7
13957444,680,47,3,4,13,6,9,12
239673325,2,0,0,0,0,0,0,0
408068720,855,142,12,8,33,30,27,32
198051336,404,110,7,14,22,21,17,29
79565128,527,97,4,5,18,24,24,22
70555928,675,128,9,17,31,27,20,24
63818344,760,143,8,15,40,32,23,25
287175225,818,229,20,19,51,41,49,49
219244444,1242,0,0,0,0,0,0,0
180724703,646,162,8,10,30,32,42,40
41896812,608,45,0,7,9,11,9,9
139256217,595,55,3,6,16,9,9,12
31655792,308,46,4,2,7,13,12,8
32200310,788,63,2,4,8,19,19,11
51912829,301,46,3,3,11,14,7,8
52368472,271,68,7,6,17,10,13,15
79403459,527,156,11,19,33,27,32,34
89428764,670,164,8,11,33,44,41,27
91369561,608,91,7,6,25,18,18,17
91448148,586,173,10,17,40,43,39,24
99465976,761,231,14,8,46,51,52,60
99646802,793,88,9,12,26,22,9,10
115105140,698,207,11,20,51,40,47,38
117515123,559,152,13,13,37,32,24,33
126637765,624,265,19,24,62,48,37,75
139148071,629,199,9,13,42,42,48,45
139207681,633,159,8,13,32,37,35,34
139700621,483,32,3,4,5,4,11,5
144194304,685,68,4,7,12,12,12,21
147083089,579,158,9,13,33,37,32,34
147131974,605,150,10,16,34,29,33,28
152825521,610,135,9,9,31,32,26,28
152926069,646,217,8,25,55,55,36,38
161262226,542,114,8,12,27,25,21,21
183979262,254,12,1,2,2,2,3,2
197735761,644,132,9,9,30,31,24,29
200645730,564,156,9,8,29,41,35,34
201291281,437,104,4,6,23,32,24,15
206508611,819,0,0,0,0,0,0,0
206544316,464,74,5,8,15,18,11,17
211412634,710,238,16,20,50,43,50,59
212344482,726,190,14,18,37,43,41,37
214299836,652,203,8,25,49,45,39,37
219328400,493,132,8,9,30,28,26,31
229804573,397,119,8,6,30,29,20,26
231629787,448,187,11,11,48,52,39,26
232063593,411,171,10,12,45,34,31,39
234284556,350,137,8,10,27,34,32,26
234523599,366,7,0,0,0,1,2,4
235000060,388,92,11,10,23,20,14,14
235000061,388,75,10,9,18,14,13,11
235009317,364,9,2,0,3,2,2,0
259864042,310,116,10,5,27,23,20,31
260756218,318,0,0,0,0,0,0,0
263078276,11,1,0,1,0,0,0,0
267043786,269,16,1,0,1,3,3,8
276935996,314,90,6,11,23,16,21,13
279254042,659,127,6,10,34,26,27,24
290547036,12,4,2,1,1,0,0,0
355544723,531,110,5,4,36,22,22,21
355601553,403,189,9,20,40,42,40,38
355635441,442,114,6,17,30,19,19,23
355651035,370,82,4,9,15,16,17,21
355703913,293,0,0,0,0,0,0,0
369218857,670,174,13,10,38,38,34,41
381857817,462,83,4,11,19,18,14,17
389658055,556,159,9,17,41,35,31,26
393978805,478,102,4,7,24,17,21,29
402065927,285,93,9,10,23,17,18,16
403136932,524,160,10,16,39,32,31,32
410187905,313,49,3,7,10,6,10,13
410354930,5,1,0,0,0,1,0,0
412063998,232,69,5,4,21,20,7,12
419635446,300,98,5,9,25,21,13,25
441105436,768,178,8,18,42,36,31,43
441183795,762,66,2,3,16,15,15,15
441422527,671,356,23,29,93,79,64,68
469970988,363,133,9,7,31,33,24,29
469979014,288,75,7,7,21,15,12,13
471013508,288,81,5,7,24,19,14,12
8989778,875,110,10,12,26,19,15,28
9033144,774,34,4,3,8,8,7,4
9727392,790,28,5,3,5,5,3,7
12723924,804,0,0,0,0,0,0,0
13068361,750,268,17,17,43,64,50,77
43398254,728,175,8,12,45,42,28,40
49735506,857,360,24,27,91,90,61,67
69838619,800,130,8,16,36,26,25,19
69889494,827,254,8,22,54,60,58,52
70761941,563,45,3,2,14,12,7,7
89543393,793,169,11,22,37,31,30,38
100100827,554,32,1,3,8,8,6,6
115443990,653,222,20,21,54,46,42,39
118826280,660,66,1,7,20,17,11,10
120414806,334,39,2,6,13,8,6,4
120607386,630,231,17,22,54,56,42,40
155540827,713,56,3,6,13,13,11,10
155989956,505,0,0,0,0,0,0,0
158536052,531,16,0,2,3,1,4,6
158582801,538,0,0,0,0,0,0,0
158582802,538,37,2,3,9,11,5,7
160065970,640,100,5,10,23,21,20,21
160081043,663,184,10,17,37,49,36,35
160085375,416,71,2,6,12,16,16,19
167086201,344,36,2,4,11,10,4,5
175405906,597,155,14,14,32,30,34,31
175458611,642,136,9,10,27,34,32,24
179985566,641,22,0,2,3,6,8,3
183537458,655,158,12,12,36,38,32,28
188594653,834,157,8,11,38,29,31,40
188630094,765,109,7,5,23,28,25,21
201776479,428,72,7,5,15,19,11,15
201924791,447,11,1,1,3,1,3,2
204325855,783,173,11,17,47,33,33,32
204327008,810,183,6,18,33,48,44,34
206539783,415,6,0,0,0,2,1,3
207085748,512,120,6,7,23,28,27,29
207091008,518,167,8,13,32,42,35,37
207174531,454,120,6,10,29,31,28,16
240764987,805,74,4,8,18,15,12,17
251829135,613,51,5,2,6,10,12,16
251857120,655,171,13,15,47,28,34,34
254298146,747,137,7,7,31,37,25,30
281728276,489,43,1,5,7,12,9,9
313934040,527,158,6,9,38,47,29,29
340704073,713,237,19,19,51,62,38,48
340782794,665,112,5,12,21,24,21,29
349519544,403,82,2,10,26,22,11,11
369586828,609,152,7,9,34,32,30,40
372816629,425,38,2,6,7,10,7,6
382425148,610,213,13,17,51,48,40,44
389728831,641,0,0,0,0,0,0,0
393943031,636,78,3,8,25,15,13,14
399577123,767,80,1,6,24,18,15,16
402130407,677,43,2,4,13,13,6,5
402319281,815,80,6,4,19,21,17,13
402324760,810,79,6,6,19,19,16,13
402339590,797,161,14,13,36,36,25,37
415969184,799,127,9,6,30,32,25,25
425864141,600,87,7,9,18,19,17,17
434097226,826,294,20,21,75,72,60,46
434106760,805,260,22,11,53,64,58,52
11487334,742,130,11,13,26,28,28,24
11546041,732,109,7,8,26,20,23,25
11598102,699,141,6,13,34,27,27,34
29848012,825,240,14,18,61,59,36,52
32268776,725,60,4,2,6,12,16,20
32284829,685,223,19,14,50,48,42,50
32551761,814,348,18,30,74,83,73,70
33576348,750,167,8,21,34,38,36,30
49558810,665,19,0,0,3,6,6,4
75352949,805,0,0,0,0,0,0,0
114500611,792,150,5,9,33,42,32,29
123337161,683,76,6,3,21,16,12,18
140493525,696,226,7,17,51,58,42,51
146637697,556,166,11,10,37,40,26,42
146712645,600,19,2,0,1,5,6,5
160196709,576,135,12,13,25,32,20,33
164720673,763,201,14,22,40,46,38,41
164775666,780,72,5,3,17,14,17,16
212377300,805,296,17,22,68,70,59,60
215258019,666,159,8,17,33,35,28,38
229143092,569,280,21,19,59,70,63,48
241393039,801,223,13,15,55,52,46,42
241578867,830,180,11,9,45,44,36,35
248348545,859,178,10,13,43,31,36,45
266769521,754,84,5,10,17,20,11,21
266769522,754,106,4,9,30,28,18,17
266816672,742,63,0,5,16,21,9,12
268652258,784,49,2,8,9,15,8,7
268686000,792,182,9,18,42,37,40,36
268686130,776,245,22,16,58,47,44,58
268766053,755,6,2,1,0,2,1,0
269505148,779,98,10,4,17,21,19,27
287174076,811,214,15,11,55,61,31,41
293619461,527,118,4,7,29,33,24,21
299199358,842,44,5,5,15,4,8,7
396720998,497,0,0,0,0,0,0,0
398673007,858,264,21,34,45,62,49,53
423358373,819,312,13,30,66,74,69,60
439458951,757,267,21,23,58,63,55,47
1045298,818,225,12,14,56,58,47,38
7724421,656,232,12,23,51,51,50,45
9845586,855,79,4,8,21,19,12,15
9945183,828,174,12,15,37,39,37,34
12632044,798,246,19,24,50,60,43,50
23139612,818,181,9,10,38,48,39,37
23221002,798,71,7,6,14,18,17,9
25195864,321,78,5,11,19,14,16,13
30028394,778,301,20,28,70,66,55,62
35744707,823,66,3,5,17,16,14,11
36729364,843,280,23,27,63,48,42,77
36883123,818,182,9,15,37,41,36,44
38399380,828,76,9,11,15,13,13,15
38541473,828,16,2,3,5,4,2,0
44737596,744,22,1,1,7,5,7,1
44790502,722,309,21,26,71,69,52,70
44797681,729,378,25,27,88,77,78,83
49799894,806,444,26,36,107,93,90,92
65348716,745,175,10,19,37,49,35,25
66573768,804,112,3,12,31,26,23,17
89239251,736,211,12,22,41,44,42,50
92234970,752,222,14,12,43,58,43,52
98828631,773,215,12,21,55,48,36,43
101070833,594,195,11,13,42,55,38,36
120956236,811,219,11,17,39,58,51,43
121009628,748,63,3,2,12,17,12,17
121092386,737,146,3,10,37,33,33,30
121134517,764,168,12,10,40,38,38,30
129810365,625,79,3,3,13,21,19,20
129888462,638,178,13,16,37,39,38,35
141126559,256,107,10,10,24,29,16,18
141332108,820,87,5,8,26,17,16,15
152507230,9432,907,42,81,207,168,204,205
152592870,540,191,15,11,39,53,33,40
153834085,577,11,1,1,0,4,3,2
156215585,790,188,14,16,48,41,33,36
159950145,684,62,3,4,12,14,14,15
165184400,668,0,0,0,0,0,0,0
166833457,688,0,0,0,0,0,0,0
168674931,714,190,14,13,39,44,41,39
168675489,633,222,11,18,52,56,42,43
168697816,672,113,7,12,22,22,26,24
168851294,675,267,13,25,59,62,50,58
170637811,688,190,11,15,40,42,32,50
170676440,670,180,11,21,49,40,28,31
178284730,745,15,2,0,5,5,3,0
179244391,301,25,3,1,4,9,5,3
197933923,509,120,9,10,30,33,14,24
198008281,506,70,2,7,12,18,17,14
219145901,546,265,16,25,62,59,55,48
219176881,467,198,9,17,45,57,35,35
219346326,537,115,2,9,20,40,24,20
220042007,550,139,9,11,33,33,27,26
220420534,437,69,6,7,14,16,12,14
250386181,784,20,1,4,3,2,5,5
251078096,779,242,15,23,55,51,48,50
251094451,770,0,0,0,0,0,0,0
256775514,669,72,4,7,19,13,20,9
257525627,734,227,14,15,47,59,51,41
257567854,706,22,3,2,2,5,6,4
260370454,502,124,6,14,28,25,30,21
270371961,467,53,2,1,7,10,19,14
270380593,792,0,0,0,0,0,0,0
274039489,833,41,2,4,8,9,8,10
274088422,787,252,10,22,58,53,45,64
277104322,326,157,9,11,33,36,35,33
279181220,816,0,0,0,0,0,0,0
279224984,794,125,6,12,31,30,20,26
279401848,779,80,3,4,21,18,20,14
279484342,795,226,14,22,48,46,49,47
318868129,827,248,12,15,52,55,56,58
318966048,863,209,10,12,54,35,44,54
319291434,796,255,15,15,68,66,39,52
322512913,734,71,3,8,20,19,6,15
326242641,789,168,11,15,37,37,26,42
332910947,11849,3543,120,407,780,779,671,786
332910986,7329,730,53,88,158,162,132,137
347552724,801,116,5,12,25,24,21,29
365301387,201,70,0,5,24,26,15,0
369362290,597,159,10,11,27,36,36,39
387463207,205,47,0,14,13,14,6,0
387513120,202,20,0,3,6,6,5,0
387513384,206,49,0,10,12,17,10,0
387586260,201,19,0,3,6,5,5,0
419994778,789,149,8,7,35,39,32,28
422914426,626,207,14,21,46,53,38,35
423387084,801,273,19,20,67,58,53,56
423439467,767,167,10,19,28,26,35,49
423833748,611,237,14,24,57,55,47,40
441128066,781,118,12,9,28,19,29,21
445924091,207,56,0,15,15,14,12,0
627436,777,110,5,19,22,24,20,20
737546,750,164,8,19,40,33,32,32
1449640,666,34,5,2,9,10,5,3
1450518,695,207,18,16,45,47,42,39
9172417,842,134,12,11,28,22,33,28
11002748,847,296,20,27,77,61,48,63
13062255,736,160,7,15,35,29,32,42
13070701,740,262,18,22,61,56,50,55
13135572,740,75,5,6,13,17,17,17
13345143,735,169,16,13,48,38,28,26
14091704,628,49,1,2,12,12,11,11
21729403,604,200,10,15,45,45,44,41
24450633,717,0,0,0,0,0,0,0
24586751,689,211,16,22,46,43,42,42
24606516,835,270,16,21,59,76,55,43
31118189,744,193,13,11,40,45,43,41
32543789,708,244,14,22,52,48,54,54
34107676,809,243,13,18,60,61,48,43
34145330,844,238,21,17,47,54,46,53
38589392,778,65,11,6,12,10,14,12
38686737,820,0,0,0,0,0,0,0
38687360,829,212,6,20,48,52,45,41
43533897,836,110,2,13,19,27,27,22
43712632,848,138,10,9,31,33,24,31
43846099,816,83,6,7,18,11,16,25
43864479,814,150,11,22,25,29,28,35
55896456,788,220,13,17,54,50,46,40
56001210,818,149,10,19,30,34,25,31
59038877,205,21,0,5,7,5,4,0
59038880,205,13,0,2,3,6,2,0
59091000,206,5,0,0,2,3,0,0
67686223,835,260,12,36,55,54,43,60
67686556,828,207,18,21,45,46,40,37
67687692,815,240,8,23,59,55,48,47
67807856,772,127,12,8,30,25,23,29
67808952,834,248,15,22,54,58,58,41
71026173,828,286,20,30,63,63,61,49
71107089,795,169,10,17,39,45,28,30
77703308,665,125,10,12,28,18,23,34
77951245,709,0,0,0,0,0,0,0
78055054,710,11,1,0,3,3,3,1
92938279,799,108,9,7,25,19,24,24
92938280,801,155,11,12,28,37,29,38
93053299,778,233,12,16,56,47,45,57
115046240,779,220,11,21,61,46,45,36
117978580,803,179,8,24,37,31,41,38
121568625,805,27,2,2,4,6,8,5
139703005,743,68,3,4,17,19,10,15
139732428,741,64,4,5,10,16,18,11
140209204,672,102,5,8,20,22,17,30
143350469,806,158,7,9,33,52,32,25
146520491,784,185,8,14,34,51,40,38
146539195,756,0,0,0,0,0,0,0
146557531,767,198,9,24,44,33,33,55
150443185,400,64,3,6,15,18,14,8
151587650,647,370,26,30,83,85,72,74
152362660,741,253,17,24,54,60,48,50
161570793,627,52,4,2,12,13,8,13
165186801,594,139,5,13,33,29,30,29
167673754,663,292,26,24,70,61,52,59
169532369,823,23,3,5,4,1,3,7
169532543,804,243,15,22,51,47,44,64
178857934,745,160,11,12,32,41,39,25
178938437,741,64,5,6,17,17,8,11
188989177,796,46,6,7,10,7,9,7
213046690,798,189,10,18,41,45,42,33
213067604,787,214,10,21,49,47,37,50
219164808,556,53,4,3,13,13,11,9
219203188,579,101,9,10,25,24,19,14
229082842,835,128,7,7,28,32,34,20
231922417,588,143,15,15,27,29,30,27
231922739,604,58,4,5,15,14,13,7
238917338,577,120,9,6,21,28,28,28
242944454,202,53,0,7,12,15,19,0
242991317,204,0,0,0,0,0,0,0
244207973,827,297,19,29,63,54,61,71
244208023,836,225,12,19,47,47,47,53
244250449,866,171,8,16,36,37,37,37
248394273,838,204,9,16,53,47,44,35
248394276,838,0,0,0,0,0,0,0
248399337,812,361,19,27,76,82,77,80
248410138,795,249,12,18,61,62,41,55
250195155,828,60,4,8,14,18,8,8
262412046,833,161,15,10,40,36,32,28
262434790,440,71,4,6,17,15,16,13
262465161,865,223,10,17,51,53,37,55
269077015,698,136,9,11,32,29,20,35
269078565,825,131,8,10,31,34,26,22
294206429,431,0,0,0,0,0,0,0
303682287,203,75,0,15,23,23,14,0
311183180,185,3,0,0,1,2,0,0
316916655,811,0,0,0,0,0,0,0
345451479,205,33,0,1,12,13,7,0
373414766,217,58,0,12,18,17,11,0
374828411,603,141,5,10,31,31,28,36
396934949,336,0,0,0,0,0,0,0
396953669,353,89,5,10,13,22,25,14
396954096,707,372,20,24,75,87,77,89
397048159,199,39,0,8,9,13,9,0
399814051,212,64,0,10,22,24,8,0
401925979,817,131,14,12,37,20,20,28
401928563,815,312,28,28,64,67,56,69
404854539,276,87,7,13,16,18,18,15
408256672,757,65,6,5,17,11,12,14
420962954,749,292,17,26,67,67,55,60
436592342,215,10,0,0,3,5,2,0
436660156,213,53,0,5,21,17,10,0
445932196,201,24,0,8,6,6,4,0
450089997,199,41,0,9,13,11,8,0
450104319,222,28,0,8,8,4,8,0
450109281,194,31,0,5,8,10,8,0
452786194,843,158,11,14,30,33,37,33
453831755,187,85,0,14,20,31,20,0
454190342,874,74,1,5,15,15,20,18
454222105,823,232,19,23,55,40,44,51
455064763,729,240,16,17,47,53,53,54
457173024,635,173,7,12,41,49,30,34
464806209,176,16,0,4,6,3,3,0
4254645,823,0,0,0,0,0,0,0
7418947,561,80,5,7,19,20,17,12
33521996,812,23,0,5,5,4,5,4
34082428,832,54,3,6,16,11,7,11
36352297,260,14,1,2,3,4,1,3
46313508,842,159,10,8,38,31,28,44
47911178,796,29,4,4,5,5,6,5
49547177,731,195,12,9,43,56,40,35
49671442,763,0,0,0,0,0,0,0
50743469,463,139,6,11,30,36,26,30
50897998,417,140,11,14,36,33,24,22
52280468,699,50,3,5,11,11,7,13
53603189,792,146,12,11,30,34,29,30
53900480,502,0,0,0,0,0,0,0
61351519,257,85,3,16,19,26,10,11
66563761,378,28,3,5,6,2,3,9
78740218,337,0,0,0,0,0,0,0
78817217,251,19,3,2,5,2,3,4
144700903,200,3,0,1,2,0,0,0
147314529,252,66,6,7,24,15,8,6
148274098,668,124,13,16,27,23,21,24
149603524,341,19,0,1,4,5,6,3
170102285,696,0,0,0,0,0,0,0
172464366,758,29,1,2,8,7,8,3
234840976,225,22,0,2,3,10,7,0
235385233,868,187,10,10,58,47,30,32
264540478,517,0,0,0,0,0,0,0
265614546,218,1,0,1,0,0,0,0
299903137,788,66,1,5,8,8,17,27
306362738,774,17,2,0,4,4,4,3
309908721,207,29,0,5,9,11,4,0
333247721,256,11,0,0,1,3,5,2
350618622,448,3,0,1,2,0,0,0
393414358,620,28,1,1,2,8,9,7
427348923,362,16,2,1,3,6,2,2
438490744,155,7,0,3,2,1,1,0
32008233,875,118,8,15,21,33,17,24
54637745,845,0,0,0,0,0,0,0
88977253,863,29,4,3,2,4,11,5
125267683,282,86,8,8,20,18,12,20
140661916,238,50,4,2,13,10,8,13
143669444,189,49,2,4,9,8,10,16
151267228,209,0,0,0,0,0,0,0
169168102,838,99,5,5,18,23,21,27
172193428,774,0,0,0,0,0,0,0
176874060,223,8,1,0,1,1,3,2
178168644,267,0,0,0,0,0,0,0
218795833,816,0,0,0,0,0,0,0
255586667,497,50,1,5,9,9,11,15
265015162,852,288,25,19,63,70,49,62
265139391,841,187,11,13,42,44,41,36
268772301,253,87,6,8,19,25,13,16
271799672,29,18,3,5,2,3,3,2
279481568,492,153,10,17,33,38,27,28
294396726,479,114,7,12,18,17,29,31
318937509,871,31,3,2,14,4,4,4
320536498,850,338,20,27,75,91,62,63
332202405,819,87,3,10,22,15,17,20
348538431,842,0,0,0,0,0,0,0
366622912,807,0,0,0,0,0,0,0
405034090,236,140,11,11,28,34,31,25
425206121,834,36,4,6,7,6,7,6
440777904,821,31,2,3,8,9,4,5
452955107,858,76,5,5,18,19,15,14
455206965,860,99,2,12,22,28,21,14
1003831,854,0,0,0,0,0,0,0
1103432,850,32,0,4,8,6,6,8
1230647,821,23,2,4,4,6,4,3
11748495,226,0,0,0,0,0,0,0
13349647,838,39,3,7,4,10,7,8
24733359,697,298,16,27,68,69,62,56
25156751,731,86,1,11,21,15,11,27
26273760,837,21,3,4,2,3,4,5
37435039,739,86,4,2,15,25,18,22
53292822,225,51,3,5,9,13,12,9
54957535,839,238,9,18,62,49,41,59
55727842,209,45,4,3,14,11,6,7
60657338,849,414,20,37,97,87,79,94
60658382,865,27,2,0,5,9,7,4
62573638,833,27,2,1,2,9,10,3
77630842,843,168,9,6,36,51,37,29
82362447,192,8,1,1,3,2,1,0
123222370,841,12,0,1,1,3,3,4
133105082,191,28,1,5,6,8,4,4
144804862,225,36,5,0,12,11,5,3
180730928,216,69,5,4,14,17,13,16
183469904,195,23,2,3,6,5,5,2
184176428,207,22,2,2,4,7,2,5
255682622,561,177,7,11,41,40,40,38
265353588,886,117,6,6,23,29,30,23
271924412,577,66,2,4,14,20,16,10
283308831,744,23,0,1,4,7,9,2
293605127,873,216,10,19,40,53,47,47
296780789,834,0,0,0,0,0,0,0
305536347,834,0,0,0,0,0,0,0
347448707,802,437,31,39,88,97,97,85
348759511,847,33,5,1,5,10,8,4
401309413,169,2,0,0,1,1,0,0
408310006,773,19,1,0,4,7,4,3
409900613,868,17,0,1,5,3,6,2
413162396,850,33,3,4,6,7,6,7
413248763,792,0,0,0,0,0,0,0
423275733,758,50,5,4,13,15,5,8
5506314,813,464,22,40,101,103,101,97
29684896,190,21,2,3,4,3,3,6
35516889,204,16,3,2,7,1,2,1
55092869,810,41,2,3,9,14,10,3
81604794,183,0,0,0,0,0,0,0
105802318,649,290,17,26,71,60,53,63
190390679,214,29,1,3,5,10,9,1
190990336,198,16,0,0,2,2,3,9
308050066,850,10,2,0,4,2,2,0
382631664,432,88,13,6,22,15,13,19
396902326,810,0,0,0,0,0,0,0
432168104,769,0,0,0,0,0,0,0
437242640,743,17,1,1,5,3,5,2
5969274,795,92,3,11,23,17,16,22
14614418,752,74,2,6,14,18,18,16
14679411,760,25,3,1,3,5,6,7
15445551,513,42,1,4,6,11,11,9
92995573,538,5,0,2,2,0,1,0
103683084,743,47,2,1,13,11,11,9
229679814,727,0,0,0,0,0,0,0
280206394,194,1,0,0,1,0,0,0
306900161,328,3,1,1,1,0,0,0
370960295,315,140,9,13,29,31,27,31
376339249,439,0,0,0,0,0,0,0
391051349,398,54,3,2,17,18,8,6
413376180,746,42,3,6,4,4,12,13
48184317,705,62,5,3,13,7,15,19
165725822,684,0,0,0,0,0,0,0
406336313,157,0,0,0,0,0,0,0
36594985,401,26,2,2,7,6,5,4
77468221,227,0,0,0,0,0,0,0
124369049,623,156,1,13,39,44,30,29
167570131,395,81,3,4,15,19,16,24
364107753,76,0,0,0,0,0,0,0
119159743,430,181,11,14,42,52,35,27
269450900,663,56,6,4,14,16,11,5
291572619,682,0,0,0,0,0,0,0
348770361,22,0,0,0,0,0,0,0
456517808,554,111,8,15,32,18,17,21
101220458,7,0,0,0,0,0,0,0
2234723,134,0,0,0,0,0,0,0
4247738,179,17,0,4,5,4,4,0
100100829,555,11,1,1,3,1,1,4
72588909,739,429,21,30,97,104,90,87
231048083,469,232,20,27,52,42,43,48
350716073,460,187,12,19,43,41,26,46
53842685,758,234,13,14,59,60,41,47
306578324,359,191,15,17,49,41,35,34
201796819,433,174,11,19,34,39,34,37
224283342,660,74,5,0,11,22,20,16
4206238,862,105,7,11,18,24,29,16
181463644,216,50,2,4,12,13,6,13
29983149,311,0,0,0,0,0,0,0
231826813,394,0,0,0,0,0,0,0
149837469,760,205,14,16,50,54,37,34
332517282,732,0,0,0,0,0,0,0
369639876,512,29,1,4,8,4,5,7
129781743,632,31,0,2,9,7,10,3
164776925,792,62,1,7,19,13,10,12
1129452,827,469,27,37,101,106,100,98
120585579,657,21,2,2,7,4,3,3
170729895,682,200,12,21,44,42,45,36
200282468,526,244,13,22,57,59,49,44
219423316,526,122,7,11,21,25,32,26
65479458,748,441,23,36,101,93,92,96
66646031,755,407,17,30,82,93,93,92
66668289,768,0,0,0,0,0,0,0
77031414,684,44,0,5,9,11,10,9
77044471,692,0,0,0,0,0,0,0
89502706,813,202,12,16,50,44,42,38
98777963,769,254,15,22,53,59,47,58
121714982,808,407,28,31,88,99,77,84
139419658,809,153,10,17,38,32,29,27
140288359,705,387,23,38,93,87,68,78
151516273,628,324,23,31,74,81,50,65
20072363,702,198,15,16,44,44,37,42
21442712,679,325,17,28,64,84,60,72
220397127,470,0,0,0,0,0,0,0
24588623,693,0,0,0,0,0,0,0
245950209,221,146,0,25,52,47,22,0
284703623,207,66,0,12,23,18,13,0
284863911,227,75,0,23,23,20,9,0
34236395,803,140,11,10,27,35,24,33
345482340,217,36,0,8,10,12,6,0
345535359,208,79,0,16,27,25,11,0
38021254,829,374,23,29,78,89,69,86
401946845,782,224,12,14,58,58,40,42
457172621,257,104,4,15,26,26,21,12
459971813,334,129,8,12,30,28,34,17
123625970,786,341,22,28,75,79,61,76
260370473,507,0,0,0,0,0,0,0
264594607,905,116,8,7,18,34,26,23
271550131,585,0,0,0,0,0,0,0
280110726,259,0,0,0,0,0,0,0
307379977,383,0,0,0,0,0,0,0
333620087,249,59,1,5,10,17,12,14
42827646,259,77,3,5,14,21,17,17
434395855,193,0,0,0,0,0,0,0
443171652,255,2,0,0,1,1,0,0
79635841,252,44,6,4,7,14,5,8
165493409,619,0,0,0,0,0,0,0
280278364,324,0,0,0,0,0,0,0
307490686,198,33,2,2,8,7,7,7
413395842,774,223,12,22,62,45,46,36
72229825,576,0,0,0,0,0,0,0
92902907,247,39,5,3,12,5,7,7
201601338,400,0,0,0,0,0,0,0
135088521,57,0,0,0,0,0,0,0
156380098,580,248,22,21,61,64,42,38
25155310,311,20,1,3,5,5,4,2
25375553,764,25,1,1,5,12,3,3
92352621,685,29,2,0,7,8,6,6
206609630,436,0,0,0,0,0,0,0
211380233,733,0,0,0,0,0,0,0
309791156,420,0,0,0,0,0,0,0
439366537,788,0,0,0,0,0,0,0
38846515,384,22,1,3,4,5,3,6
120610833,654,0,0,0,0,0,0,0
76923707,739,11,1,0,1,4,3,2
76989773,708,6,0,0,1,3,1,1
77044472,695,0,0,0,0,0,0,0
144440290,475,0,0,0,0,0,0,0
149010208,675,34,3,4,8,10,4,5
160148385,435,12,1,0,2,3,4,2
382474101,505,21,2,0,8,7,2,2
120896927,708,0,0,0,0,0,0,0
12862119,849,14,1,3,5,1,3,1
1129033,768,54,1,0,9,15,14,15
170634116,683,28,1,3,8,7,6,3
328350926,837,70,4,5,10,24,16,11
35857242,795,57,1,4,10,14,14,14
382391899,768,21,2,1,4,4,7,3
117979897,794,42,2,2,10,12,7,9
13021029,726,36,1,1,5,13,12,4
139704026,726,0,0,0,0,0,0,0
192826603,660,0,0,0,0,0,0,0
24400247,699,0,0,0,0,0,0,0
43647325,832,6,0,1,1,1,1,2
94986319,799,0,0,0,0,0,0,0
140346195,216,0,0,0,0,0,0,0
206856569,485,0,0,0,0,0,0,0
264679887,695,0,0,0,0,0,0,0
293689266,643,0,0,0,0,0,0,0
293689267,643,0,0,0,0,0,0,0
300932479,252,0,0,0,0,0,0,0
33742828,770,0,0,0,0,0,0,0
309792357,377,0,0,0,0,0,0,0
354518617,584,0,0,0,0,0,0,0
438212183,217,0,0,0,0,0,0,0
46627823,833,20,0,0,5,4,4,7
52449797,702,0,0,0,0,0,0,0
11046410,853,240,18,18,49,64,46,45
927579,839,0,0,0,0,0,0,0
2758565,770,227,10,16,51,55,44,51
19570530,843,0,0,0,0,0,0,0
25354620,771,0,0,0,0,0,0,0
31743416,320,54,3,8,11,10,14,8
31779608,272,20,1,1,1,6,7,4
31961007,355,19,2,2,5,3,3,4
32830028,760,0,0,0,0,0,0,0
34142502,520,126,4,6,26,34,28,28
38936062,309,20,1,0,4,5,4,6
39046291,304,17,1,1,2,3,5,5
41591173,388,0,0,0,0,0,0,0
49899799,839,28,2,1,5,8,8,4
53896096,754,193,12,22,48,46,31,34
53993965,766,21,0,2,4,3,5,7
55746262,412,135,11,9,33,33,26,23
66356824,681,0,0,0,0,0,0,0
70914192,787,46,1,0,10,13,11,11
75377304,831,263,17,15,56,67,58,50
77031413,684,56,3,6,12,12,8,15
79328890,560,49,1,4,9,12,11,12
79492099,504,24,4,4,5,0,3,8
92320552,672,0,0,0,0,0,0,0
92350408,695,5,1,0,1,2,0,1
92359850,780,37,0,2,6,13,8,8
99086567,265,94,9,5,20,27,16,17
99931724,244,21,1,4,3,5,5,3
100099031,540,0,0,0,0,0,0,0
100508429,712,0,0,0,0,0,0,0
101395259,805,0,0,0,0,0,0,0
115244268,647,39,4,6,7,9,7,6
117516791,610,3,1,1,1,0,0,0
118586896,644,61,6,5,12,16,11,11
119327278,644,69,8,7,17,14,13,10
120490566,685,50,2,13,8,11,4,12
124642273,275,0,0,0,0,0,0,0
139349813,610,10,0,0,1,3,2,4
139468902,589,139,15,16,30,27,25,26
140830390,271,6,1,0,3,2,0,0
142875987,678,0,0,0,0,0,0,0
143100813,38,9,0,0,1,3,4,1
143350972,800,0,0,0,0,0,0,0
143848624,199,7,0,0,2,4,1,0
144149848,561,0,0,0,0,0,0,0
144336221,600,14,2,0,2,3,3,4
147406559,608,6,0,2,2,1,1,0
148081648,648,0,0,0,0,0,0,0
148081650,648,0,0,0,0,0,0,0
150390189,342,25,1,2,6,5,3,8
151681127,659,17,0,0,3,2,3,9
153077619,607,352,27,29,78,72,76,70
159638876,647,54,6,6,13,14,9,6
166421485,521,4,0,0,0,1,1,2
166606391,524,15,1,0,6,6,0,2
167208380,328,6,0,2,2,1,0,1
169443390,708,0,0,0,0,0,0,0
176797815,714,38,2,1,3,10,10,12
177350401,218,5,0,0,0,2,2,1
179308939,287,56,2,6,11,7,9,21
179440289,361,0,0,0,0,0,0,0
201233610,374,9,1,3,2,0,2,1
206439308,825,21,0,2,5,6,5,3
206537129,795,0,0,0,0,0,0,0
206537272,801,175,5,16,37,48,39,30
207081058,613,4,0,0,2,2,0,0
207528978,310,0,0,0,0,0,0,0
209313886,736,42,5,6,5,10,10,6
218878052,705,0,0,0,0,0,0,0
220435095,408,0,0,0,0,0,0,0
229115650,545,0,0,0,0,0,0,0
229864787,785,0,0,0,0,0,0,0
231833204,295,41,2,1,9,10,8,11
233964642,357,0,0,0,0,0,0,0
234290005,408,40,5,4,10,12,8,1
238872494,33,0,0,0,0,0,0,0
253929719,698,21,2,4,8,3,1,3
260003467,465,28,0,2,5,7,7,7
260269456,512,12,3,2,2,2,3,0
260353841,504,85,2,5,16,19,25,18
261261490,23,0,0,0,0,0,0,0
262020326,60,5,1,2,1,1,0,0
262530873,578,40,3,6,8,9,6,8
263078716,10,0,0,0,0,0,0,0
270219706,773,87,9,4,14,23,19,18
270421262,736,48,2,7,10,8,6,15
271058763,181,33,2,3,9,6,7,6
271799457,31,3,2,0,0,0,0,1
273571987,27,2,0,0,0,0,0,2
277069829,24,0,0,0,0,0,0,0
277683130,400,2,0,0,0,1,1,0
278829112,639,155,9,10,38,33,31,34
279855551,360,2,1,0,0,0,1,0
280794372,272,16,2,0,6,3,3,2
281666783,444,5,1,0,4,0,0,0
290170195,788,0,0,0,0,0,0,0
291116020,661,4,0,0,1,1,0,2
293844307,847,323,18,33,66,66,62,78
300141210,360,129,9,15,29,30,25,21
306828113,307,32,6,4,6,10,5,1
307084982,294,10,1,1,1,1,2,4
307435285,198,22,0,2,6,6,5,3
309627556,389,0,0,0,0,0,0,0
314826949,271,14,0,3,3,4,3,1
320913313,485,38,0,4,6,10,7,11
325412896,32,6,1,1,0,1,1,2
327668243,347,0,0,0,0,0,0,0
348762908,24,2,0,1,1,0,0,0
358049707,392,29,0,3,10,8,7,1
364398410,367,40,2,2,5,13,11,7
369988687,363,12,0,0,1,4,5,2
373915220,310,23,3,1,6,4,3,6
381856446,440,4,0,0,0,0,2,2
389525208,647,0,0,0,0,0,0,0
394340319,22,0,0,0,0,0,0,0
409469477,254,0,0,0,0,0,0,0
410154584,89,3,0,0,0,1,2,0
421361060,596,0,0,0,0,0,0,0
441026718,767,0,0,0,0,0,0,0
441387582,680,43,2,4,12,14,7,4
1992266045,775,32,0,5,11,6,7,3
394596952,393,191,10,13,46,43,39,40
9070070,823,296,19,23,63,73,69,49
404460906,801,361,17,25,79,94,79,67
409942986,854,359,27,31,83,87,67,64
308018120,842,159,9,15,36,44,25,30
458259927,434,151,7,10,31,47,26,30
154664604,281,38,1,3,9,6,12,7
165618747,884,196,15,21,43,34,33,50
5205367,645,91,4,5,23,22,19,18
