91961,794,20,3,0,1,7,5,4
101462,760,20,1,2,9,5,1,2
120016,785,284,17,19,70,58,66,54
627436,787,100,9,6,24,22,21,18
737546,761,144,9,9,34,36,27,29
927579,884,0,0,0,0,0,0,0
1003831,889,0,0,0,0,0,0,0
1045298,844,195,16,17,46,38,34,44
1103432,884,26,0,0,4,8,7,7
1129033,851,61,4,6,13,13,12,13
1129452,838,441,32,39,95,92,97,86
1190662,874,0,0,0,0,0,0,0
1202347,791,71,7,6,21,17,9,11
1220444,759,186,18,20,43,39,30,36
1230647,851,21,1,2,5,6,4,3
1449640,736,35,0,4,7,12,10,2
1450518,751,209,14,18,53,44,36,44
1630438,831,377,26,34,85,88,77,67
1630690,832,417,34,33,89,103,83,75
2020964,840,0,0,0,0,0,0,0
2234723,156,0,0,0,0,0,0,0
2236015,114,7,0,2,2,1,2,0
2353789,804,37,1,1,5,10,9,11
2372579,750,121,4,6,17,35,32,27
2595273,112,7,0,1,1,3,2,0
2758565,777,211,14,18,43,42,50,44
3034524,175,21,0,2,6,9,4,0
3311888,20,1,0,1,0,0,0,0
3815360,827,0,0,0,0,0,0,0
3816260,850,35,3,4,11,8,5,4
3921749,868,31,0,3,4,7,7,10
4164713,49,25,0,6,7,7,5,0
4206238,921,118,10,12,26,19,26,25
4247738,229,20,0,4,5,7,4,0
4254645,910,0,0,0,0,0,0,0
4299830,232,0,0,0,0,0,0,0
4629065,868,37,2,2,9,11,7,6
4723156,860,11,3,0,2,0,1,5
4742129,872,48,4,6,11,11,9,7
5092088,571,37,4,2,7,10,6,8
5205367,705,84,2,12,21,19,18,12
5364915,840,36,3,3,8,8,8,6
5506314,892,517,37,58,106,119,111,86
5703872,308,10,3,2,2,1,1,1
5868998,823,42,1,6,11,5,6,13
5969274,835,70,1,4,17,18,11,19
5981829,797,162,9,17,43,34,27,32
6400274,599,92,5,12,22,19,16,18
6518047,824,139,5,8,32,34,26,34
6667908,513,19,0,2,4,5,5,3
7211118,853,172,10,15,35,35,29,48
7418947,571,76,8,5,12,17,19,15
7695666,656,25,1,5,4,5,5,5
7724421,694,224,15,14,49,48,50,48
8989778,893,110,10,9,18,26,25,22
9033144,814,16,3,3,3,2,5,0
9054370,877,74,5,5,15,15,13,21
9070070,885,286,18,23,66,76,48,55
9172417,872,168,17,15,38,34,28,36
9209932,834,0,0,0,0,0,0,0
9380768,830,115,10,6,32,28,16,23
9381557,800,111,12,10,30,24,17,18
9433212,830,11,1,2,3,2,1,2
9727392,827,24,2,1,7,8,5,1
9845586,897,75,3,8,20,12,22,10
9945183,855,181,17,15,32,39,34,44
10756751,827,197,15,11,44,47,40,40
10838695,845,146,10,11,34,30,29,32
11002748,861,313,22,32,71,62,66,60
11046410,851,220,15,14,47,42,42,60
11070365,893,129,6,13,30,25,24,31
11286209,237,36,3,6,7,10,10,0
11487334,739,98,4,9,21,23,17,24
11546041,761,126,12,9,25,28,27,25
11561667,767,0,0,0,0,0,0,0
11598102,734,162,8,14,38,32,36,34
11748495,222,0,0,0,0,0,0,0
11756637,282,7,0,1,2,2,1,1
12012992,754,52,1,4,15,18,7,7
12158853,279,23,1,6,8,6,1,1
12529950,854,29,4,2,7,5,5,6
12631605,852,0,0,0,0,0,0,0
12632044,866,224,13,18,47,51,41,54
12723924,813,0,0,0,0,0,0,0
12862119,902,11,0,4,0,3,1,3
13021029,802,49,3,2,6,10,14,14
13062255,781,155,15,12,29,29,29,41
13062697,778,0,0,0,0,0,0,0
13068361,771,241,13,17,44,53,54,60
13070701,814,294,20,27,69,55,59,64
13092260,763,6,0,1,2,3,0,0
13135572,783,60,7,4,14,14,10,11
13325340,766,206,11,10,45,51,46,43
13345143,774,173,16,17,44,42,22,32
13349647,870,56,2,7,11,14,11,11
13957444,707,51,3,2,8,8,16,14
14081980,637,60,2,5,11,15,13,14
14091704,705,36,3,2,9,10,9,3
14307980,898,161,13,11,46,34,25,32
14614418,788,83,7,3,19,15,17,22
14679411,808,15,1,3,1,3,5,2
14709809,562,57,2,6,17,14,7,11
14826027,895,0,0,0,0,0,0,0
15445546,477,32,0,5,6,6,6,9
15445551,477,32,1,4,5,7,8,7
16288184,828,0,0,0,0,0,0,0
18914916,895,0,0,0,0,0,0,0
18915591,868,89,8,8,26,22,12,13
19193162,911,67,6,11,20,10,11,9
19271382,424,20,0,0,1,3,4,12
19570530,858,0,0,0,0,0,0,0
20072363,725,197,22,23,37,38,40,37
20095466,699,71,3,6,20,14,13,15
20176492,721,178,8,15,34,46,40,35
21184505,858,0,0,0,0,0,0,0
21442712,662,324,15,25,75,80,69,60
21639186,624,43,2,6,14,12,7,2
21729403,666,204,14,16,38,38,56,42
21827849,625,76,9,7,17,15,14,14
22079739,783,61,6,3,10,9,14,19
22120766,819,100,7,6,25,25,17,20
22146154,817,13,0,0,4,7,2,0
22221233,781,125,10,14,26,31,22,22
22390773,565,22,2,3,6,4,2,5
22457438,795,80,8,9,15,19,12,17
22481474,812,90,10,7,26,19,19,9
22538139,659,36,2,4,8,12,4,6
22766107,776,29,1,3,5,6,7,7
22843856,160,7,0,2,1,2,2,0
22937402,612,0,0,0,0,0,0,0
23139612,886,199,13,18,44,49,37,38
23221002,867,90,7,9,12,21,22,19
23324827,717,15,0,0,4,4,4,3
23328912,699,24,3,1,7,3,7,3
23555025,761,0,0,0,0,0,0,0
23559851,718,114,4,9,23,25,23,30
24133365,244,10,2,2,2,1,1,2
24194061,229,29,0,2,4,12,9,2
24397947,709,0,0,0,0,0,0,0
24400247,765,0,0,0,0,0,0,0
24433067,745,126,5,15,29,29,24,24
24450633,766,0,0,0,0,0,0,0
24522770,860,47,2,3,14,5,10,13
24586751,749,181,9,18,47,39,35,33
24588623,749,0,0,0,0,0,0,0
24606516,831,269,11,27,62,63,50,56
24704862,326,10,1,2,4,1,2,0
24733359,746,307,24,31,65,70,57,60
24972851,730,53,3,6,11,9,10,14
25078120,312,124,11,13,30,25,26,19
25078924,379,47,3,5,11,11,8,9
25155310,294,16,0,1,4,5,2,4
25156751,755,74,6,5,10,11,15,27
25188036,258,12,1,2,2,4,3,0
25195864,300,63,5,10,10,13,14,11
25226885,830,63,2,4,14,13,18,12
25354620,787,0,0,0,0,0,0,0
25375553,774,24,2,2,3,3,1,13
25858367,795,60,2,13,10,10,15,10
26273760,844,15,1,2,6,3,2,1
26432264,26,9,0,3,4,1,1,0
26533207,10,0,0,0,0,0,0,0
27112021,2,0,0,0,0,0,0,0
27654882,881,66,4,7,14,16,11,14
28051929,813,42,5,5,12,10,7,3
28351918,2,0,0,0,0,0,0,0
29053989,209,11,0,0,1,5,5,0
29478974,808,35,1,1,11,10,5,7
29684896,163,19,0,2,2,6,5,4
29697290,212,0,0,0,0,0,0,0
29777922,281,53,7,5,16,6,6,13
29778064,288,78,4,2,19,21,15,17
29847695,859,58,4,2,13,14,12,13
29848012,876,281,17,23,70,61,57,53
29914747,669,196,16,14,39,38,47,42
29983149,311,0,0,0,0,0,0,0
30028394,820,339,24,27,79,72,67,70
30034081,297,0,0,0,0,0,0,0
30122338,195,29,3,6,9,4,5,2
30287190,739,58,6,4,18,12,12,6
30313682,369,43,3,3,8,9,12,8
30382918,621,111,6,9,24,30,23,19
30450412,646,0,0,0,0,0,0,0
30540538,668,51,2,3,10,8,12,16
30562668,209,26,2,5,5,7,5,2
30816076,732,15,2,1,1,1,4,6
30828562,208,6,0,1,0,3,2,0
30914235,794,43,1,4,10,6,8,14
30993392,676,74,7,7,21,19,8,12
31054255,834,21,1,4,3,3,8,2
31107108,385,75,5,7,17,15,14,17
31118189,769,188,13,16,33,41,40,45
31134762,745,10,0,0,1,1,3,5
31273263,304,0,0,0,0,0,0,0
31303242,814,58,1,5,18,12,8,14
31415131,289,63,5,4,18,11,11,14
31511621,341,0,0,0,0,0,0,0
31653503,343,54,3,2,12,14,14,9
31655792,342,55,4,7,11,10,12,11
31690845,773,0,0,0,0,0,0,0
31743416,349,56,0,9,10,14,11,12
31779608,290,32,3,2,6,4,4,13
31796120,292,19,2,0,6,2,2,7
31810287,181,7,0,1,3,1,2,0
31850842,351,39,3,3,7,5,7,14
31961007,318,15,1,0,3,5,2,4
32000625,273,38,3,5,10,7,6,7
32008233,945,112,10,9,24,31,15,23
32050581,308,8,0,2,1,2,1,2
32150630,291,38,2,1,13,10,4,8
32200310,800,57,3,5,9,13,13,14
32268776,772,70,4,1,20,15,14,16
32284829,723,253,17,17,48,57,49,65
32449963,844,40,3,8,11,6,4,8
32543789,772,233,16,23,54,54,45,41
32551761,847,379,23,39,79,86,76,76
32702481,790,32,2,5,6,5,8,6
32759110,821,10,0,0,3,2,2,3
32830028,799,0,0,0,0,0,0,0
32932888,274,114,12,25,24,26,18,9
32959497,772,13,0,4,3,2,3,1
33194538,273,24,0,3,9,5,4,3
33419790,790,118,11,14,26,21,20,26
33521996,843,17,0,0,2,5,4,6
33576348,804,158,7,16,34,46,29,26
33665328,766,111,8,12,22,29,23,17
33689349,824,68,5,3,13,18,10,19
33715938,248,0,0,0,0,0,0,0
33742428,726,270,15,25,76,67,46,41
33742828,775,0,0,0,0,0,0,0
33834253,248,56,3,4,17,14,11,7
33862174,37,8,2,1,2,1,0,2
33864821,278,49,4,2,13,13,9,8
33912852,787,90,10,7,18,13,17,25
34082428,865,49,4,1,18,10,11,5
34107676,841,265,10,24,66,60,56,49
34142502,536,145,8,10,27,34,34,32
34145330,887,220,17,17,53,49,40,44
34236395,780,115,9,7,18,29,35,17
35009375,856,117,4,4,22,28,21,38
35101462,882,50,6,8,9,7,11,9
35349987,170,2,1,1,0,0,0,0
35481236,264,61,4,13,12,9,12,11
35516889,204,15,4,4,0,4,3,0
35655828,186,3,0,1,1,0,1,0
35743561,887,172,14,15,33,36,30,44
35744583,833,0,0,0,0,0,0,0
35744707,851,86,3,9,18,24,14,18
35857242,884,27,2,1,3,8,9,4
36077464,181,104,9,20,22,20,23,10
36352297,272,23,0,1,5,6,7,4
36594985,610,47,1,14,15,9,6,2
36729364,900,308,22,23,65,73,63,62
36734222,883,0,0,0,0,0,0,0
36883123,864,206,14,18,42,47,54,31
37248140,271,0,0,0,0,0,0,0
37435039,768,70,1,4,19,24,15,7
37601240,797,230,18,18,51,51,46,46
37606218,786,43,1,3,10,6,7,16
37817410,890,117,7,8,28,31,25,18
38021254,809,411,24,34,90,86,80,97
38023570,785,30,1,4,7,11,4,3
38125059,817,0,0,0,0,0,0,0
38399380,835,76,10,4,15,17,22,8
38423705,377,64,6,1,10,17,21,9
38462522,375,0,0,0,0,0,0,0
38494096,745,68,1,12,11,19,17,8
38541473,865,17,1,3,4,3,3,3
38586438,429,22,1,0,3,5,8,5
38588414,832,57,3,6,16,14,13,5
38589392,873,89,4,5,32,18,15,15
38677487,872,29,1,0,5,7,7,9
38678931,397,7,0,1,1,3,0,2
38686737,857,0,0,0,0,0,0,0
38687360,875,236,18,23,56,51,46,42
38699825,450,99,6,7,18,23,20,25
38707340,448,139,14,14,29,22,24,36
38846515,393,12,2,4,1,3,1,1
38936062,320,21,1,2,7,6,2,3
38937499,317,11,1,0,2,3,2,3
39018208,324,15,0,1,4,3,4,3
39046291,313,17,2,1,5,4,1,4
39818458,277,5,1,1,1,1,1,0
40534599,837,95,10,10,27,18,20,10
41170667,369,150,4,7,30,42,39,28
41561453,163,42,2,4,10,12,6,8
41591173,347,0,0,0,0,0,0,0
41865879,683,129,3,12,30,33,28,23
41896812,709,76,12,5,13,14,14,18
42827646,280,92,5,25,23,15,13,11
42828781,281,28,2,3,3,8,7,5
42991745,286,60,7,13,9,11,12,8
43398254,767,156,9,18,32,28,40,29
43533897,841,111,5,11,19,27,21,28
43647325,876,15,3,0,0,5,3,4
43648757,895,44,5,1,10,11,9,8
43712632,877,133,6,9,32,32,23,31
43846099,850,87,5,5,23,26,17,11
43864479,851,134,12,10,35,30,21,26
44623916,671,215,14,25,40,51,45,40
44737596,795,20,2,2,8,4,3,1
44790502,760,331,25,22,75,75,75,59
44797681,770,393,32,38,84,80,84,75
44890224,808,0,0,0,0,0,0,0
44988465,708,0,0,0,0,0,0,0
45599777,721,9,0,0,1,4,3,1
46313508,821,141,11,9,27,29,24,41
46627823,869,36,3,4,10,9,7,3
46908113,887,49,3,3,12,15,11,5
47175622,880,99,4,10,22,23,20,20
47309500,129,25,2,3,6,5,5,4
47352608,858,272,20,20,54,62,53,63
47380518,896,160,12,15,41,36,27,29
47402214,648,0,0,0,0,0,0,0
47831368,674,214,18,12,58,51,43,32
47911178,814,31,3,3,6,5,7,7
48063032,733,0,0,0,0,0,0,0
48063034,737,0,0,0,0,0,0,0
48184317,767,69,14,7,10,15,8,15
48227278,763,36,1,1,14,16,3,1
48227288,763,78,7,5,16,13,17,20
48318875,754,214,13,21,50,55,30,45
48335665,765,37,5,3,10,9,7,3
48372732,726,143,12,10,33,34,28,26
48476907,732,15,0,1,2,3,2,7
48658291,785,88,5,4,16,27,17,19
48880872,843,39,4,4,10,8,5,8
49003142,715,0,0,0,0,0,0,0
49175300,786,385,30,31,77,79,86,82
49418981,872,60,5,5,16,14,11,9
49534600,531,35,2,2,4,6,8,13
49547177,748,212,22,17,49,40,37,47
49558810,684,21,2,6,0,3,5,5
49671442,799,0,0,0,0,0,0,0
49677785,824,0,0,0,0,0,0,0
49701947,797,18,1,3,5,2,2,5
49735506,869,337,27,32,72,83,57,66
49799894,835,445,37,44,102,98,86,78
49899799,869,24,2,3,6,3,6,4
50273697,250,124,12,14,29,29,18,22
50380257,278,18,0,1,5,6,4,2
50528312,766,46,6,4,6,7,14,9
50743469,519,121,8,19,27,25,21,21
50758245,903,84,9,5,15,20,22,13
50897998,438,108,4,12,26,26,17,23
51104846,867,77,6,8,20,12,17,14
51155192,445,80,9,9,13,13,19,17
51288359,619,116,8,32,29,25,17,5
51325134,855,83,4,10,19,20,17,13
51912829,343,51,6,4,17,5,4,15
51947865,824,0,0,0,0,0,0,0
52079677,337,9,0,2,1,2,2,2
52276229,739,17,1,0,4,2,0,10
52280468,736,54,5,6,9,10,7,17
52368472,302,77,10,4,14,17,21,11
52449797,782,0,0,0,0,0,0,0
52641430,782,20,3,2,6,2,3,4
52641431,782,41,7,1,11,7,7,8
52924466,768,0,0,0,0,0,0,0
53059882,748,18,1,2,6,5,0,4
53122807,725,0,0,0,0,0,0,0
53178352,843,110,4,11,31,31,17,16
53189332,882,0,0,0,0,0,0,0
53292822,201,45,6,11,9,11,5,3
53603189,835,150,10,16,37,38,26,23
53842685,788,247,22,14,53,61,53,44
53896096,800,171,17,11,39,39,37,28
53900480,542,0,0,0,0,0,0,0
53993965,778,27,1,2,6,3,6,9
53997651,735,28,3,3,4,7,4,7
54001270,757,99,7,8,24,25,22,13
54018297,853,211,14,16,40,55,46,40
54637745,880,0,0,0,0,0,0,0
54957535,858,234,14,17,51,61,46,45
55092869,850,46,3,4,13,11,7,8
55222619,869,21,0,1,5,6,6,3
55222620,869,18,2,3,5,3,1,4
55252407,243,0,0,0,0,0,0,0
55369219,429,19,1,3,5,2,4,4
55383975,341,0,0,0,0,0,0,0
55404385,338,28,2,1,5,8,6,6
55408994,235,7,0,0,0,0,3,4
55489734,271,19,2,2,5,4,4,2
55497281,450,14,1,1,1,3,4,4
55524055,384,24,3,4,6,3,2,6
55602946,392,35,2,2,14,7,1,9
55652785,389,87,2,8,19,19,15,24
55652896,398,5,0,0,1,2,1,1
55659311,411,8,0,1,1,3,3,0
55727842,219,49,5,10,7,11,12,4
55746262,460,151,13,12,33,39,31,23
55896456,853,209,8,16,45,53,49,38
55999432,868,0,0,0,0,0,0,0
56001210,838,153,14,9,32,33,31,34
56023695,236,57,8,15,16,8,6,4
56127811,876,60,8,4,20,13,7,8
56128191,884,38,1,4,13,8,6,6
56332484,223,0,0,0,0,0,0,0
56777828,644,313,20,29,55,75,60,74
57652994,790,74,7,8,17,19,14,9
58108085,229,35,0,6,12,11,6,0
58229181,225,0,0,0,0,0,0,0
58466459,806,29,1,1,4,8,9,6
58540876,232,33,0,6,10,10,7,0
59038877,244,19,0,5,4,6,4,0
59038880,244,15,0,4,7,3,1,0
59091000,220,8,0,1,1,3,3,0
59739922,218,47,0,8,15,16,8,0
59834339,223,3,0,1,2,0,0,0
60284401,862,98,9,7,31,26,11,14
60433558,764,105,6,29,30,18,14,8
60479151,837,123,7,12,28,27,32,17
60655023,872,107,8,9,36,18,13,23
60657338,854,433,34,34,101,109,76,79
60658382,856,32,3,5,7,8,5,4
60735803,724,21,4,2,3,7,2,3
60979860,859,63,3,9,18,8,9,16
60987622,242,113,0,22,28,38,25,0
61120063,791,363,19,30,77,90,69,78
61135882,609,12,0,2,4,3,1,2
61285257,653,223,13,21,49,50,46,44
61351519,276,73,6,14,13,22,7,11
61381436,583,33,4,4,9,6,6,4
61724376,615,76,8,9,17,23,12,7
61730680,624,173,13,20,33,41,33,33
61898904,609,15,1,0,4,4,4,2
62257830,202,24,0,3,7,11,3,0
62573638,862,29,3,3,4,9,9,1
62702862,193,84,0,19,23,27,15,0
62761513,911,104,8,9,24,25,21,17
62762261,709,25,3,4,9,4,1,4
63192395,643,125,7,9,27,28,26,28
63280198,742,272,17,15,69,67,54,50
63309085,236,137,1,27,36,42,27,4
63579446,533,39,1,2,10,8,8,10
63785934,738,118,10,8,20,23,33,24
63818344,758,158,9,13,36,37,34,29
63941711,816,125,8,6,24,34,33,20
64108432,839,54,0,3,10,14,15,12
64608449,781,114,8,12,24,25,22,23
64783257,228,13,2,2,3,1,2,3
65348716,814,162,8,15,36,37,38,28
65448527,801,181,12,12,37,42,34,44
65479458,774,437,34,41,100,90,78,94
66102144,888,77,0,2,18,23,17,17
66356824,730,0,0,0,0,0,0,0
66509654,254,5,0,1,2,2,0,0
66563761,431,44,4,4,5,6,8,17
66572840,830,69,8,3,15,14,14,15
66573768,824,94,1,13,19,18,24,19
66602813,484,54,1,2,11,16,10,14
66646031,822,449,45,42,96,94,92,80
66668289,849,0,0,0,0,0,0,0
66715008,866,192,10,20,54,37,32,39
67267845,227,33,3,8,8,6,5,3
67474119,723,107,4,7,28,34,19,15
67559369,750,25,2,2,4,3,6,8
67686223,885,256,21,16,56,62,46,55
67686556,828,218,13,19,58,45,44,39
67687692,857,254,16,25,63,61,44,45
67688552,813,100,6,8,19,20,22,25
67719432,863,136,14,12,30,29,26,25
67807856,818,130,11,12,29,28,23,27
67808952,889,319,28,40,69,64,71,47
67982365,245,17,3,5,2,4,3,0
69838619,818,147,6,11,40,31,28,31
69888530,835,69,5,5,20,15,13,11
69889494,842,292,22,24,65,52,60,69
69949079,816,68,6,5,15,15,17,10
70442570,698,57,3,4,15,15,12,8
70555928,727,116,8,10,27,27,29,15
70717462,706,0,0,0,0,0,0,0
70761941,556,49,3,7,12,15,5,7
70914192,815,70,8,6,22,13,13,8
71026173,820,292,26,29,64,60,51,62
71107089,841,172,9,16,42,36,41,28
71298511,727,181,11,18,42,43,39,28
71546916,727,22,3,1,5,7,4,2
72121778,647,46,4,1,15,15,6,5
72229825,648,0,0,0,0,0,0,0
72534221,831,41,4,0,5,7,10,15
72588909,745,432,22,40,107,100,85,78
72605231,704,0,0,0,0,0,0,0
72782654,257,9,0,0,0,4,4,1
73177813,663,49,4,7,16,12,7,3
73201833,742,92,7,5,26,22,15,17
73386477,733,132,12,18,31,28,22,21
73455146,604,125,8,11,29,33,27,17
73723286,683,0,0,0,0,0,0,0
73764693,689,0,0,0,0,0,0,0
73884611,64,4,0,0,1,2,1,0
74528318,205,13,3,3,1,1,2,3
74528791,202,27,3,5,9,3,4,3
74627376,188,32,3,8,7,8,5,1
75352949,857,0,0,0,0,0,0,0
75377304,887,339,23,31,77,89,63,56
75490265,714,17,4,2,4,3,3,1
75818403,173,73,3,14,16,20,16,4
75969405,698,70,3,12,15,12,10,18
76658755,732,22,2,2,7,5,4,2
76698707,780,150,9,16,27,31,24,43
76758733,507,43,6,3,11,7,8,8
76923707,714,11,0,0,1,5,3,2
76989773,735,17,0,0,2,6,6,3
77030554,739,59,6,5,19,10,7,12
77031413,699,51,3,4,9,10,10,15
77031414,701,56,2,9,12,7,10,16
77044471,692,0,0,0,0,0,0,0
77044472,688,0,0,0,0,0,0,0
77139245,865,149,10,9,38,38,29,25
77158150,672,82,5,7,16,15,20,19
77209028,682,83,6,9,19,16,19,14
77437462,743,0,0,0,0,0,0,0
77468221,219,0,0,0,0,0,0,0
77557473,822,166,16,13,35,39,29,34
77630842,867,139,10,11,30,32,27,29
77703308,716,142,12,12,31,40,24,23
77951245,775,0,0,0,0,0,0,0
78055054,739,18,1,1,2,2,4,8
78151317,843,118,4,9,28,37,24,16
78234838,924,85,5,9,20,20,16,15
78450017,309,17,0,3,2,2,3,7
78568736,400,10,1,3,1,2,1,2
78740218,398,0,0,0,0,0,0,0
78817217,263,12,1,3,3,3,2,0
79225651,496,52,2,5,18,10,5,12
79328890,559,40,3,2,11,12,3,9
79403459,555,161,11,10,37,40,38,25
79492099,572,39,4,4,4,11,11,5
79548760,577,24,3,3,3,4,8,3
79565128,549,118,6,9,22,33,32,16
79635841,257,34,3,4,7,10,9,1
80025900,191,23,3,5,4,5,5,1
80059889,653,56,4,4,14,16,11,7
80252615,647,89,8,11,21,20,18,11
80556181,272,30,3,7,7,8,5,0
80650858,217,43,3,5,6,9,13,7
80659292,213,0,0,0,0,0,0,0
81604794,173,0,0,0,0,0,0,0
81609273,181,0,0,0,0,0,0,0
81702112,545,62,6,11,20,12,10,3
82362447,180,14,1,4,3,3,2,1
82580956,170,10,1,2,1,2,2,2
83113607,824,50,2,7,10,11,6,14
83135408,869,178,13,17,36,36,37,39
83391903,760,25,2,3,7,5,5,3
83449549,830,43,1,3,5,10,13,11
83833793,779,157,13,16,39,37,21,31
83914837,819,149,8,4,23,29,34,51
83939434,756,261,13,26,57,60,54,51
85785338,186,18,0,6,5,6,1,0
86182628,895,0,0,0,0,0,0,0
86396382,247,28,0,5,9,8,6,0
87260967,606,111,6,11,26,20,21,27
88118399,882,338,23,25,61,74,76,79
88380001,780,22,1,0,5,7,6,3
88479623,774,118,3,10,28,33,19,25
88571421,790,30,1,4,9,9,4,3
88916475,882,29,1,3,6,8,5,6
88977253,861,13,0,4,1,2,4,2
89018905,602,76,6,8,15,17,18,12
89045042,731,3,0,0,0,1,1,1
89239251,758,228,13,21,49,52,53,40
89428764,701,170,13,14,46,37,29,31
89502706,805,230,13,17,42,54,44,60
89543393,808,180,14,12,35,41,40,38
89787749,133,0,0,0,0,0,0,0
89787778,136,35,1,6,6,10,10,2
90716944,665,6,0,0,1,2,1,2
90836525,159,59,4,8,16,13,10,8
90911675,612,69,4,8,15,15,16,11
90935391,214,1,0,0,0,1,0,0
91246422,639,102,5,5,20,19,22,31
91369561,655,110,9,10,20,26,26,19
91448148,631,156,13,13,37,40,27,26
91542943,738,25,1,0,3,7,11,3
91638523,663,86,5,9,23,22,17,10
92132775,806,18,3,2,5,2,2,4
92132777,806,39,1,1,6,8,12,11
92234970,844,267,19,22,60,58,52,56
92320552,725,0,0,0,0,0,0,0
92349924,695,13,0,1,2,5,4,1
92350408,744,19,2,2,6,8,1,0
92352621,757,40,3,2,4,4,9,18
92359850,835,43,2,2,10,11,9,9
92594505,726,1,0,0,1,0,0,0
92628706,696,11,2,1,2,4,2,0
92743594,141,11,2,3,3,1,1,1
92902907,253,32,2,2,7,7,7,7
92902951,249,92,8,6,21,21,22,14
92938279,807,108,4,12,18,22,35,17
92938280,806,156,11,18,35,39,25,28
92995573,613,5,0,1,2,2,0,0
93000166,631,43,3,5,13,7,5,10
93053299,809,219,12,18,51,52,44,42
93316328,118,34,2,8,7,9,8,0
93681365,894,0,0,0,0,0,0,0
93911780,177,0,0,0,0,0,0,0
93997745,173,91,9,16,20,21,17,8
94257578,261,39,3,7,9,7,5,8
94637805,569,136,9,16,31,28,33,19
94986319,843,0,0,0,0,0,0,0
95525589,826,66,5,4,8,13,22,14
95525590,826,66,6,3,15,15,12,15
95867802,843,196,15,14,55,45,33,34
96106862,894,33,0,3,7,10,9,4
96799506,747,53,6,5,12,13,8,9
97402522,724,30,1,6,9,5,6,3
97467902,780,62,3,9,10,7,8,25
97833468,691,158,13,16,31,31,27,40
97908039,780,163,11,15,35,38,37,27
98064760,655,21,0,0,3,6,6,6
98478039,708,0,0,0,0,0,0,0
98628827,858,0,0,0,0,0,0,0
98658304,813,0,0,0,0,0,0,0
98777963,798,263,17,25,58,56,56,51
98828631,822,253,13,29,57,61,47,46
98853987,781,126,12,5,31,32,25,21
98853990,770,123,3,6,22,31,32,29
99028319,776,6,1,2,1,1,1,0
99028324,774,16,0,1,3,1,5,6
99086567,256,111,11,21,19,23,21,16
99465976,804,226,13,16,45,61,51,40
99646802,806,91,10,7,21,19,18,16
99931724,252,22,2,5,5,1,4,5
100029948,666,45,2,5,10,11,7,10
100099031,557,0,0,0,0,0,0,0
100100827,560,29,2,3,7,7,7,3
100100829,562,13,2,1,4,1,4,1
100508429,756,0,0,0,0,0,0,0
100917608,694,80,3,3,9,23,23,19
100918213,689,58,4,5,9,14,14,12
101070833,653,191,14,17,41,44,37,38
101220458,10,0,0,0,0,0,0,0
101233501,570,45,2,2,11,14,8,8
101302325,75,5,0,0,0,3,2,0
101395259,798,0,0,0,0,0,0,0
101497151,748,95,5,6,23,25,21,15
101546875,15,0,0,0,0,0,0,0
101654574,546,6,1,0,3,0,0,2
101845679,601,48,5,5,11,8,10,9
102169275,693,22,1,3,6,6,4,2
102195674,655,21,0,2,4,6,4,5
102643159,762,268,12,61,68,62,51,14
102691227,652,48,5,7,15,13,6,2
102764828,655,0,0,0,0,0,0,0
102978235,658,34,3,4,10,9,6,2
103683084,742,33,3,3,8,6,5,8
103777040,744,177,9,14,36,47,39,32
105802318,687,290,20,22,58,68,59,63
105992935,712,0,0,0,0,0,0,0
106055469,701,0,0,0,0,0,0,0
106309554,666,117,8,9,28,29,22,21
106403786,640,50,1,5,10,9,12,13
106470229,680,17,4,2,4,5,1,1
107012110,631,0,0,0,0,0,0,0
107548305,747,368,20,28,88,77,74,81
111267340,628,94,7,9,15,24,19,20
112098034,754,42,2,2,9,10,8,11
112099606,779,50,4,2,16,11,7,10
112236473,201,7,0,3,3,0,0,1
112401201,773,226,19,17,56,55,47,32
113061684,729,406,28,43,80,82,80,93
113501026,756,0,0,0,0,0,0,0
113565705,713,255,16,21,64,66,53,35
113567527,714,25,0,0,8,8,4,5
114471605,831,16,0,1,1,6,6,2
114500611,825,152,11,9,29,40,27,36
114547549,234,59,3,10,14,14,10,8
114819301,830,16,2,2,3,3,4,2
115046240,842,230,19,12,56,51,48,44
115105140,698,212,15,26,43,45,39,44
115115136,627,25,0,0,3,6,6,10
115244268,683,42,5,3,5,11,12,6
115275539,661,0,0,0,0,0,0,0
115443990,614,205,16,17,53,45,37,37
115693377,598,10,1,0,2,5,2,0
115980439,208,0,0,0,0,0,0,0
116417661,710,82,5,10,18,19,15,15
116853937,166,23,0,5,7,6,5,0
117099990,225,22,0,8,8,3,3,0
117101700,173,18,0,4,7,5,2,0
117378874,52,11,0,1,2,3,5,0
117515123,575,159,8,11,42,37,28,33
117516791,650,2,1,0,1,0,0,0
117544915,669,112,8,10,25,25,22,22
117549840,483,65,4,4,11,14,15,17
117648603,863,144,12,14,39,27,24,28
117739806,730,30,3,4,5,4,3,11
117879940,841,71,4,5,15,19,13,15
117925262,828,86,3,3,21,23,24,12
117978580,874,263,17,21,64,62,45,54
117979897,843,53,5,3,12,4,14,15
118200081,494,101,7,7,27,18,22,20
118271395,507,172,9,12,42,36,36,37
118271404,503,178,12,15,43,39,31,38
118313102,161,12,2,3,3,1,1,2
118586896,663,63,6,1,13,9,12,22
118826280,673,68,5,6,8,20,15,14
119058688,846,0,0,0,0,0,0,0
119159743,460,182,11,13,31,37,42,48
119327278,705,84,4,6,22,20,16,16
119461266,256,31,3,9,8,6,5,0
120341889,471,81,9,5,16,20,18,13
120393264,474,133,9,18,23,31,28,24
120414806,371,65,4,3,15,15,13,15
120490566,659,58,5,12,11,10,9,11
120566395,678,0,0,0,0,0,0,0
120585579,703,11,2,0,1,4,3,1
120607386,674,256,26,22,53,57,53,45
120610833,670,0,0,0,0,0,0,0
120896927,756,0,0,0,0,0,0,0
120956236,812,250,13,18,60,53,51,55
121009628,825,75,7,3,13,16,20,16
121048789,809,77,6,10,22,13,13,13
121078334,807,92,3,14,26,15,13,21
121092386,780,142,9,14,31,37,30,21
121134517,832,181,7,16,44,49,21,44
121156576,832,65,1,4,11,16,13,20
121420805,617,145,7,9,30,34,29,36
121455954,659,60,0,15,20,10,13,2
121568625,854,52,4,2,11,11,12,12
121595243,791,55,3,2,14,12,8,16
121714982,840,443,32,38,97,96,83,97
122285268,685,151,6,8,35,40,30,32
122330743,158,35,5,6,6,7,7,4
122645363,646,51,4,14,12,8,10,3
123153249,489,111,3,8,29,28,22,21
123222370,902,24,4,2,12,3,3,0
123337161,714,80,6,4,17,24,15,14
123405765,739,35,1,3,9,12,6,4
123573766,870,9,0,2,1,0,5,1
123625970,795,386,24,37,86,94,73,72
123902605,811,63,4,11,25,11,5,7
124033255,855,0,0,0,0,0,0,0
124095230,732,0,0,0,0,0,0,0
124106762,273,17,0,3,7,5,1,1
124199788,273,5,0,1,1,0,2,1
124205037,736,59,5,11,10,17,8,8
124282575,732,57,7,6,15,9,8,12
124350360,177,0,0,0,0,0,0,0
124369049,635,160,7,35,38,34,35,11
124604724,802,107,5,13,21,28,23,17
124642273,253,0,0,0,0,0,0,0
124651221,258,0,0,0,0,0,0,0
124712813,274,30,3,7,5,3,6,6
124712820,274,9,0,4,2,1,0,2
124950413,282,5,0,1,1,3,0,0
125115082,604,81,4,20,22,16,13,6
125175122,894,88,0,2,10,22,21,33
125267683,298,109,11,21,19,24,24,10
125497512,272,78,9,18,21,13,9,8
125501325,274,15,1,2,3,6,3,0
125857387,600,122,4,32,27,28,23,8
125958765,605,339,9,77,80,73,74,26
126232983,218,4,0,1,1,2,0,0
126325291,199,43,0,6,10,20,7,0
126446153,238,49,2,10,12,10,10,5
126586580,252,35,3,10,9,6,5,2
126602778,585,124,10,13,29,22,18,32
126637765,659,275,17,24,61,65,49,59
126763885,548,22,5,1,5,6,4,1
126944775,653,109,5,7,31,31,19,16
126945917,629,201,13,17,48,53,37,33
127955334,689,16,3,1,4,1,4,3
128790976,598,16,0,1,2,5,3,5
128886984,623,171,15,19,41,36,29,31
128902999,245,0,0,0,0,0,0,0
129116176,529,60,0,5,20,14,13,8
129268651,247,6,2,0,1,0,1,2
129764561,703,163,10,12,36,34,34,37
129781743,671,43,6,5,8,8,5,11
129810365,667,77,5,7,16,15,20,14
129888462,662,189,9,19,42,37,42,40
130158361,227,19,0,3,4,7,5,0
130158363,227,25,0,5,7,7,6,0
130876312,219,37,3,7,9,6,6,6
131239334,716,115,8,12,22,20,28,25
131625230,167,0,0,0,0,0,0,0
132298139,175,0,0,0,0,0,0,0
132448273,212,0,0,0,0,0,0,0
133105082,202,28,4,5,6,8,5,0
133701671,160,10,2,1,4,3,0,0
134283998,606,153,10,12,32,39,31,29
134522557,226,11,2,2,1,3,3,0
135050395,682,9,0,0,0,4,2,3
135085261,805,89,7,9,15,18,17,23
135088521,72,0,0,0,0,0,0,0
135244338,699,353,25,38,76,63,70,81
137136194,136,2,0,1,1,0,0,0
138333980,91,0,0,0,0,0,0,0
138857475,534,11,0,1,2,2,2,4
139128537,582,51,2,4,13,12,11,9
139148071,679,213,14,21,51,53,40,34
139188326,577,123,8,13,27,22,31,22
139207681,638,147,10,13,30,31,23,40
139256217,613,46,5,5,14,10,9,3
139349813,652,9,1,3,1,1,1,2
139419658,817,163,12,18,33,30,31,39
139468902,612,169,11,15,35,40,29,39
139699256,584,82,6,4,17,19,18,18
139700621,527,49,4,6,14,11,7,7
139701741,813,112,10,9,29,34,18,12
139703005,846,80,2,4,17,21,18,18
139704026,806,0,0,0,0,0,0,0
139721086,567,34,2,2,8,8,7,7
139732428,811,67,3,6,12,18,18,10
139825840,542,79,6,7,17,15,13,21
139841210,557,65,5,3,16,15,11,15
140064648,180,119,9,23,22,33,28,4
140066660,182,87,8,20,19,19,18,3
140084919,181,108,11,22,19,27,22,7
140132301,192,93,7,19,18,25,17,7
140209204,721,116,8,10,30,26,18,24
140212820,713,100,7,10,24,25,18,16
140288359,725,397,29,37,85,94,78,74
140346195,241,0,0,0,0,0,0,0
140493525,744,255,22,19,71,56,48,39
140659978,266,14,0,1,3,4,2,4
140659980,266,16,1,0,5,5,1,4
140661916,255,60,2,9,15,13,14,7
140691463,232,18,1,2,7,4,4,0
140757590,295,44,3,5,10,8,5,13
140760434,237,0,0,0,0,0,0,0
140830390,268,6,0,1,1,1,2,1
141124793,239,6,0,1,1,0,1,3
141126559,273,105,9,10,20,23,20,23
141127435,276,152,14,12,34,34,27,31
141268467,206,18,0,4,5,5,3,1
141332108,844,83,4,6,28,21,11,13
141333573,147,14,0,1,3,3,3,4
141606986,257,13,2,3,4,1,0,3
141622065,250,41,4,1,9,7,12,8
141663326,604,8,0,0,1,2,2,3
141685465,278,24,1,2,0,5,9,7
141708335,162,3,0,0,0,2,0,1
141766191,284,138,8,13,25,29,29,34
141809359,269,10,1,1,3,3,1,1
141914317,282,58,4,2,11,18,10,13
141943694,209,5,0,2,3,0,0,0
141975903,216,58,8,4,14,11,9,12
141978095,178,4,1,1,1,1,0,0
142013583,311,139,5,15,28,26,32,33
142080812,264,73,5,16,19,14,7,12
142105299,270,0,0,0,0,0,0,0
142105466,265,102,3,8,24,29,20,18
142109430,129,37,2,5,8,9,7,6
142148228,231,7,0,0,2,1,3,1
142177867,603,51,2,2,10,13,10,14
142262969,718,28,3,1,10,7,3,4
142409400,260,15,4,2,1,2,3,3
142677613,260,25,3,6,3,7,5,1
142742998,910,55,3,2,8,16,16,10
142852841,742,17,1,1,2,4,7,2
142875987,679,0,0,0,0,0,0,0
142929481,642,92,15,8,28,25,12,4
143022688,2189,102,8,1,30,10,32,21
143100813,40,12,0,0,2,4,3,3
143117999,245,0,0,0,0,0,0,0
143171265,708,22,0,1,5,4,5,7
143234741,715,28,3,2,7,3,5,8
143318403,791,173,10,13,37,41,30,42
143350469,826,157,11,14,36,31,32,33
143350972,779,0,0,0,0,0,0,0
143669444,194,39,3,5,7,12,8,4
143848624,202,10,1,3,3,2,1,0
143924219,568,16,0,1,1,6,3,5
144000467,513,27,2,4,8,4,3,6
144149848,607,0,0,0,0,0,0,0
144167463,853,415,25,27,101,100,79,83
144194304,659,77,3,5,19,16,14,20
144336221,624,29,2,3,5,9,4,6
144440290,490,0,0,0,0,0,0,0
144462697,608,127,10,12,29,25,25,26
144539611,788,22,1,1,6,6,3,5
144598282,19933,2565,115,269,586,643,340,612
144695651,254,40,0,11,15,11,3,0
144700903,253,4,0,0,2,1,1,0
144804862,216,22,3,3,2,7,5,2
145116411,169,0,0,0,0,0,0,0
145586291,209,9,1,3,3,1,1,0
145762697,216,6,1,2,1,0,1,1
146039664,229,8,1,1,1,2,2,1
146344020,836,75,5,4,18,18,13,17
146439804,810,234,20,18,49,54,43,50
146520491,833,214,16,16,54,58,46,24
146522930,806,124,7,8,26,36,25,22
146530594,638,9,0,2,4,2,0,1
146539195,793,0,0,0,0,0,0,0
146557531,827,200,12,19,41,37,42,49
146559012,798,31,1,6,5,6,8,5
146559015,800,0,0,0,0,0,0,0
146597035,842,37,1,5,11,9,8,3
146601318,951,194,11,19,42,41,47,34
146601322,955,199,19,12,42,41,42,43
146637697,622,173,11,15,39,43,30,35
146688260,626,122,17,8,30,29,20,18
146712645,670,14,1,1,2,2,5,3
146761368,608,74,4,8,13,19,15,15
146879345,251,32,4,7,9,7,3,2
147026702,651,87,6,7,14,13,22,25
147083089,633,194,9,18,41,41,41,44
147102369,247,16,4,6,4,1,1,0
147131974,590,164,11,15,30,44,31,33
147185619,240,0,0,0,0,0,0,0
147201138,628,140,9,11,34,34,28,24
147214032,637,81,3,6,14,17,17,24
147314529,273,66,10,13,15,10,12,6
147406559,638,2,0,0,1,1,0,0
147975720,678,0,0,0,0,0,0,0
148081648,672,0,0,0,0,0,0,0
148081650,672,0,0,0,0,0,0,0
148158540,688,126,3,9,25,31,29,29
148274098,710,151,11,17,38,38,29,18
148544875,919,11,1,1,1,0,4,4
148611095,889,28,1,0,1,10,8,8
148612685,837,51,2,4,12,16,9,8
148920245,224,0,0,0,0,0,0,0
149010208,729,28,1,1,7,5,8,6
149030418,204,21,1,6,6,3,1,4
149160359,368,103,6,5,24,26,20,22
149319411,215,21,1,3,4,6,5,2
149438705,81,0,0,0,0,0,0,0
149470723,603,33,1,3,6,6,6,11
149473467,400,50,3,2,11,12,11,11
149573659,445,21,2,3,4,3,4,5
149603524,370,7,0,1,2,3,1,0
149629043,365,41,4,3,8,9,10,7
149837469,751,213,15,18,50,48,41,41
149861542,794,96,7,15,16,19,18,21
149976187,425,111,9,11,21,27,26,17
149990841,384,10,0,2,4,2,2,0
150031040,412,0,0,0,0,0,0,0
150101472,426,24,3,1,5,3,5,7
150101476,430,41,8,6,11,7,5,4
150101799,411,17,2,0,1,4,2,8
150187916,425,208,17,18,52,48,31,42
150282779,216,44,3,3,9,15,11,3
150284425,206,30,1,7,8,7,4,3
150300654,438,30,0,0,5,11,5,9
150357064,372,23,0,2,5,3,8,5
150361911,374,47,1,4,6,8,14,14
150390189,351,43,6,2,8,7,9,11
150442264,445,19,0,0,2,4,4,9
150443185,448,82,10,9,19,16,16,12
151267228,227,0,0,0,0,0,0,0
151300352,755,168,6,41,39,47,29,6
151516273,634,327,22,22,76,76,74,57
151587650,676,354,26,36,83,77,64,68
151681127,657,17,3,0,4,2,4,4
151826930,730,88,5,6,22,23,14,18
152147549,679,165,12,10,40,29,38,36
152223725,758,69,4,2,16,17,18,12
152362660,758,239,18,20,47,57,46,51
152377056,198,35,4,4,5,10,7,5
152507230,6973,663,33,82,132,108,146,162
152592870,619,222,13,15,44,54,42,54
152825521,658,153,10,7,41,40,27,28
152926069,677,221,21,16,59,53,29,43
153077619,621,328,22,23,79,77,58,69
153166843,789,105,4,9,16,20,31,25
153709888,643,44,2,4,10,10,8,10
153741139,601,23,0,0,3,6,7,7
153742549,619,41,3,3,4,9,12,10
153834085,673,20,6,3,6,1,3,1
154664604,256,32,3,4,5,5,5,10
155540827,799,73,5,8,18,12,15,15
155813907,370,31,2,1,5,9,6,8
155884449,833,0,0,0,0,0,0,0
155884454,833,77,5,9,22,18,14,9
155989956,531,0,0,0,0,0,0,0
156215585,836,173,8,16,31,40,40,38
156241056,256,28,0,8,10,7,3,0
156325724,345,19,1,0,3,5,6,4
156380098,651,285,19,31,79,55,37,64
156577475,231,0,0,0,0,0,0,0
156758188,707,147,12,11,31,30,33,30
157018051,344,11,0,0,3,4,2,2
157175641,760,191,14,15,40,50,40,32
157751050,616,29,3,6,11,3,4,2
157754133,835,53,6,6,13,11,8,9
157774304,861,11,1,1,4,2,2,1
157788279,872,243,20,18,45,71,56,33
158150633,674,48,1,4,11,12,8,12
158301961,590,18,3,1,6,4,2,2
158329676,712,62,5,6,14,15,6,16
158450472,687,31,2,2,7,10,5,5
158536052,547,23,0,4,6,5,5,3
158582801,557,0,0,0,0,0,0,0
158582802,557,42,4,2,8,8,11,9
158673914,669,112,9,6,21,27,23,26
158713903,719,99,6,11,15,19,28,20
158979332,703,246,13,15,55,49,54,60
159493588,708,175,13,15,38,42,34,33
159638876,683,74,9,7,19,15,13,11
159803421,734,68,4,15,15,17,12,5
159864583,641,30,3,2,8,6,3,8
159864610,635,28,1,4,6,6,8,3
159897979,690,39,4,2,8,13,9,3
159950145,735,60,8,3,15,13,9,12
159984211,680,0,0,0,0,0,0,0
160036449,623,149,10,14,38,34,27,26
160065970,654,89,6,6,24,18,17,18
160081043,665,184,11,14,47,39,36,37
160085375,471,115,4,10,26,25,19,31
160148385,441,12,1,0,3,1,2,5
160150808,623,122,7,6,28,26,27,28
160159932,694,245,19,22,56,59,42,47
160196709,570,137,10,9,22,38,24,34
160328766,779,15,0,2,2,1,1,9
160484494,671,53,2,6,11,10,12,12
160697480,674,53,3,3,13,13,7,14
161083755,583,190,6,13,49,42,46,34
161262226,575,129,7,10,21,30,36,25
161570793,648,47,3,4,10,12,7,11
161577376,612,12,0,1,3,4,3,1
161638713,618,39,4,2,10,8,6,9
161988269,781,133,2,27,41,28,26,9
162305237,651,310,24,28,72,57,61,68
162585265,554,165,17,15,43,43,30,17
162585282,558,125,7,13,29,29,17,30
163648025,564,53,2,8,12,13,8,10
164681172,775,54,3,5,13,12,13,8
164720673,803,241,16,24,46,56,49,50
164752991,821,0,0,0,0,0,0,0
164775666,799,70,3,4,20,16,13,14
164776925,818,67,5,6,13,16,10,17
165148663,638,0,0,0,0,0,0,0
165184400,676,0,0,0,0,0,0,0
165186801,621,140,12,15,35,32,22,24
165456443,685,19,0,0,3,3,6,7
165458777,670,192,16,17,39,42,38,40
165493409,699,0,0,0,0,0,0,0
165618747,915,217,10,13,57,46,46,45
165725822,690,0,0,0,0,0,0,0
165797593,47,5,0,3,1,1,0,0
166319733,719,176,10,10,39,37,37,43
166421485,568,1,0,1,0,0,0,0
166606391,582,15,0,3,2,3,1,6
166624433,658,73,7,4,14,12,17,19
166660531,709,143,13,12,32,30,29,27
166833457,723,0,0,0,0,0,0,0
166874908,736,122,10,15,30,24,24,19
167005326,329,0,0,0,0,0,0,0
167086201,338,29,3,3,7,7,4,5
167123437,350,53,5,5,8,11,15,9
167201539,346,0,0,0,0,0,0,0
167208380,376,1,1,0,0,0,0,0
167304040,344,24,1,4,4,7,5,3
167338355,314,63,3,5,14,18,13,10
167526485,430,19,1,3,5,5,3,2
167554898,427,20,0,2,2,6,8,2
167570131,407,64,5,4,16,16,13,10
167654878,439,205,10,13,43,47,47,45
167656297,472,33,2,3,6,6,8,8
167671107,676,19,2,2,2,6,4,3
167673218,676,74,5,4,11,16,18,20
167673754,673,303,23,31,65,69,57,58
167692429,399,19,1,3,1,5,5,4
167692491,386,203,11,17,42,47,46,40
167694820,416,30,1,2,4,8,9,6
167697604,448,9,2,1,3,3,0,0
167717848,665,77,10,4,27,22,11,3
167719897,392,202,14,9,42,45,44,48
167722431,464,181,11,7,32,43,42,46
167722708,477,4,0,1,1,0,0,2
167747439,698,34,3,2,7,5,5,12
167756615,698,34,3,3,3,6,7,12
167792080,417,0,0,0,0,0,0,0
167795859,451,14,0,1,4,3,0,6
167812449,446,6,0,0,1,3,1,1
167890109,382,53,3,6,16,12,9,7
167891342,411,112,8,9,22,22,27,24
167983141,803,11,2,4,2,1,0,2
168191566,281,32,3,4,6,6,7,6
168312820,765,8,2,2,4,0,0,0
168384614,773,158,10,7,40,39,33,29
168426455,297,33,3,5,6,8,6,5
168674931,763,222,14,17,48,49,52,42
168675489,712,238,15,22,56,55,46,44
168697816,706,118,5,11,25,27,24,26
168851294,742,279,23,24,61,50,54,67
169168102,852,117,8,12,22,22,25,28
169316288,787,0,0,0,0,0,0,0
169443390,783,0,0,0,0,0,0,0
169532369,866,24,0,2,5,7,5,5
169532543,857,251,16,19,58,52,47,59
169573910,760,236,18,24,52,53,51,38
169770571,906,67,3,3,14,27,12,8
170102285,642,0,0,0,0,0,0,0
170634116,734,28,1,4,11,7,0,5
170635351,715,34,5,4,8,7,9,1
170637811,712,181,12,15,40,36,34,44
170676440,706,213,15,13,49,54,43,39
170729895,728,222,17,16,40,48,45,56
170749770,768,28,2,2,6,9,4,5
171084337,217,16,0,3,4,4,5,0
172036040,233,32,0,7,9,11,5,0
172171873,202,34,0,10,10,9,5,0
172193428,799,0,0,0,0,0,0,0
172224309,30,5,0,2,3,0,0,0
172361463,808,10,1,3,1,0,2,3
172421004,218,110,0,23,34,33,20,0
172462064,779,4,0,0,1,1,1,1
172464366,771,36,2,7,8,8,8,3
172517058,218,14,0,1,5,5,3,0
172529744,13,2,0,0,0,1,1,0
172742334,803,25,2,0,11,7,2,3
172933154,117,2,0,0,0,1,1,0
173038281,799,11,0,1,2,1,2,5
173077938,399,35,3,5,7,6,3,11
173432542,208,0,0,0,0,0,0,0
173756330,236,40,5,8,6,9,10,2
173756896,242,17,1,2,3,5,3,3
175182754,216,20,1,4,3,5,4,3
175402069,893,63,10,7,15,9,13,9
175405906,655,167,5,13,38,45,38,28
175458611,721,173,16,14,36,40,32,35
175969976,878,89,8,2,18,13,21,27
176406202,278,34,2,4,5,10,10,3
176591772,283,0,0,0,0,0,0,0
176774858,808,0,0,0,0,0,0,0
176797815,698,26,3,1,5,7,6,4
176871438,224,18,0,0,1,6,8,3
176874060,280,4,1,1,0,0,1,1
176910080,862,44,3,1,8,7,15,10
176937887,887,176,8,14,33,40,41,40
176983267,380,191,12,17,47,40,31,44
177077475,287,0,0,0,0,0,0,0
177118177,342,0,0,0,0,0,0,0
177118376,338,149,9,9,34,30,23,44
177175199,247,28,3,3,4,5,3,10
177258700,297,47,4,4,14,8,10,7
177283727,275,3,0,0,0,0,2,1
177308817,279,0,0,0,0,0,0,0
177350401,261,0,0,0,0,0,0,0
177631209,201,20,1,3,6,5,3,2
177723489,266,0,0,0,0,0,0,0
177960771,910,80,1,3,13,18,18,27
178051504,277,49,0,9,8,10,12,10
178168644,259,0,0,0,0,0,0,0
178171080,767,43,4,4,9,11,8,7
178242590,843,73,7,10,17,15,10,14
178284729,772,12,0,0,3,2,3,4
178284730,772,15,0,2,5,2,3,3
178352046,774,0,0,0,0,0,0,0
178723395,659,21,1,1,5,6,4,4
178857934,822,145,12,13,33,39,30,18
178858648,740,38,1,5,5,8,11,8
178859380,671,78,3,6,24,11,16,18
178889597,696,53,4,6,9,15,10,9
178938417,774,0,0,0,0,0,0,0
178938437,772,86,5,5,21,22,13,20
178996712,757,33,1,1,3,7,13,8
179034615,779,0,0,0,0,0,0,0
179238861,854,183,12,18,44,39,33,37
179244391,289,21,2,2,5,4,6,2
179295564,794,43,0,0,9,16,9,9
179308939,286,66,3,6,13,18,14,12
179368346,726,63,7,7,7,14,11,17
179410793,710,76,3,11,21,17,12,12
179440289,348,0,0,0,0,0,0,0
179637488,292,0,0,0,0,0,0,0
179966966,661,246,18,23,49,49,60,47
179985566,680,47,2,4,11,10,11,9
180412528,129,5,1,0,1,1,2,0
180416826,211,2,0,0,1,1,0,0
180724703,649,194,14,9,41,44,40,46
180730928,210,55,3,14,12,12,11,3
180943676,631,10,0,1,1,3,4,1
181043970,292,69,3,7,11,13,14,21
181150051,634,43,1,5,8,16,10,3
181159386,642,21,3,1,6,5,4,2
181226974,697,33,2,5,9,7,6,4
181233908,218,29,1,2,9,6,4,7
181341926,665,148,11,12,35,38,26,26
181463644,221,45,2,8,12,13,5,5
181862539,861,55,3,1,7,19,18,7
182469311,240,9,0,1,2,3,2,1
182776916,233,40,4,6,6,11,10,3
182894226,676,204,18,16,45,47,36,42
183469904,214,19,0,0,4,8,3,4
183537458,717,154,5,10,36,37,27,39
183596242,682,142,12,15,27,33,23,32
183979262,282,11,1,1,5,4,0,0
184176428,205,47,2,8,10,12,11,4
185259483,842,91,7,10,20,20,18,16
185466937,804,316,17,24,76,63,62,74
185805011,309,56,4,5,13,14,10,10
185980914,218,57,6,10,10,10,11,10
186544053,236,0,0,0,0,0,0,0
187930369,805,36,0,1,11,13,6,5
188594653,877,199,10,13,41,43,42,50
188630094,815,107,13,10,29,25,14,16
188989177,851,54,3,5,16,12,8,10
189084771,160,0,0,0,0,0,0,0
189349514,777,0,0,0,0,0,0,0
189639080,768,35,2,2,7,12,8,4
190390679,201,33,5,6,6,6,7,3
190863171,519,92,1,24,28,17,19,3
190990336,220,14,0,1,3,2,2,6
191926695,215,31,4,8,6,8,4,1
192087959,222,20,3,3,2,7,4,1
192826603,672,0,0,0,0,0,0,0
192990023,759,198,13,16,43,50,35,41
193092806,758,55,1,5,14,10,11,14
193136669,791,175,15,16,36,35,41,32
193271278,786,42,2,5,11,10,9,5
193831684,735,55,3,13,11,17,9,2
196954401,753,69,3,8,17,16,12,13
197570458,710,6,0,1,2,1,1,1
197735761,653,151,9,11,28,36,35,32
197760286,736,0,0,0,0,0,0,0
197766143,464,102,3,9,21,22,22,25
197886566,448,57,5,7,12,14,11,8
197887879,448,0,0,0,0,0,0,0
197908268,464,60,3,4,8,11,14,20
197931263,527,64,6,4,14,11,17,12
197933923,535,120,7,12,26,29,21,25
198008281,535,94,6,9,21,23,14,21
198011271,517,49,3,7,13,7,8,11
198037741,496,84,8,10,26,14,7,19
198051336,442,143,6,10,18,38,41,30
198076334,458,103,8,8,24,27,17,19
200135791,500,18,1,0,6,5,1,5
200282468,567,329,22,30,81,72,61,63
200297691,624,105,8,12,23,17,23,22
200363295,598,43,6,5,7,6,12,7
200440175,646,46,4,4,13,8,5,12
200440270,646,63,3,9,19,14,6,12
200645730,605,180,14,14,36,45,43,28
201176965,490,95,6,10,22,16,15,26
201233610,439,2,0,0,0,0,1,1
201234926,245,0,0,0,0,0,0,0
201256771,475,65,2,5,18,15,14,11
201291281,473,127,6,12,23,29,29,28
201293780,498,83,5,4,25,24,12,13
201497357,777,101,7,7,16,26,20,25
201601338,399,0,0,0,0,0,0,0
201747686,440,47,3,3,7,15,10,9
201776479,434,57,2,6,15,8,12,14
201796819,467,190,11,12,41,35,48,43
201924791,486,7,1,1,4,0,0,1
202445608,714,217,13,47,45,48,45,19
203387944,739,48,5,6,12,9,11,5
204325855,797,172,11,18,45,36,28,34
204327008,812,210,11,14,47,54,34,50
204497617,757,128,12,11,26,36,23,20
206439308,868,27,2,1,8,10,5,1
206462116,816,68,3,5,7,13,19,21
206468815,493,23,2,2,4,1,5,9
206508611,828,0,0,0,0,0,0,0
206537129,804,0,0,0,0,0,0,0
206537272,783,158,14,13,34,37,36,24
206539783,482,10,1,0,3,4,0,2
206544316,456,85,2,11,22,17,13,20
206556127,828,59,2,5,15,17,11,9
206609630,446,0,0,0,0,0,0,0
206856569,266,0,0,0,0,0,0,0
206912019,158,40,6,8,6,5,9,6
207004093,247,0,0,0,0,0,0,0
207080350,660,40,3,2,11,12,8,4
207081058,614,4,0,1,1,0,1,1
207085748,551,147,13,6,35,30,27,36
207091008,541,180,15,16,39,30,39,41
207174531,498,138,9,9,26,38,30,26
207200487,462,64,2,2,15,16,12,17
207511576,158,25,2,6,3,3,5,6
207528978,134,0,0,0,0,0,0,0
207693951,154,22,2,5,6,1,4,4
209313886,799,53,2,5,18,10,9,9
210636260,148,67,8,11,10,12,17,9
211116547,709,73,3,6,23,20,13,8
211170874,766,33,2,2,4,6,13,6
211215485,730,209,19,16,43,45,43,43
211380233,753,0,0,0,0,0,0,0
211412634,772,231,16,17,48,49,46,55
212344482,767,161,8,17,35,32,29,40
212377300,814,277,17,18,64,64,52,62
213046690,882,198,11,19,38,46,38,46
213047427,873,2,0,1,0,0,1,0
213067604,853,201,15,18,39,40,40,49
213514265,603,0,0,0,0,0,0,0
214198381,712,93,10,9,22,16,19,17
214299836,697,189,11,20,37,33,39,49
214299966,703,15,2,2,3,5,3,0
214517366,683,162,7,14,38,33,37,33
214716930,194,7,0,0,2,2,2,1
215258019,669,142,9,15,32,34,25,27
215336287,682,108,12,15,29,22,16,14
215403644,654,89,1,8,24,24,17,15
216190934,219,33,3,5,6,5,7,7
216728030,283,21,2,6,4,5,3,1
216995338,599,11,0,1,0,3,5,2
217059369,685,77,7,21,18,15,9,7
218795833,869,0,0,0,0,0,0,0
218821972,674,0,0,0,0,0,0,0
218878052,754,0,0,0,0,0,0,0
219145901,554,288,20,23,68,62,66,49
219164808,603,36,2,7,9,5,4,9
219173590,551,98,8,3,17,25,22,23
219176881,539,212,16,20,34,47,42,53
219187649,823,0,0,0,0,0,0,0
219201178,564,24,0,1,5,6,6,6
219203188,605,95,10,3,20,19,23,20
219222201,8732,1333,101,154,336,327,86,329
219238496,6309,609,57,64,149,149,40,150
219244444,797,0,0,0,0,0,0,0
219308281,504,109,8,8,26,20,23,24
219310882,820,56,4,3,9,5,13,22
219322317,507,3,1,1,1,0,0,0
219328400,529,116,10,7,31,31,20,17
219328784,502,173,13,15,34,35,41,35
219338651,409,98,4,13,24,15,19,23
219346326,570,153,10,15,35,25,32,36
219362976,555,18,2,2,4,3,2,5
219373406,518,153,17,15,44,33,23,21
219403686,583,60,9,3,16,11,8,13
219421171,571,26,1,3,4,9,5,4
219423316,550,140,11,11,40,30,22,26
219699532,808,209,24,23,54,41,36,31
219912046,158,22,1,6,5,5,4,1
219927211,566,29,0,4,10,7,2,6
219967673,512,32,1,1,8,6,8,8
219984354,508,97,5,5,24,24,26,13
219998089,556,24,2,3,7,5,3,4
220015845,534,27,3,3,11,4,3,3
220029715,775,12,0,0,4,2,1,5
220042007,634,175,10,16,40,42,35,32
220082557,254,25,0,5,6,8,6,0
220315592,225,12,0,0,1,6,5,0
220318793,296,11,0,2,3,1,4,1
220359766,156,0,0,0,0,0,0,0
220388567,474,42,5,1,9,9,5,13
220397127,511,0,0,0,0,0,0,0
220397947,468,34,2,1,5,6,9,11
220402290,495,79,7,5,16,18,15,18
220402294,491,152,6,9,22,35,30,50
220420534,456,98,7,6,25,25,18,17
220430912,467,104,9,5,25,24,23,18
220435095,484,0,0,0,0,0,0,0
220474209,442,72,5,11,23,17,8,8
220521199,397,134,7,5,26,31,32,33
220523550,385,9,0,1,2,3,3,0
220567625,363,7,0,2,3,1,0,1
220569051,457,58,4,2,13,14,9,16
222173967,119,10,3,2,2,1,2,0
222945452,689,111,0,25,25,30,27,4
224283342,670,83,7,7,15,16,13,25
228760807,751,145,14,9,36,33,28,25
229057817,711,83,10,6,19,17,12,19
229082842,864,114,10,11,34,22,20,17
229115650,543,0,0,0,0,0,0,0
229143092,561,278,17,17,72,62,59,51
229679814,747,0,0,0,0,0,0,0
229804573,459,114,10,13,30,23,18,20
229808144,280,14,0,1,2,1,2,8
229810745,272,61,7,8,10,13,15,8
229811538,812,0,0,0,0,0,0,0
229864787,840,0,0,0,0,0,0,0
229889119,842,77,2,3,17,18,16,21
231010756,470,37,4,2,9,8,7,7
231048083,460,222,10,14,55,47,47,49
231061733,465,123,10,15,28,25,19,26
231075361,374,177,16,9,37,39,36,40
231081369,383,0,0,0,0,0,0,0
231093356,253,23,3,3,8,5,2,2
231205049,234,0,0,0,0,0,0,0
231275247,548,21,2,3,7,4,3,2
231279823,506,0,0,0,0,0,0,0
231293332,570,36,0,3,4,10,9,10
231629787,438,199,8,17,47,44,45,38
231714759,447,59,3,4,11,13,14,14
231809798,550,62,9,6,12,8,15,12
231810776,539,28,1,1,8,6,5,7
231822771,597,82,5,9,22,13,13,20
231826813,406,0,0,0,0,0,0,0
231828370,416,0,0,0,0,0,0,0
231833061,309,4,0,0,0,1,1,2
231833204,333,56,2,6,12,9,14,13
231840927,318,2,0,0,1,0,1,0
231851620,374,44,4,4,8,12,9,7
231860752,450,53,4,4,14,11,10,10
231921891,647,99,10,15,22,20,15,17
231922417,667,177,16,16,40,35,30,40
231922739,678,51,3,3,9,14,12,10
231972938,639,24,1,0,8,8,4,3
231973885,603,132,4,8,25,25,29,41
232030067,627,25,1,3,6,4,4,7
232063593,419,179,11,14,39,35,35,45
232185093,258,4,0,0,0,2,2,0
233558430,610,9,1,3,2,1,2,0
233635280,69,17,0,2,5,7,3,0
233964642,414,0,0,0,0,0,0,0
234211934,286,38,2,11,8,7,7,3
234284556,433,177,13,12,37,36,39,40
234290005,417,27,3,0,7,6,6,5
234347951,267,9,1,1,5,0,0,2
234491752,429,117,8,6,29,27,19,28
234494090,425,27,0,1,5,8,8,5
234518605,391,19,2,1,2,4,6,4
234523599,378,8,0,1,3,2,0,2
234840976,269,39,0,9,6,12,12,0
234874474,295,43,1,12,14,6,7,3
234933888,266,13,0,2,2,3,6,0
235000060,418,96,5,7,20,22,20,22
235000061,418,88,7,7,22,18,18,16
235009317,432,4,0,0,1,3,0,0
235073057,628,0,0,0,0,0,0,0
235385233,757,150,7,13,43,33,28,26
237332597,432,22,0,2,3,5,7,5
237342298,562,34,1,3,4,6,7,13
237915523,441,98,6,11,20,23,21,17
237944385,614,7,1,2,0,1,1,2
238162238,559,54,4,9,16,8,8,9
238196979,240,6,0,1,2,2,1,0
238197709,235,0,0,0,0,0,0,0
238229705,183,0,0,0,0,0,0,0
238872494,72,7,1,0,1,3,2,0
238892775,272,137,4,9,30,32,28,34
238896417,590,28,2,2,3,7,7,7
238896431,594,39,3,4,8,13,8,3
238917338,584,128,10,14,32,24,18,30
239187696,173,30,0,6,7,7,10,0
239661117,8,0,0,0,0,0,0,0
239673325,14,0,0,0,0,0,0,0
240122720,137,20,0,2,6,5,7,0
240154683,84,16,0,1,3,8,4,0
240155327,30,5,0,1,2,1,1,0
240764987,882,53,2,4,11,11,16,9
241393039,859,255,12,21,54,53,61,54
241532550,363,18,0,5,4,0,3,6
241578867,861,191,13,15,57,44,31,31
242149417,668,192,12,14,47,47,27,45
242323067,632,45,4,4,9,10,10,8
242944454,251,63,0,12,12,20,19,0
242991317,232,0,0,0,0,0,0,0
243192504,580,39,5,6,7,6,6,9
243391162,628,235,19,18,57,57,40,44
243391171,630,291,13,25,68,65,60,60
243475355,686,131,7,7,28,30,32,27
243642384,617,121,10,10,26,36,26,13
243643549,667,159,7,11,33,32,34,42
243662768,675,75,4,6,16,18,17,14
244163413,869,99,6,7,19,21,19,27
244207973,883,299,16,25,60,78,68,52
244208023,902,249,24,16,56,55,48,50
244250449,837,187,17,20,39,39,38,34
244252435,845,16,3,1,2,5,3,2
245527958,607,347,13,90,80,81,67,16
245863693,229,40,0,8,14,12,6,0
245950209,234,140,0,26,44,45,25,0
246745789,618,339,29,38,76,70,57,69
247145147,612,4,0,2,2,0,0,0
248074315,673,22,4,2,9,5,1,1
248111238,624,25,0,1,6,4,7,7
248348545,855,171,7,10,35,40,38,41
248394273,873,216,15,17,51,47,47,39
248394276,873,0,0,0,0,0,0,0
248399337,855,414,28,30,90,89,86,91
248403190,872,182,17,17,41,33,32,42
248410138,826,246,16,17,59,55,44,55
250195155,804,75,7,4,24,18,9,13
250196734,870,32,1,3,4,8,9,7
250386181,845,23,2,3,3,5,8,2
250387838,848,26,1,1,8,7,6,3
251078096,849,271,16,19,68,67,43,58
251087387,862,45,2,4,8,9,9,13
251094451,808,0,0,0,0,0,0,0
251829135,705,55,4,2,16,8,15,10
251857120,661,174,10,16,32,44,33,39
251858265,707,69,4,5,19,12,10,19
253657883,660,47,7,6,7,8,14,5
253715855,703,57,2,5,15,14,11,10
253749178,701,97,4,10,21,29,17,16
253781040,674,369,33,32,73,77,71,83
253826623,708,36,1,3,9,7,6,10
253844234,693,35,2,3,9,10,6,5
253922296,730,33,0,2,2,9,12,8
253928535,760,66,4,2,16,14,13,17
253929719,741,30,2,1,7,5,4,11
254003502,689,219,13,15,46,48,48,49
254039358,678,58,5,6,11,13,13,10
254045302,680,29,3,3,6,6,6,5
254258206,714,63,4,4,13,15,17,10
254298146,792,137,13,6,32,37,31,18
255319384,176,0,0,0,0,0,0,0
255350388,165,0,0,0,0,0,0,0
255513991,208,76,4,14,14,20,16,8
255548311,585,7,0,0,0,2,2,3
255565860,582,24,3,2,2,5,6,6
255567460,549,12,1,2,2,2,1,4
255586667,560,74,4,7,17,22,12,12
255587619,556,0,0,0,0,0,0,0
255682622,577,165,8,17,32,34,32,42
255700967,553,29,2,3,4,6,9,5
255744818,548,0,0,0,0,0,0,0
256775514,680,73,4,8,18,13,17,13
257241363,218,5,0,1,1,1,2,0
257525627,773,229,18,18,44,49,46,54
257567854,797,30,4,5,6,7,7,1
257691369,500,0,0,0,0,0,0,0
257737073,13,0,0,0,0,0,0,0
258314976,632,72,5,8,18,16,10,15
258519658,679,251,18,15,54,61,53,50
258837989,569,60,4,5,12,14,14,11
258839862,621,55,2,3,15,13,9,13
259070502,258,74,8,16,9,15,18,8
259373684,506,0,0,0,0,0,0,0
259470701,600,20,1,1,9,5,3,1
259543079,537,2,0,0,0,1,1,0
259589049,528,26,1,4,4,5,8,4
259675295,563,48,1,2,11,9,11,14
259701720,593,132,7,11,30,40,32,12
259864042,331,116,7,13,33,24,17,22
259901124,287,109,12,9,24,21,21,22
260003467,480,22,1,1,6,6,5,3
260124760,213,37,1,7,12,8,4,5
260128333,439,9,1,1,4,1,0,2
260131665,494,152,13,12,40,41,30,16
260132330,519,13,1,2,3,0,0,7
260161144,492,59,4,3,12,7,13,20
260162199,502,104,5,9,20,25,20,25
260192157,482,42,1,4,7,12,14,4
260269456,504,10,3,1,4,1,0,1
260353841,509,79,8,5,20,15,17,14
260370454,536,116,11,8,21,20,27,29
260370473,539,0,0,0,0,0,0,0
260502102,410,16,0,1,2,4,5,4
260504147,560,20,2,3,8,5,1,1
260536927,430,0,0,0,0,0,0,0
260541250,492,131,10,8,30,33,19,31
260609205,477,27,3,2,7,5,7,3
260659986,448,23,2,2,2,4,6,7
260708271,466,189,16,18,43,37,41,34
260756218,362,0,0,0,0,0,0,0
261089147,18,3,0,0,1,1,1,0
261105201,68,17,2,1,4,6,2,2
261136311,46,6,0,1,1,1,2,1
261138857,23,0,0,0,0,0,0,0
261261490,25,0,0,0,0,0,0,0
261332760,35,1,0,0,0,0,1,0
261335113,18,0,0,0,0,0,0,0
261656371,14,0,0,0,0,0,0,0
261677352,133,45,6,10,10,6,7,6
261746657,22,5,0,2,1,1,1,0
262020326,48,6,0,0,1,2,2,1
262412046,909,175,12,18,42,36,23,44
262434790,425,74,8,12,13,17,16,8
262465161,910,204,10,17,44,56,46,31
262530873,633,50,5,3,10,9,13,10
262605041,860,23,2,2,5,4,5,5
262614966,401,202,14,20,50,44,29,45
262696097,898,94,6,12,24,16,11,25
262758522,857,0,0,0,0,0,0,0
262958558,65,11,0,2,1,1,2,5
263035184,691,59,3,9,16,10,19,2
263074592,8,0,0,0,0,0,0,0
263078276,53,5,0,0,0,1,1,3
263078716,17,2,0,0,0,1,1,0
263925187,778,99,6,20,25,20,21,7
264537668,261,0,0,0,0,0,0,0
264540478,520,0,0,0,0,0,0,0
264592553,520,15,3,1,4,4,3,0
264594193,886,106,10,10,26,22,16,22
264594607,914,103,8,13,20,17,21,24
264679887,690,0,0,0,0,0,0,0
265015162,880,296,21,24,61,56,59,75
265139391,900,202,9,13,52,53,40,35
265353588,883,81,7,9,26,14,9,16
265435357,43,32,3,3,5,9,6,6
265489698,395,41,4,1,9,8,11,8
265591866,387,85,4,7,19,20,18,17
265613590,504,16,1,1,5,6,3,0
265614546,285,3,1,0,0,1,1,0
266735682,821,210,7,17,48,48,40,50
266769521,797,109,9,12,18,23,22,25
266769522,796,123,8,11,26,33,28,17
266770712,816,207,18,15,44,40,38,52
266816672,817,80,6,7,18,18,20,11
266845051,156,71,0,9,16,20,14,12
266996791,475,115,4,11,28,24,21,27
267043786,319,39,2,4,7,9,12,5
267195931,677,23,1,3,4,6,9,0
267239205,203,55,3,10,7,12,12,11
268221892,223,71,0,13,20,23,15,0
268529943,809,0,0,0,0,0,0,0
268652258,838,75,5,7,23,14,17,9
268686000,829,207,16,18,51,41,30,51
268686130,837,237,19,17,40,61,57,43
268766053,814,19,2,1,6,2,3,5
268772301,293,79,8,19,17,14,13,8
269077015,717,187,17,16,44,41,33,36
269078565,903,157,11,8,45,43,23,27
269342892,152,22,1,2,5,6,7,1
269347089,110,30,5,5,6,5,6,3
269450900,684,51,2,5,10,11,11,12
269505148,857,124,7,9,34,39,21,14
269562415,163,50,6,12,9,7,11,5
269762258,14,3,0,0,1,0,1,1
269829384,793,0,0,0,0,0,0,0
269852699,14,2,0,0,0,1,1,0
270166263,782,7,0,2,2,1,1,1
270204401,59,3,0,0,1,0,1,1
270219706,790,79,4,4,16,26,14,15
270288280,741,384,17,28,80,79,90,90
270341486,17,0,0,0,0,0,0,0
270348090,776,26,2,1,8,9,3,3
270371961,502,52,3,4,13,12,13,7
270380593,850,0,0,0,0,0,0,0
270411008,729,12,2,1,3,3,1,2
270421262,769,76,4,10,19,16,13,14
270507305,38,0,0,0,0,0,0,0
270622440,660,116,7,15,16,15,25,38
270622446,673,124,8,13,25,25,33,20
270648838,824,31,2,3,8,5,4,9
270742379,187,53,5,6,6,12,16,8
271013213,844,130,2,4,26,35,32,31
271058763,188,40,2,7,10,10,7,4
271225404,750,68,3,5,8,11,17,24
271550131,578,0,0,0,0,0,0,0
271596290,57,0,0,0,0,0,0,0
271701447,170,43,3,5,9,12,9,5
271799457,25,1,1,0,0,0,0,0
271799672,33,17,2,3,4,2,2,4
271864083,820,0,0,0,0,0,0,0
271893367,33,0,0,0,0,0,0,0
271924412,598,54,4,10,12,11,9,8
271999940,31,7,2,1,0,0,0,4
272058503,363,23,0,1,5,7,6,4
272086869,37,3,0,0,0,0,1,2
272357134,36,0,0,0,0,0,0,0
272467271,43,2,0,0,1,1,0,0
273571987,43,0,0,0,0,0,0,0
273697554,30,0,0,0,0,0,0,0
273792220,425,32,0,3,8,9,7,5
274039311,860,0,0,0,0,0,0,0
274039489,906,42,3,4,7,10,9,9
274088422,861,258,15,25,58,50,53,57
275083922,166,0,0,0,0,0,0,0
275697259,614,76,8,4,11,14,17,22
276315375,748,94,3,11,24,25,14,17
276458481,678,0,0,0,0,0,0,0
276836579,19,2,0,0,0,0,0,2
276935987,331,64,4,4,16,10,15,15
276935996,336,92,5,5,17,25,22,18
277069829,12,0,0,0,0,0,0,0
277104322,364,162,20,19,36,32,30,25
277373390,748,150,11,16,29,24,28,42
277473207,151,6,1,1,1,1,2,0
277649549,451,9,1,0,1,2,2,3
277683130,429,1,0,0,0,0,0,1
277712294,893,25,1,1,7,9,6,1
278289141,22,0,0,0,0,0,0,0
278296621,20,0,0,0,0,0,0,0
278413303,12,5,1,1,0,0,0,3
278683641,454,39,2,1,3,8,12,13
278706358,637,31,4,4,9,3,3,8
278784173,686,14,2,2,1,2,2,5
278822321,437,192,9,12,38,52,46,35
278826516,545,10,0,0,0,3,3,4
278826996,550,14,1,1,2,4,4,2
278829112,667,162,10,11,41,43,32,25
278861826,474,70,4,5,10,20,15,16
278866211,576,8,0,0,1,0,1,6
278895603,580,86,9,7,20,18,17,15
278956474,481,17,0,1,2,5,5,4
278988794,466,23,2,1,4,4,4,8
279087522,539,52,3,2,11,12,11,13
279089927,465,234,18,22,51,49,45,49
279097963,878,46,5,3,14,12,8,4
279156705,503,162,14,12,41,34,32,29
279181220,863,0,0,0,0,0,0,0
279217728,484,48,3,6,7,11,13,8
279224984,876,109,6,9,29,26,17,22
279254042,646,133,13,10,30,21,28,31
279314488,630,97,9,5,20,16,20,27
279319810,493,14,2,3,5,2,1,1
279322914,482,0,0,0,0,0,0,0
279323519,438,40,2,2,9,10,7,10
279323859,452,74,6,9,18,19,13,9
279401848,828,61,3,4,11,11,17,15
279454212,835,22,1,3,5,8,4,1
279481568,501,175,10,10,43,48,31,33
279484342,840,252,15,21,53,62,40,61
279537689,836,0,0,0,0,0,0,0
279569707,493,60,3,6,13,16,9,13
279569718,494,33,2,3,4,6,8,10
279615979,478,124,13,12,27,27,27,18
279640088,277,42,2,5,9,12,10,4
279692257,205,18,2,5,2,4,3,2
279741942,404,19,0,2,6,4,4,3
279855551,386,2,0,0,0,2,0,0
279949020,447,6,0,1,1,2,2,0
279955276,356,37,2,4,4,6,10,11
280052690,158,0,0,0,0,0,0,0
280055342,213,51,5,8,2,11,13,12
280095254,233,0,0,0,0,0,0,0
280110726,279,0,0,0,0,0,0,0
280206394,178,1,0,0,0,1,0,0
280278364,169,0,0,0,0,0,0,0
280667311,128,71,6,14,18,14,12,7
280685089,6,0,0,0,0,0,0,0
280738935,165,31,1,11,6,5,6,2
280794372,289,22,2,0,9,9,1,1
280909668,17,1,0,0,0,0,0,1
281341249,259,58,2,9,10,8,16,13
281494100,465,61,2,4,11,14,12,18
281498280,497,58,3,10,12,10,13,10
281666783,473,5,0,0,1,2,1,1
281728276,487,34,0,1,11,10,5,7
281731203,885,0,0,0,0,0,0,0
281924357,31,0,0,0,0,0,0,0
282051803,34,2,0,0,0,2,0,0
282270717,263,39,1,7,10,10,6,5
283308831,786,22,2,4,5,5,3,3
283677584,223,10,0,1,2,4,3,0
283698250,786,42,1,3,7,10,13,8
284613090,864,29,2,4,6,5,4,8
284703623,224,78,0,17,22,25,14,0
284783117,146,11,0,2,3,4,2,0
284863911,252,96,0,18,33,26,19,0
284909275,257,6,0,4,2,0,0,0
286036831,890,539,37,46,112,120,114,110
286191384,790,118,10,13,23,19,20,33
286310830,853,48,1,5,13,12,4,13
286310836,841,52,5,7,11,11,8,10
286396160,892,0,0,0,0,0,0,0
287174076,924,215,8,16,46,55,41,49
287175225,896,247,17,25,64,55,39,47
287328866,444,37,4,3,5,4,8,13
287351976,36,8,2,0,2,2,0,2
287669537,593,141,9,16,33,23,25,35
287841093,628,11,0,1,4,1,2,3
288027491,44,2,0,0,0,0,0,2
289596375,875,52,3,4,13,13,10,9
289597948,883,48,5,7,13,9,8,6
289670788,840,73,4,7,13,10,15,24
289801742,852,173,12,15,39,41,33,33
290044434,812,0,0,0,0,0,0,0
290170195,805,0,0,0,0,0,0,0
290410988,8,0,0,0,0,0,0,0
290476605,874,0,0,0,0,0,0,0
290547036,13,8,0,0,0,2,3,3
291116020,632,11,1,1,1,1,3,4
291320884,466,101,8,9,24,29,15,16
291385340,220,5,0,1,1,2,1,0
291466214,560,37,4,4,9,3,6,11
291572619,719,0,0,0,0,0,0,0
291651765,107,20,3,6,6,3,2,0
292013448,624,54,3,3,9,10,8,21
292115251,929,78,7,8,20,8,12,23
292474331,83,44,6,6,8,6,8,10
293081694,792,42,4,4,6,7,12,9
293109489,786,119,11,9,28,28,25,18
293151358,344,94,4,10,23,22,13,22
293480903,21,0,0,0,0,0,0,0
293605127,875,230,13,23,43,54,49,48
293619461,551,161,12,15,36,43,32,23
293689266,651,0,0,0,0,0,0,0
293689267,651,0,0,0,0,0,0,0
293844307,891,361,19,26,63,85,79,89
294059372,99,29,5,3,7,3,6,5
294092960,489,16,2,1,3,3,3,4
294092966,485,23,3,3,4,6,5,2
294191640,614,35,1,5,9,7,7,6
294197236,313,27,2,5,8,9,3,0
294200378,357,60,1,5,9,16,19,10
294206429,458,0,0,0,0,0,0,0
294206967,491,19,1,0,5,4,4,5
294261093,92,15,0,4,3,3,2,3
294273900,480,166,15,20,35,40,27,29
294327312,491,72,6,5,11,13,21,16
294396726,511,123,9,17,26,23,23,25
294784522,279,99,5,11,17,27,26,13
295885511,93,14,0,2,3,5,3,1
296184440,286,22,2,4,5,7,4,0
296449358,164,89,10,18,23,20,13,5
296672022,125,9,1,0,0,2,2,4
296780789,872,1,0,0,0,0,0,1
297701617,205,0,0,0,0,0,0,0
298079609,182,53,6,9,10,14,8,6
298372701,181,8,1,1,4,1,0,1
298700310,207,34,2,5,7,8,6,6
299096773,859,66,6,5,16,16,13,10
299135660,835,57,3,3,13,11,11,16
299199358,879,30,1,5,8,6,3,7
299702740,185,35,4,13,9,4,4,1
299903137,823,49,3,4,10,7,6,19
299906906,771,33,3,5,7,5,8,5
300104749,135,6,1,1,2,1,1,0
300141210,378,120,8,10,18,21,34,29
300161053,184,0,0,0,0,0,0,0
300293197,362,0,0,0,0,0,0,0
300324638,392,68,2,5,17,15,13,16
300443831,300,108,6,10,19,27,28,18
300446210,387,0,0,0,0,0,0,0
300560295,357,5,0,0,1,2,2,0
300654002,299,93,6,6,22,22,24,13
300871545,215,18,2,1,2,8,4,1
300903537,753,15,1,1,2,1,4,6
300932479,275,0,0,0,0,0,0,0
300972613,618,91,3,2,29,21,16,20
301022235,595,145,15,13,32,29,32,24
301160638,351,53,2,7,12,10,11,11
301247295,337,0,0,0,0,0,0,0
301405723,899,255,20,17,51,55,59,53
301407485,878,176,13,19,45,39,32,28
301485937,250,20,0,4,3,7,6,0
301956407,284,26,1,0,2,6,10,7
301980639,756,11,1,1,3,0,1,5
302038263,279,36,4,2,10,6,5,9
302043038,178,14,1,2,4,4,3,0
302384263,860,7,1,1,2,1,0,2
302457456,831,237,16,14,46,56,49,56
302995864,294,44,3,3,10,11,7,10
303264387,629,64,3,8,14,15,14,10
303427297,146,6,0,0,1,3,2,0
303441920,241,117,12,10,29,24,21,21
303682287,216,93,0,16,29,33,15,0
303811839,148,3,0,1,0,0,1,1
303843296,404,240,14,16,48,55,54,53
303909865,178,19,1,2,5,3,2,6
304071827,393,12,1,1,0,4,3,3
304101379,269,122,7,14,34,26,26,15
304458680,109,24,1,5,3,6,4,5
305536347,849,0,0,0,0,0,0,0
305536358,850,129,12,12,29,31,16,29
305674644,451,225,13,18,62,58,41,33
305675525,461,201,15,21,51,42,36,36
306107122,453,52,3,9,13,11,4,12
306130391,109,14,1,2,3,5,3,0
306263608,224,0,0,0,0,0,0,0
306272819,455,50,4,10,14,9,7,6
306362738,844,13,1,0,2,3,5,2
306410072,135,30,3,6,4,5,6,6
306576384,391,14,2,0,2,3,2,5
306578324,381,147,13,10,36,29,27,32
306580215,349,9,3,1,2,0,2,1
306635088,352,6,0,0,0,1,4,1
306651396,282,31,2,7,3,6,8,5
306723230,418,26,3,4,8,4,4,3
306763456,293,0,0,0,0,0,0,0
306773020,328,32,2,3,7,7,8,5
306828113,339,40,4,2,11,11,7,5
306900161,370,10,1,2,3,3,1,0
306981513,420,47,5,5,11,11,9,6
306987941,405,98,10,10,18,20,22,18
307016006,241,44,0,8,13,15,8,0
307084982,339,4,0,1,2,1,0,0
307085577,358,0,0,0,0,0,0,0
307216760,313,88,5,10,20,23,14,16
307304908,255,25,2,7,7,4,3,2
307379977,238,0,0,0,0,0,0,0
307433122,165,0,0,0,0,0,0,0
307435285,174,21,2,1,9,5,0,4
307488085,370,76,6,7,17,16,16,14
307488184,358,14,0,1,2,4,5,2
307490686,174,34,1,5,12,10,2,4
307610438,686,0,0,0,0,0,0,0
307783750,74,34,2,5,4,7,9,7
307927495,323,6,0,0,1,1,1,3
307990280,329,202,19,17,41,37,36,52
308018120,861,154,6,16,34,37,32,29
308050066,856,14,0,2,5,4,2,1
308076113,863,83,3,12,13,21,13,21
308085294,318,0,0,0,0,0,0,0
308184924,281,27,2,2,6,7,5,5
308225941,708,63,0,2,9,17,21,14
308307606,412,0,0,0,0,0,0,0
308404140,385,181,9,20,39,38,37,38
308451526,452,51,3,5,13,10,10,10
308457026,397,245,18,28,60,55,41,43
308751185,394,209,12,17,46,58,39,37
308828048,245,79,8,16,15,14,15,11
308851582,392,21,1,3,1,4,4,8
308991822,369,16,2,6,3,2,2,1
309146836,428,27,3,3,6,6,5,4
309257814,402,0,0,0,0,0,0,0
309350921,16,0,0,0,0,0,0,0
309402205,340,26,3,2,3,6,7,5
309434176,14,2,0,0,0,1,1,0
309528896,149,16,2,2,2,4,4,2
309598681,821,131,6,12,30,30,26,27
309619055,372,8,0,0,0,4,4,0
309627556,399,0,0,0,0,0,0,0
309658221,401,23,1,2,9,5,3,3
309659126,401,100,7,7,22,19,20,25
309791156,473,0,0,0,0,0,0,0
309792357,397,0,0,0,0,0,0,0
309908721,253,58,0,8,16,21,13,0
310308203,356,98,6,12,18,26,25,11
310556491,108,17,4,2,4,4,1,2
311103813,35,5,1,1,1,0,1,1
311128363,241,37,0,7,10,11,9,0
311183180,231,0,0,0,0,0,0,0
311925584,369,4,0,1,0,1,1,1
312102715,106,40,3,8,9,10,8,2
312111256,900,0,0,0,0,0,0,0
312353805,234,8,0,1,2,3,2,0
312907176,84,0,0,0,0,0,0,0
313934040,573,162,11,11,40,40,30,30
314527844,166,20,1,1,3,7,7,1
314826949,282,16,0,1,3,5,4,3
315002523,795,0,0,0,0,0,0,0
315120782,816,76,6,7,13,18,16,16
316207527,608,36,0,12,11,6,7,0
316582319,685,187,13,21,49,35,34,35
316769815,750,50,3,4,12,11,8,12
316916655,817,0,0,0,0,0,0,0
316918055,841,76,5,5,15,14,16,21
317191077,850,66,8,6,13,18,9,12
317330474,855,6,0,0,0,2,3,1
317411334,586,35,2,3,6,8,4,12
317642317,110,8,0,4,2,0,2,0
318185328,860,106,7,10,20,31,19,19
318512022,117,0,0,0,0,0,0,0
318573150,878,73,12,10,18,16,9,8
318649597,14,4,1,0,2,0,1,0
318825030,157,3,0,0,1,1,1,0
318868129,912,265,17,29,54,48,46,71
318868368,921,0,0,0,0,0,0,0
318887874,872,193,13,12,36,41,42,49
318937509,913,24,1,3,4,4,4,8
318966048,853,200,13,18,37,41,45,46
318986273,135,27,2,6,5,5,6,3
319011894,900,35,2,3,7,10,4,9
319291434,839,295,24,24,66,66,56,59
319467578,560,33,3,1,7,8,5,9
319558164,555,15,0,1,3,2,2,7
319606464,506,44,5,4,9,10,5,11
319863494,536,19,1,3,4,3,3,5
319936228,117,10,0,0,0,2,3,5
319936861,115,27,2,4,4,8,5,4
320054835,489,14,1,2,4,2,2,3
320173862,429,38,2,5,6,6,11,8
320228013,118,0,0,0,0,0,0,0
320264006,456,10,1,1,4,2,1,1
320536498,936,338,20,32,80,83,60,63
320855910,128,10,1,2,3,0,1,3
320913313,499,13,0,0,2,3,5,3
321312438,136,9,0,2,2,1,3,1
321455348,125,9,1,2,2,1,1,2
321947833,125,8,2,2,1,2,1,0
322078735,128,10,2,3,0,3,2,0
322493523,762,102,9,9,32,27,13,12
322512913,757,81,10,3,14,14,20,20
322650462,762,138,12,9,27,31,24,35
322732889,854,203,16,19,28,41,49,50
322900369,254,0,0,0,0,0,0,0
323020176,248,7,1,2,1,1,1,1
323255579,150,21,0,5,4,6,5,1
323292655,29,6,0,2,2,0,0,2
323295967,622,0,0,0,0,0,0,0
323442776,8,0,0,0,0,0,0,0
323727556,20,1,0,0,1,0,0,0
323968843,18,0,0,0,0,0,0,0
324675819,134,7,0,2,1,0,1,3
325205605,253,26,2,2,4,6,6,6
325412896,31,8,1,0,1,1,3,2
325564366,6,0,0,0,0,0,0,0
326242641,814,188,18,19,34,38,40,39
326356701,774,212,11,18,40,46,52,45
327668243,327,0,0,0,0,0,0,0
327785134,20,4,1,1,1,1,0,0
327850372,747,0,0,0,0,0,0,0
327996089,748,46,0,4,11,11,12,8
328350926,884,94,5,3,20,23,17,26
331183881,359,19,1,2,7,2,2,5
332064670,154,0,0,0,0,0,0,0
332079835,847,0,0,0,0,0,0,0
332202405,877,84,5,6,27,19,15,12
332488398,753,63,1,4,19,11,16,12
332517282,726,0,0,0,0,0,0,0
332600127,132,11,0,2,1,3,3,2
332607409,127,3,0,1,1,1,0,0
332910947,9954,2982,138,323,756,665,508,592
332910986,5877,673,59,66,194,154,73,127
333127661,537,58,3,3,11,15,13,13
333247721,248,6,0,0,2,1,2,1
333620087,254,64,2,9,11,14,16,12
333642126,881,15,1,0,6,5,2,1
334886280,807,13,4,1,4,2,2,0
335499997,845,0,0,0,0,0,0,0
336767770,200,21,0,2,6,8,5,0
336778418,247,82,0,17,25,27,13,0
336931938,104,24,1,4,5,4,6,4
337370789,97,0,0,0,0,0,0,0
338104678,716,188,6,40,44,47,43,8
338465029,86,16,2,3,6,2,1,2
339185356,175,18,3,5,3,4,3,0
339540793,883,73,5,5,17,15,14,17
339566276,701,187,6,42,41,47,37,14
339568213,696,184,10,40,41,42,36,15
339607421,529,32,2,2,11,9,4,4
339666028,379,197,16,13,49,42,33,44
339752629,602,239,21,28,50,54,49,37
340100436,296,18,0,2,2,4,3,7
340110295,615,335,20,27,73,79,75,61
340135575,455,273,18,22,70,68,47,48
340704073,717,193,9,24,44,44,34,38
340782794,677,116,7,14,19,26,24,26
341029467,113,0,0,0,0,0,0,0
341193555,424,14,0,1,4,6,2,1
341258182,679,91,8,17,18,22,19,7
341309569,376,15,0,1,1,5,1,7
341550561,87,26,4,4,3,7,6,2
342025025,17,4,0,1,1,1,1,0
342694097,721,173,5,40,44,38,37,9
342782002,367,0,0,0,0,0,0,0
343285974,665,0,0,0,0,0,0,0
343757299,49,2,0,0,0,0,0,2
344031627,492,54,4,4,11,15,7,13
344175457,508,0,0,0,0,0,0,0
345170707,30,0,0,0,0,0,0,0
345451479,248,37,0,8,10,11,8,0
345482340,235,42,0,9,14,14,5,0
345535359,238,96,0,18,25,29,24,0
345835653,226,0,0,0,0,0,0,0
345899523,828,170,8,10,36,44,35,37
346429188,399,72,7,8,12,17,18,10
346541355,195,19,0,2,7,7,3,0
347329162,14,0,0,0,0,0,0,0
347448707,880,458,29,33,87,106,105,98
347506869,839,92,5,6,23,23,19,16
347545020,569,97,4,14,25,19,13,22
347545091,637,173,10,18,37,39,34,35
347552724,856,141,12,21,23,25,21,39
347752831,852,0,0,0,0,0,0,0
347809861,809,149,16,18,31,25,28,31
348538431,865,0,0,0,0,0,0,0
348555861,457,0,0,0,0,0,0,0
348717439,21,9,2,2,1,1,1,2
348759510,846,12,2,1,2,3,2,2
348759511,846,24,0,1,6,6,3,8
348762908,20,3,0,1,1,1,0,0
348770361,25,0,0,0,0,0,0,0
348897766,359,107,6,8,25,25,19,24
349059354,409,46,3,6,10,10,9,8
349154435,472,22,1,4,4,5,5,3
349156098,410,53,3,3,10,12,13,12
349294422,99,49,0,8,13,18,10,0
349308842,455,21,2,1,6,5,6,1
349480507,389,26,1,3,5,8,5,4
349480752,400,17,0,0,0,4,6,7
349483495,434,58,1,2,17,14,10,14
349484636,446,20,0,2,6,6,2,4
349518145,427,11,0,1,4,4,2,0
349519544,416,69,4,9,19,14,10,13
349521875,416,2,0,0,0,1,1,0
349642881,429,14,1,2,2,4,3,2
349643889,435,23,2,3,7,7,4,0
349762699,377,0,0,0,0,0,0,0
349763482,392,10,4,1,3,0,1,1
349790953,430,31,2,4,7,6,5,7
349797905,608,69,3,7,13,10,15,21
349832824,412,72,3,4,18,18,16,13
349835367,460,90,4,9,16,15,20,26
349907707,470,18,1,2,5,4,4,2
349911034,387,0,0,0,0,0,0,0
349970685,456,60,3,4,16,15,13,9
350025490,421,33,1,5,4,7,6,10
350030939,451,116,7,9,34,33,16,17
350141132,442,6,1,0,1,1,1,2
350190639,405,23,3,3,2,2,6,7
350297040,475,7,0,0,0,1,2,4
350298314,425,3,0,1,0,0,0,2
350443417,479,83,3,9,18,19,22,12
350445771,484,0,0,0,0,0,0,0
350478924,433,46,5,5,8,5,11,12
350479101,429,4,1,2,0,0,0,1
350480660,450,15,0,0,3,5,6,1
350518984,496,7,0,0,0,2,4,1
350618622,486,3,0,0,2,1,0,0
350622185,480,122,10,10,24,27,30,21
350716073,483,201,17,18,39,36,42,49
350743714,500,11,0,0,2,4,2,3
350954272,576,161,14,18,39,36,26,28
351336681,416,28,3,4,6,6,5,4
354518617,608,0,0,0,0,0,0,0
355151781,381,196,13,10,36,37,45,55
355152640,392,21,4,2,5,5,3,2
355152971,382,41,1,3,6,9,9,13
355357949,592,52,3,5,13,10,12,9
355544723,573,110,7,13,24,35,19,12
355601117,496,25,2,5,8,7,3,0
355601553,467,245,12,19,62,58,50,44
355635441,481,118,11,15,28,23,17,24
355651035,401,86,8,8,20,19,15,16
355703913,340,0,0,0,0,0,0,0
356524567,388,38,4,4,7,6,6,11
357040925,59,11,1,2,4,1,1,2
357512000,49,14,1,1,3,2,4,3
357662316,45,1,0,1,0,0,0,0
357713892,76,5,0,1,3,1,0,0
357911163,51,5,0,1,1,2,1,0
358022169,35,0,0,0,0,0,0,0
358049707,402,28,2,2,7,7,3,7
358108063,180,13,0,1,3,3,3,3
358111274,257,0,0,0,0,0,0,0
358232450,446,90,8,7,21,19,18,17
358335586,485,120,7,12,27,26,20,28
358457398,52,15,0,1,4,5,3,2
359308549,163,0,0,0,0,0,0,0
359618989,156,29,1,5,9,3,6,5
359767082,48,11,1,2,2,3,3,0
359987981,27,6,1,1,0,1,1,2
360205899,154,0,0,0,0,0,0,0
360571125,517,30,1,3,6,9,5,6
360824561,444,17,1,2,4,3,2,5
361388647,78,4,0,2,0,0,1,1
361993750,327,9,0,1,3,2,1,2
362043085,249,2,0,1,1,0,0,0
363149298,143,29,2,8,7,6,3,3
363326796,175,0,0,0,0,0,0,0
363847487,663,33,1,1,8,4,9,10
363885457,604,246,22,15,56,58,47,48
363933313,147,14,0,3,4,2,2,3
364107753,91,0,0,0,0,0,0,0
364200513,222,15,0,3,4,3,2,3
364302118,393,56,1,1,16,14,9,15
364325969,404,117,5,11,23,25,29,24
364392434,350,66,1,6,12,15,14,18
364395234,400,28,0,2,6,6,4,10
364398410,449,47,4,3,8,10,13,9
365059891,883,11,0,0,1,2,3,5
365069916,864,92,9,5,17,22,20,19
365070128,857,7,0,0,0,2,3,2
365070861,843,466,29,41,108,100,96,92
365089053,905,382,31,32,89,87,67,76
365198355,872,121,3,10,26,23,24,35
365203184,844,36,2,3,10,7,8,6
365301387,228,71,0,11,22,25,13,0
365366508,400,92,6,8,20,20,21,17
365570620,245,0,0,0,0,0,0,0
365694569,212,10,0,1,3,4,2,0
365717153,701,8,1,0,5,2,0,0
365956683,371,76,6,9,13,17,13,18
366622912,880,0,0,0,0,0,0,0
366786599,859,423,32,39,89,83,81,99
367106469,6,0,0,0,0,0,0,0
367448265,7,0,0,0,0,0,0,0
367683204,38,2,0,0,0,1,1,0
369218857,701,166,11,12,34,37,30,42
369362290,651,175,8,9,39,36,45,38
369370898,593,82,1,7,16,23,19,16
369506001,116,11,1,3,1,3,3,0
369586828,592,146,8,12,37,33,27,29
369639876,558,34,4,2,6,8,9,5
369988687,433,28,1,3,7,4,6,7
370085638,180,5,1,1,0,1,1,1
370101325,274,122,7,9,25,32,22,27
370101492,280,30,3,4,8,4,5,6
370134610,473,18,3,3,3,5,4,0
370676773,154,88,7,21,17,17,16,10
370678161,137,12,1,2,2,2,2,3
370960295,355,163,8,11,33,38,35,38
371108287,339,27,1,2,7,5,4,8
371165722,221,19,0,3,4,7,5,0
371839073,160,17,1,2,3,4,4,3
372816629,437,32,4,2,4,6,8,8
372909935,398,8,0,2,3,1,1,1
373364179,247,21,0,5,6,5,5,0
373414766,287,91,0,19,20,30,22,0
373844472,350,23,2,1,3,5,5,7
373915220,341,11,2,0,4,3,2,0
374366829,921,32,2,1,9,11,4,5
374447935,211,31,3,5,2,9,11,1
374828411,606,125,8,9,28,35,24,21
374859582,425,94,8,6,22,17,18,23
375477302,263,14,0,0,4,4,2,4
376339249,115,0,0,0,0,0,0,0
376915487,110,26,2,7,8,6,3,0
376923942,869,7,0,2,4,1,0,0
377060843,845,13,1,0,4,5,1,2
378885645,129,23,0,2,4,7,7,3
379783522,125,12,1,2,2,4,2,1
379806358,139,43,3,6,6,11,6,11
379865347,715,90,4,20,20,20,22,4
380117288,105,34,3,5,5,9,8,4
380127556,109,47,8,10,10,6,5,8
380618779,857,216,13,19,53,46,41,44
380618882,858,55,3,3,12,16,11,10
380645083,699,40,1,4,9,8,8,10
380659334,400,101,6,6,23,16,27,23
380783252,469,0,0,0,0,0,0,0
380822025,749,14,0,0,3,4,3,4
381167995,922,373,26,37,95,79,64,72
381854774,465,16,0,0,4,6,3,3
381856446,442,10,0,0,2,2,3,3
381857817,433,80,5,7,21,12,13,22
381948745,482,48,3,8,12,4,9,12
381979901,487,24,1,2,3,5,7,6
382028425,493,26,1,4,5,8,6,2
382067804,503,10,0,2,2,2,3,1
382069435,449,0,0,0,0,0,0,0
382069441,449,167,9,16,37,40,32,33
382188882,511,5,0,2,0,1,2,0
382266319,471,54,5,6,15,11,9,8
382308684,370,23,0,3,6,4,5,5
382312052,346,32,3,3,7,7,6,6
382323697,862,0,0,0,0,0,0,0
382391899,899,17,0,0,7,6,2,2
382425148,621,226,16,20,53,54,43,40
382474101,489,28,0,3,7,6,7,5
382512330,488,200,14,15,43,43,45,40
382517745,350,5,0,0,0,1,3,1
382631664,503,125,7,9,29,32,25,23
383427491,4,2,1,0,1,0,0,0
383858742,614,304,25,23,69,58,67,62
384031569,136,8,0,3,3,1,1,0
384534266,14,5,0,0,0,2,3,0
384742846,12,0,0,0,0,0,0,0
385231167,840,70,1,0,13,19,18,19
386166904,130,4,0,1,1,0,1,1
386262459,867,18,1,0,2,5,7,3
386431674,855,34,1,5,6,6,7,9
386437695,864,58,6,9,8,14,11,10
387107961,421,56,4,8,20,11,5,8
387178621,136,14,1,4,3,2,2,2
387463207,237,53,0,10,19,14,10,0
387513120,242,36,0,5,12,11,8,0
387513384,241,64,0,13,14,24,13,0
387544749,240,30,0,8,11,7,4,0
387586260,231,23,0,6,10,7,0,0
388086679,848,70,1,3,12,18,21,15
388128308,297,13,1,2,2,3,2,3
388129029,294,94,6,8,21,22,21,16
388179896,268,30,3,3,7,7,6,4
388203226,24,4,2,2,0,0,0,0
388244501,20,8,1,1,2,0,2,2
388843945,847,88,7,6,14,24,22,15
388940613,854,433,27,35,107,87,81,96
389070884,713,357,16,82,83,88,73,15
389476160,627,96,9,12,16,19,17,23
389510663,855,67,3,4,17,15,12,16
389525208,669,0,0,0,0,0,0,0
389658055,577,174,13,15,43,43,35,25
389667572,301,16,3,1,3,2,4,3
389669796,277,0,0,0,0,0,0,0
389726435,551,77,6,13,16,20,17,5
389728831,663,0,0,0,0,0,0,0
389754101,685,106,12,8,27,22,13,24
389754103,685,78,6,6,14,14,18,20
390549095,155,45,6,10,14,7,6,2
390554357,773,150,8,20,32,30,26,34
390632932,858,407,20,37,98,80,84,88
390651552,904,0,0,0,0,0,0,0
390996644,772,97,5,12,23,19,18,20
391051349,157,24,2,4,3,7,8,0
391550834,170,0,0,0,0,0,0,0
391643922,135,7,2,2,1,1,1,0
391902612,18,0,0,0,0,0,0,0
391906858,837,485,28,46,117,107,88,99
391927558,107,17,1,0,4,2,2,8
392113518,121,14,2,5,1,3,2,1
392909786,897,120,7,13,23,27,17,33
392963260,836,13,1,2,4,3,2,1
393344055,210,59,3,14,9,11,13,9
393414358,704,33,6,4,5,9,5,4
393491149,426,104,9,8,22,19,28,18
393639812,873,42,1,4,10,12,8,7
393672471,850,0,0,0,0,0,0,0
393803650,818,184,13,17,39,39,34,42
393837491,845,6,0,2,0,1,1,2
393943031,720,114,7,8,25,28,22,24
393978805,541,124,5,4,27,33,25,30
394006752,520,124,9,9,24,24,36,22
394099697,65,29,1,5,7,7,5,4
394230860,213,12,0,1,4,3,2,2
394272819,80,44,4,7,8,11,10,4
394340319,25,0,0,0,0,0,0,0
394452884,23,3,1,0,0,0,1,1
394508465,94,7,0,1,1,1,2,2
394585218,359,35,5,1,6,7,10,6
394596952,400,211,12,16,50,47,42,44
394657039,24,0,0,0,0,0,0,0
394657952,52,0,0,0,0,0,0,0
394699148,21,11,1,3,3,1,1,2
394728064,41,0,0,0,0,0,0,0
395429348,136,20,1,2,5,6,3,3
396004353,47,4,1,1,1,1,0,0
396170777,143,23,2,5,8,4,2,2
396215041,31,3,0,0,2,1,0,0
396655059,28,0,0,0,0,0,0,0
396720998,552,0,0,0,0,0,0,0
396721448,518,0,0,0,0,0,0,0
396902326,791,0,0,0,0,0,0,0
396903513,553,83,1,9,22,22,16,13
396934949,384,0,0,0,0,0,0,0
396953669,380,99,1,12,29,30,14,13
396954096,753,403,28,33,90,86,82,84
397048159,227,78,0,11,17,27,23,0
397361078,647,168,14,18,39,39,30,28
398221405,780,34,1,3,5,11,6,8
398363472,76,5,0,0,1,3,1,0
398673007,893,268,18,28,60,66,48,48
398763011,153,19,1,4,4,4,4,2
398850090,83,6,0,0,0,3,3,0
399144800,110,0,0,0,0,0,0,0
399181042,901,235,13,23,55,45,49,50
399253092,101,3,0,1,1,0,1,0
399421408,130,9,0,1,5,2,1,0
399423563,117,18,2,2,2,5,6,1
399577123,801,90,5,4,14,21,22,24
399664959,244,14,0,2,4,5,3,0
399729481,232,0,0,0,0,0,0,0
399814051,255,61,0,10,15,24,12,0
400445441,153,44,5,7,10,7,8,7
400525177,189,16,0,3,4,2,3,4
400621146,228,28,0,9,9,7,3,0
401227592,574,92,5,8,19,19,19,22
401309413,180,4,0,1,1,1,1,0
401606923,32,0,0,0,0,0,0,0
401626459,141,7,0,3,3,0,0,1
401869914,601,109,11,15,23,24,21,15
401889117,643,21,1,1,4,4,6,5
401925979,884,144,19,14,27,28,24,32
401926767,870,19,1,1,3,4,6,4
401928563,795,306,22,26,72,65,65,56
401946845,825,262,23,22,54,55,50,58
402065927,265,99,10,8,25,17,14,25
402107145,754,237,17,23,51,44,46,56
402112785,671,212,15,22,44,53,45,33
402130407,701,56,4,5,21,10,10,6
402319281,839,88,4,6,19,18,27,14
402324760,848,107,4,4,19,21,28,31
402339590,862,213,11,17,43,47,40,55
402447670,76,34,3,8,9,6,5,3
402918060,39,6,1,1,1,2,1,0
402918064,39,0,0,0,0,0,0,0
403136932,510,162,12,14,41,35,31,29
403153647,460,34,4,4,7,7,6,6
403757320,654,37,1,3,7,11,5,10
404123632,597,66,4,8,18,16,12,8
404144841,568,66,4,5,16,14,18,9
404156386,515,24,1,3,7,9,1,3
404460906,871,372,26,33,91,88,69,65
404477044,815,39,0,2,12,12,8,5
404804908,268,18,0,1,2,2,5,8
404854539,325,102,9,9,23,26,18,17
404927661,362,15,0,1,2,6,5,1
405034090,229,115,9,15,26,30,23,12
405177882,593,8,0,0,0,1,4,3
405387285,141,0,0,0,0,0,0,0
405391996,883,40,5,3,6,9,12,5
405533713,776,72,4,8,13,11,20,16
406238813,536,8,0,0,1,2,1,4
406276109,347,3,0,0,0,3,0,0
406336313,127,0,0,0,0,0,0,0
407067592,23,11,2,1,4,2,0,2
407147727,23,2,0,0,0,0,0,2
407165509,17,3,0,0,0,1,2,0
407584737,17,1,0,0,0,0,0,1
407661994,264,2,0,0,0,1,0,1
407823917,43,0,0,0,0,0,0,0
407824089,43,0,0,0,0,0,0,0
408068720,885,120,9,10,27,24,26,24
408256672,781,74,2,6,17,21,17,11
408310006,821,14,2,2,2,3,1,4
408351795,830,67,5,4,14,17,16,11
408351887,853,0,0,0,0,0,0,0
408512382,757,33,3,5,9,5,6,5
408552008,797,71,8,10,10,17,10,16
408651394,200,12,0,3,3,4,2,0
408651399,200,11,0,3,2,4,2,0
409319605,268,52,4,11,7,6,14,10
409343223,387,31,1,4,10,5,3,8
409469477,270,0,0,0,0,0,0,0
409900613,846,16,2,0,4,2,2,6
409934687,95,0,0,0,0,0,0,0
409942986,833,343,20,31,88,86,66,52
410154584,88,4,0,0,0,0,2,2
410187905,312,49,4,5,13,13,9,5
410245402,853,119,6,10,30,30,23,20
410276444,475,0,0,0,0,0,0,0
410299018,779,415,28,45,90,93,71,88
410354930,15,2,1,1,0,0,0,0
410359089,805,422,30,34,97,93,78,90
410392940,840,348,26,25,75,84,71,67
410418820,22,2,0,0,0,1,1,0
410578942,71,6,0,1,1,2,2,0
410654298,113,4,1,1,0,0,0,2
411712609,153,76,3,14,15,15,19,10
412063998,237,72,5,4,16,15,17,15
412941718,145,19,1,3,4,5,4,2
412942849,154,0,0,0,0,0,0,0
413024324,835,32,1,3,9,6,5,8
413162396,876,41,0,2,10,6,8,15
413248763,836,0,0,0,0,0,0,0
413376180,831,61,3,5,17,22,9,5
413395842,813,255,18,23,54,54,48,58
414807623,254,13,0,3,4,6,0,0
415345299,871,0,0,0,0,0,0,0
415434817,844,221,14,14,45,54,46,48
415528958,854,35,1,1,6,8,6,13
415783540,830,0,0,0,0,0,0,0
415873588,797,113,6,10,28,27,20,22
415969184,842,134,8,10,18,26,31,41
418295363,47,0,0,0,0,0,0,0
418527327,43,13,2,1,4,3,3,0
418532689,42,4,0,0,1,3,0,0
418720347,8,0,0,0,0,0,0,0
419635446,335,112,7,10,20,34,24,17
419744996,302,27,1,4,4,7,6,5
419994778,820,193,12,13,31,48,44,45
420581415,206,10,0,3,2,3,2,0
420962954,812,307,22,24,73,74,54,60
421191260,776,0,0,0,0,0,0,0
421285598,542,55,4,5,12,12,10,12
421361060,630,0,0,0,0,0,0,0
422038373,487,12,1,1,2,3,3,2
422246362,845,121,5,14,24,24,25,29
422251657,887,52,6,1,12,13,11,9
422252417,901,206,11,17,37,54,44,43
422327572,835,302,22,25,85,73,48,49
422332463,853,401,23,36,84,93,92,73
422844353,232,9,0,2,4,2,1,0
422914426,680,237,18,15,60,56,46,42
423220124,127,24,2,2,6,8,5,1
423275733,780,36,3,4,10,9,6,4
423279462,855,88,5,6,17,23,19,18
423358373,857,294,21,21,66,68,60,58
423363853,780,10,3,2,1,0,1,3
423387084,847,312,19,20,66,70,64,73
423439467,826,166,10,12,35,38,34,37
423524230,815,28,0,0,4,6,7,11
423530755,799,37,2,1,7,9,8,10
423833748,699,233,16,24,49,59,46,39
423987361,290,5,0,0,0,3,2,0
424796997,544,0,0,0,0,0,0,0
424992973,851,31,3,2,10,7,5,4
425064757,343,22,3,2,3,4,6,4
425077106,799,141,7,13,27,29,28,37
425166925,975,235,13,14,43,50,54,61
425172025,881,30,0,1,6,7,6,10
425206121,909,38,1,5,10,10,7,5
425223388,904,42,3,0,11,10,10,8
425549135,749,57,4,2,7,14,15,15
425594181,813,7,1,1,0,1,2,2
425675208,602,30,2,1,5,8,7,7
425864141,649,108,8,7,31,27,13,22
426422372,19,2,0,0,0,0,0,2
426541180,56,1,1,0,0,0,0,0
426588729,238,14,0,2,6,5,1,0
427348923,427,21,1,1,6,5,3,5
427394772,446,34,5,2,5,5,10,7
427398881,332,1,0,0,0,0,1,0
430263572,161,14,2,4,1,3,3,1
432168104,805,0,0,0,0,0,0,0
432610098,233,13,0,2,6,3,2,0
433277449,145,0,0,0,0,0,0,0
434097226,882,321,22,30,61,73,62,73
434106760,852,280,18,28,66,63,60,45
434395855,246,0,0,0,0,0,0,0
434479378,861,415,23,32,86,86,88,100
434515577,845,342,25,34,84,72,64,63
434664688,112,0,0,0,0,0,0,0
435936714,243,0,0,0,0,0,0,0
436103335,265,40,0,6,14,15,5,0
436158814,269,9,0,1,4,3,1,0
436243444,251,32,0,7,11,10,4,0
436592342,235,18,0,4,5,5,4,0
436660156,246,78,0,12,17,32,17,0
436802660,144,49,1,13,11,10,10,4
436863045,50,2,0,1,1,0,0,0
436869712,139,0,0,0,0,0,0,0
436873913,226,5,0,1,1,1,2,0
437212966,838,45,2,2,12,12,9,8
437230910,796,79,1,2,16,20,17,23
437241830,816,226,8,22,45,51,45,55
437242640,783,22,3,4,5,3,4,3
437248515,798,33,1,3,7,7,8,7
437297176,804,82,4,11,17,14,13,23
437322147,855,14,1,4,1,1,5,2
438071843,268,5,0,1,4,0,0,0
438212183,276,0,0,0,0,0,0,0
438490744,234,25,0,9,7,5,4,0
438682877,622,247,16,20,55,57,59,40
438790187,612,0,0,0,0,0,0,0
438790188,612,0,0,0,0,0,0,0
438942374,143,17,3,3,6,1,1,3
439366537,832,0,0,0,0,0,0,0
439458951,812,302,25,23,61,68,66,59
439519959,154,28,0,3,7,8,7,3
440777904,895,50,4,3,11,9,8,15
440788366,899,119,1,6,24,37,26,25
440796977,782,0,0,0,0,0,0,0
441026718,803,0,0,0,0,0,0,0
441105436,774,184,10,16,45,40,36,37
441128066,837,138,6,11,24,36,30,31
441183795,800,71,4,5,15,18,14,15
441387582,721,44,1,7,9,11,9,7
441406061,732,187,14,21,46,39,23,44
441422220,720,79,5,4,19,24,15,12
441422527,738,410,24,36,97,98,82,73
441464221,851,29,1,1,5,8,11,3
442567883,230,20,2,4,6,4,3,1
442829369,202,18,2,5,6,4,1,0
442918617,875,140,7,11,30,33,24,35
443055162,277,19,0,2,4,7,4,2
443117794,282,2,1,0,0,0,0,1
443171652,277,7,0,1,2,3,1,0
443174527,260,0,0,0,0,0,0,0
443494351,139,16,1,3,5,3,1,3
443494454,144,11,1,5,4,0,1,0
443969553,869,0,0,0,0,0,0,0
445921773,239,30,0,8,9,8,5,0
445924091,215,59,0,10,14,21,14,0
445932196,233,19,0,3,6,6,4,0
446832107,175,15,1,3,2,5,4,0
446872386,412,9,1,1,3,3,1,0
447493530,416,28,2,1,6,5,7,7
448727889,93,0,0,0,0,0,0,0
448852739,92,11,2,2,4,1,0,2
448913059,104,53,4,5,13,14,8,9
449351034,648,0,0,0,0,0,0,0
449650980,142,26,2,4,4,9,5,2
450089997,235,47,0,9,14,14,10,0
450104319,238,29,0,3,8,10,8,0
450109281,225,32,0,6,12,11,3,0
450276745,125,35,1,3,7,5,8,11
450637853,133,45,6,11,8,9,8,3
450798369,112,0,0,0,0,0,0,0
450918869,117,11,2,2,1,3,3,0
451112995,121,8,2,2,2,1,1,0
451211626,728,50,3,7,15,8,9,8
451282261,160,47,6,9,10,12,9,1
451960523,135,7,0,1,2,3,1,0
452172479,154,17,1,4,3,3,2,4
452406965,25,5,0,1,1,0,2,1
452500843,40,2,0,0,0,0,0,2
452575636,33,10,1,3,1,3,2,0
452631268,39,0,0,0,0,0,0,0
452734608,823,0,0,0,0,0,0,0
452786194,915,165,9,13,34,30,30,49
452845139,899,31,2,4,6,5,5,9
452895993,955,53,3,5,8,12,13,12
452955107,899,103,9,6,24,28,18,18
453059861,869,93,4,2,15,28,30,14
453095485,320,31,0,3,7,7,6,8
453097744,109,14,3,0,4,5,2,0
453784977,572,188,12,21,43,37,26,49
453785266,571,38,2,4,11,7,4,10
453828065,863,0,0,0,0,0,0,0
453828066,876,50,3,4,9,8,10,16
453831755,234,86,0,20,26,27,13,0
454013359,690,16,1,1,6,7,1,0
454058066,112,4,1,1,1,1,0,0
454190342,899,74,6,8,20,13,14,13
454222105,880,265,16,14,69,61,55,50
454855280,73,2,1,0,1,0,0,0
455064763,777,275,21,23,66,54,49,62
455153566,884,149,14,12,30,29,32,32
455178154,919,130,17,17,26,29,26,15
455206965,885,108,7,11,18,28,19,25
455463415,122,6,1,2,2,0,0,1
455509774,123,26,3,4,6,4,1,8
456517808,595,111,9,12,27,18,20,25
456609929,507,35,2,4,9,6,8,6
456905229,219,25,0,3,8,8,6,0
457172621,299,152,9,21,41,39,27,15
457173024,693,225,16,22,48,48,42,49
457427613,133,0,0,0,0,0,0,0
458199516,161,0,0,0,0,0,0,0
458259927,141,51,8,8,12,8,8,7
458474559,145,6,1,1,1,0,1,2
458808688,164,0,0,0,0,0,0,0
458859193,153,18,2,3,6,4,2,1
458859364,153,43,5,10,7,9,11,1
459293335,166,0,0,0,0,0,0,0
459809633,136,12,0,4,2,1,5,0
459971813,350,119,6,12,31,26,27,17
460820330,766,21,1,2,5,5,5,3
461271719,727,213,17,19,42,45,40,50
461713146,849,204,13,14,49,47,43,38
462267926,145,9,0,1,1,3,3,1
462785373,158,0,0,0,0,0,0,0
464422047,381,51,3,3,14,15,8,8
464772659,232,0,0,0,0,0,0,0
464806209,233,19,0,4,3,7,5,0
464838153,383,49,5,10,17,9,6,2
465088681,687,115,4,29,34,23,20,5
466323338,149,1,0,0,0,1,0,0
467062613,136,12,1,3,2,1,3,2
467167691,107,47,4,4,11,7,11,10
467238286,130,57,4,11,9,14,14,5
467722869,12,1,0,0,0,0,1,0
468162834,99,0,0,0,0,0,0,0
468887783,259,27,0,3,10,9,5,0
468948126,865,55,3,2,11,13,10,16
468958374,886,181,18,16,34,38,33,42
468958384,885,154,10,17,38,30,27,32
468997317,171,6,2,0,1,0,0,3
469441650,748,177,7,43,38,35,40,14
469970988,358,132,10,13,32,28,23,26
469979014,284,91,4,8,20,24,18,17
471013508,284,96,4,8,19,25,17,23
471013547,260,0,0,0,0,0,0,0
661540044,209,94,0,18,24,30,22,0
722865779,226,0,0,0,0,0,0,0
1992266045,805,38,4,5,14,10,2,3
